n_T,n_t,dT,N_obs,Ea_true,sigma_y,sigma_lnk,E_het,D_het,E,D,A,c_deg,c_Ea,cond,lambda_min,lambda_max,rmse_Ea,rmse_deg,relerr_Ea,frac_ok
4,5,7.511064981246172,320.0,37.43344673456789,0.048559398803850184,0.019715176767475615,1.3700443828112223,529.5993437787747,1.542446197804357,540.7612695575123,3.0848672972490174,1.5424461978054596,1.775957361257414,122911.1011052842,1.542446197804357,189583.76056779252,3.099462187391965,3.3258634049233393,0.0827992733175107,1.0
6,5,21.12044230440111,365.0,58.911806228059945,0.012181133474728847,0.0069859863926841695,240.28566985963997,24721.51734556536,197.15155948452153,18770.02742136785,394.259622608367,197.15155948451746,235.53878193912237,9064.197936458766,197.15155948452153,1787020.7586492277,0.2499682381780931,0.2738888885117278,0.004243092415303202,1.0
4,7,4.417849654151652,182.0,55.02521129025287,0.019310062637908486,0.01077716911409535,1.9527053671695267,820.0174829463176,1.2850871849110852,579.2254324514727,2.570161718663994,1.285087184912622,1.4987572350131468,203156.18999061573,1.2850871849110852,261073.41629230196,2.0865841288027203,2.2532803930130005,0.037920510978071184,1.0
6,5,5.847490637190982,250.0,25.42513559449655,0.013745360524407791,0.008078816320063464,7.457172726518528,2960.362785659083,6.964702398252832,2540.198240026391,13.929300083863836,6.964702398262944,8.422881398570304,133024.02794885787,6.964702398252832,926472.7664806622,0.9894109283761072,1.0881445972759982,0.03891467656873666,1.0
5,6,7.9134397205781895,366.0,44.09969327679477,0.06898961334850626,0.03139057243690897,0.8532815357096966,315.38085080210544,0.6351140487253163,213.42375103621794,1.270216848919735,0.6351140487253849,0.7357904272058439,112922.90922181644,0.6351140487253163,71718.9260697092,4.6010975751514565,4.952810550945491,0.1043340040093329,1.0
3,4,34.34599574564014,60.0,17.4449273592146,0.04810466873274664,0.04130186735330671,4.657315941190787,232.31304461219108,3.999682211020243,204.19250105099556,7.996296387258628,3.9996822110200574,4.741630341950312,2606.3252071048896,3.999682211020243,10424.472566991079,0.9943309382210891,1.085391457257216,0.05699828481635223,1.0
6,7,40.2292938699998,518.0,64.15048518589158,0.047661243992279986,0.03299816921270531,42.54404232199415,2329.0684108714026,31.629420701723188,1585.376191869057,63.233672388624754,31.62942070172419,36.98389391337852,2512.361839816943,31.629420701723188,79464.54958652536,0.6491476390082944,0.7018851692194521,0.0101191384153562,1.0
6,4,16.287241826477217,276.0,27.676385075674794,0.007483994541056009,0.004357047598837688,400.5233553832111,49649.66434361648,231.95483302399,31327.58854667876,463.88423510096925,231.95483302399026,270.0159696205031,18240.934358229577,231.95483302399,4231072.883264704,0.1863776857111186,0.20121398249974792,0.006734177357393717,1.0
4,5,39.70429463852528,290.0,48.40486092361732,0.059958874110165365,0.03934737610884339,28.700193453745616,1544.5574818632679,20.176789494685476,948.3275276221905,40.335320160426406,20.176789494685618,24.00602611128912,2209.085822661939,20.176789494685476,44572.25961954403,1.0817152526520164,1.1851043765419962,0.022347244305875785,1.0
4,5,25.238197269913712,290.0,27.195424246486027,0.02041738565372743,0.009315893646597143,118.54609800139517,11356.835151919548,94.86261945067105,8587.191612886574,189.70208841978288,94.86261945068641,110.33755539872381,8194.304195472823,94.86261945067105,777333.1605581756,0.3742094697474962,0.4040462501586952,0.01376001588928507,1.0
4,7,33.42856916765485,217.0,27.752275330876937,0.009211499950110514,0.005983970235145141,212.53970110743808,30989.87145595989,243.92946667700858,15834.629307815936,487.74318789991673,243.92946667702094,289.6229396211328,4213.929536901223,243.92946667700858,1027901.5845508092,0.16105765209481535,0.17536909169177164,0.005803403511049201,1.0
6,4,7.926204094053059,288.0,60.1787372264757,0.048255878127939876,0.028494425596602993,2.6703515144077348,644.7430238386985,1.5151142345724147,397.8030104235075,3.0301845125808446,1.5151142345705575,1.784528333267411,68935.88792894919,1.5151142345724147,104445.7450740396,2.496611343065958,2.709431238129176,0.041486602380343254,1.0
6,4,3.6871714329833356,288.0,65.29462114724018,0.027882111665891964,0.015327392692819783,1.1879091362042615,743.9126412080665,1.156167390093054,655.8479615155093,2.3123275942241226,1.1561673900891831,1.403493540748885,321784.3470279985,1.156167390093054,372036.5686761586,2.7799031733109536,3.06311246372431,0.042574765340045964,1.0
6,6,14.482878609850744,474.0,64.14887149073888,0.009976126765149333,0.004538648205651499,189.23716140099842,36577.988919189054,187.40638449993145,29105.710259176456,374.79723051247623,187.40638449983254,220.89320432605808,24120.574027435116,187.40638449993145,4520349.570544565,0.2874603492858716,0.31230268832135,0.004481144291484099,1.0
6,5,10.389672542040337,370.0,31.489499504284225,0.027108817310686244,0.013103095552329136,5.563323964672667,1880.05320475926,5.7391312306752,1692.055442742319,11.478130412603573,5.739131230675676,6.642709724228643,86923.43248413235,5.7391312306752,498864.9860471712,1.3826002986486532,1.4878074502385843,0.04390670923367794,1.0
5,7,12.73884789069173,441.0,42.63510060036486,0.06304003580443467,0.026984609123854798,5.17669755215865,944.1972533963468,3.413861859673542,586.093366416895,6.827492076184298,3.413861859671972,3.970318301466073,29474.179538349814,3.413861859673542,100620.77737114276,1.7378017332506996,1.8749179777315548,0.04075988349458305,1.0
3,6,11.748725999412368,300.0,58.7677165829838,0.007369236513937949,0.0027368306296996366,256.4464912473114,46970.8213283029,305.67508927330783,49101.0451444939,611.3264859951046,305.6750892733418,361.16637640154704,25802.475683286797,305.67508927330783,7887174.057961046,0.24617979193953307,0.26780525572311986,0.004189031091448165,1.0
3,4,23.5168482110319,124.0,60.927720707486436,0.04801543417527764,0.03573906058268967,2.6810406132380056,271.7183964865133,2.870751817129155,284.6678848668939,5.740919791594667,2.870751817128933,3.3388854570615436,9832.991237986105,2.870751817129155,28228.077464263668,1.5745990317048801,1.7033538667338286,0.025843721272038375,1.0
3,5,3.200193997740797,195.0,39.08105817439628,0.014987750474045481,0.006583869461280054,2.5461980631436387,1671.0135208923427,2.6548163628290755,1675.8507959238366,5.309619400808282,2.654816362818928,3.1215372077541024,398475.5956540982,2.6548163628290755,1057879.5315305623,2.001059589391908,2.1699059955032434,0.05120279958803393,1.0
5,7,2.1383519409668033,469.0,55.266950753666514,0.008926775672575802,0.0034218907131633564,4.343835589880832,5898.509515857151,4.274782381199194,5350.24048290291,8.549559304449899,4.2747823811722485,5.002695551152896,1566457.386017173,4.274782381199194,6696264.434645556,1.5328921260206194,1.6582934753445278,0.027736144388586962,1.0
4,7,32.11957315730244,182.0,25.221284739703304,0.01642437954838729,0.010062946513480962,53.60231605351672,5550.032847931289,50.82917070364968,3916.040777588299,101.64121755408894,50.829170703645225,59.72709493168816,5935.6510686086185,50.82917070364968,301704.2214036081,0.3857336503917749,0.4184849403315041,0.015293973101400089,1.0
6,7,13.25513749255725,413.0,55.9812118335507,0.0711491611978043,0.033231864590070666,1.8754083388685143,405.6641526429398,1.9911855655615913,356.5048195395571,3.982246902737208,1.9911855655616366,2.378965907523907,32055.853165927405,1.9911855655615913,63829.152115756486,2.0127918253740797,2.2014113901547847,0.03595477410097385,1.0
5,4,14.377138573978245,208.0,47.016446241585356,0.04998670566602545,0.0325681427900409,1.9935809515618146,412.66075822581564,2.0350805690447262,342.99283327142274,4.070017856812342,2.035080569043859,2.3996767000309074,28405.790262000748,2.0350805690447262,57808.07181055762,1.8987987292860906,2.0635251210714967,0.04038584114863686,1.0
6,6,11.845989307287901,534.0,15.13628041177565,0.01431350785823582,0.0055276555872597445,100.89222290246548,19742.99219409114,102.0135513430324,18927.044563014373,204.02117581657964,102.01355134307632,122.98653154284118,34423.091871109,102.0135513430324,3511621.849979299,0.37156937063442713,0.4080819607877428,0.024548261562685865,1.0
6,5,25.67658515172664,325.0,36.815082834289164,0.0066454883600093224,0.003859648088086719,1019.338926878494,83801.89342439384,815.3351537018657,64686.55966445224,1630.4112825723407,815.3351537017809,958.981366441751,6294.420789257846,815.3351537018657,5132062.541673765,0.0979191994146195,0.10653925220883359,0.0026597576828869345,1.0
3,4,31.274324842743447,104.0,56.4493105393526,0.0584876879031798,0.052529218941298084,3.6793672154724453,229.1578870437799,3.0595275219210505,184.30306820081097,6.117369235135229,3.0595275219212494,3.6049037123142234,3628.744595250865,3.0595275219210505,11102.243959192285,1.5564908005746638,1.6955589576655155,0.027573247320524574,1.0
6,7,4.4206267974964515,476.0,19.268478174275785,0.018323052085537573,0.008227854497963141,4.963292339168757,3180.7792478614256,4.0097518152775855,2180.8238418712754,8.019476519898953,4.009751815271429,4.734841725673749,295805.46106796816,4.0097518152775855,1186106.4844863084,1.497778824628739,1.6275933057264318,0.07773207676713854,1.0
4,4,9.660052317066658,164.0,13.877548090978328,0.03209237462086283,0.018990892479590474,7.77073801173179,1188.181249658597,5.4683598806571245,868.3437388184013,10.93628605006592,5.468359880656043,6.632698367084722,25215.592509311628,5.4683598806571245,137887.934444918,1.2164657538397166,1.340888487760627,0.08765710958915936,1.0
6,5,14.915549915916138,355.0,21.014329033135148,0.03738703201885416,0.019354634571474617,8.34859386753203,1668.676993054811,6.63217447334608,1214.9531156431165,13.263953702189719,6.632174473349115,7.788084256634541,33558.8563954881,6.63217447334608,222568.190740843,1.33309290075633,1.445549156221227,0.06343732881760462,1.0
6,7,32.35587183262808,602.0,41.75123771696296,0.007419370830152974,0.0033132015168488055,1671.8450466718052,153538.00696148162,1387.2970400845393,113266.82769981338,2774.1779130591863,1387.297040084566,1637.5807568299513,6666.019122508993,1387.2970400845393,9247748.597803663,0.10129757675943785,0.11013421143939847,0.0024262173362655072,1.0
3,7,3.304652130501527,252.0,21.361945398232216,0.015218711317406843,0.0071703694584712594,4.063501248388106,2570.337728112059,2.2823938179839827,1362.155739317567,4.564774820131043,2.2823938179843024,2.6499281312438887,356182.3250448092,2.2823938179839827,812948.3367574341,2.105004796382544,2.2677055190112747,0.09853993899622744,1.0
6,7,15.550511883708309,511.0,67.64189181864474,0.025654871519362448,0.013177479908878771,33.71381391782069,6280.242417840198,16.993350141694016,2899.05514397093,33.98553256224639,16.9933501416886,19.991934395650873,29104.15138131059,16.993350141694016,494577.0349994784,0.9894873170121781,1.0740833089086956,0.014628321154368377,1.0
5,6,33.824793427943106,336.0,19.115675240236587,0.009740836654921693,0.00440090752956763,806.4873942082054,57966.87352156588,674.7133473416004,47720.38543810132,1349.1569870711462,674.7133473417442,787.5975299325964,5002.294801233583,674.7133473416004,3375115.0697297966,0.12190182657100287,0.13193701936458915,0.0063770609742527795,1.0
5,4,2.5008872882201985,216.0,20.889576433510726,0.03301667691438034,0.020386846270036132,0.10894832239046222,159.3644688822118,0.09679282714239038,120.40724593195837,0.19358552919839767,0.09679282714872132,0.11158648107592935,1547458.090038654,0.09679282714239038,149782.843419205,9.44517021160673,10.14086524476812,0.4521475215962224,1.0
4,7,9.466740585996108,196.0,56.40973850686279,0.00530280070006921,0.003435389690612496,116.19188079837681,26196.629873133905,62.14821830241533,13329.179180511248,124.29373451500413,62.14821830243893,74.88602816574893,45999.11191783715,62.14821830241533,2858762.849186978,0.35066028832885726,0.3851823013246355,0.006216307637841577,1.0
3,4,11.576563076682074,148.0,66.68351620729628,0.02093186259747788,0.011375688665872049,9.897901396814941,1803.1908578056284,9.155758445151328,1739.9831526359778,18.311009886923202,9.155758445156547,10.588727152501445,36116.14883069927,9.155758445151328,330670.7346630171,1.024272846551727,1.1026506687695274,0.015360210510909661,1.0
6,7,26.00775626079622,441.0,22.05442859345768,0.020152369041073658,0.009046443475021393,110.90272299587242,10848.177545837596,95.14369452503456,9236.02959842149,190.2671982599338,95.14369452501971,110.81175430992641,9423.464721500251,95.14369452503456,896583.2488298599,0.31028060221289866,0.3350768925487485,0.01406885700520673,1.0
3,5,3.5540378956026544,235.0,17.56000597652352,0.05137419401031876,0.02077831387978235,0.25076150617934684,184.78151361555007,0.3100957989557144,197.2172041670193,0.6201900646153278,0.3100957989573791,0.3572829919350272,404480.72457769304,0.3100957989557144,125427.77345010597,6.545142801147493,7.025498793381073,0.37273010099756704,1.0
4,6,5.658284722095916,288.0,48.39542997931988,0.008373693592750657,0.0041621785632739265,28.852117665180604,12947.431869226013,27.729413926059006,9618.31719257337,55.45836690567558,27.729413925953022,33.38861228873466,120314.17818596378,27.729413926059006,3336241.648092209,0.514074410172882,0.5642043839692269,0.010622375096007082,1.0
6,4,3.870206500967946,192.0,55.04228690384817,0.016318420799359926,0.0117654782276765,1.2884411481193276,1052.112929816735,1.1471318152355017,694.3175246903597,2.2942573679082954,1.1471318152386978,1.390254103900429,366344.4397031198,1.1471318152355017,420245.36211807263,2.253135498854394,2.4804751464665067,0.04093462727648532,1.0
4,5,3.542640979323636,130.0,16.605899096327477,0.013512185870903389,0.009117705559727282,0.9782781777098145,768.7954655946847,1.0630131278124813,635.6146760396227,2.1260203091741894,1.0630131278056631,1.291771240257577,357528.42583852704,1.0630131278124813,380057.4102324854,2.0829303170591693,2.2960676092149743,0.12543315510810404,1.0
5,5,23.057881697263888,335.0,60.60658387157015,0.010472693122693147,0.005444094900145883,433.8843901610518,36817.10959520316,314.5032284269893,28678.872578274546,628.9308207857662,314.503228426997,363.8318546599842,8315.223616471836,314.5032284269893,2615164.672472738,0.18176737411970262,0.19556383965355395,0.002999135778793954,1.0
6,4,34.47904322289874,296.0,62.63007419417968,0.006222024962719955,0.008381543424735073,387.5514443549898,36841.23961197376,351.22744483767093,20852.400661798503,702.2556572540223,351.2274448376699,412.78927120593175,3524.806116439762,351.22744483767093,1238008.6458253316,0.2454611169058625,0.2683362386084682,0.0039192212377847325,1.0
3,6,16.959256977973677,186.0,23.934698230740974,0.010756074534911158,0.004783166107966137,162.6192098492486,18060.30330795224,142.88814356518043,15091.052288147992,285.75066940324217,142.88814356521377,168.07699707431462,11154.411448603478,142.88814356518043,1593833.144453146,0.25239355115445317,0.2738600419002267,0.010545090174994847,1.0
3,7,10.420726517406328,378.0,66.85476719658348,0.05306235469232196,0.01723918006874998,6.1466318054809195,1182.084759330121,5.9426398033638925,1123.0497062577,11.884946826041785,5.942639803359356,6.9412455718070865,35714.053279269196,5.9426398033638925,212235.75455684387,1.6403265040112884,1.7737226000866533,0.02453566997231448,1.0
4,6,21.196867283064613,270.0,36.94459233625937,0.03187253247755445,0.017334135494944114,45.18559203540208,3647.670123182774,24.498311117657792,2085.121462640931,48.98985960310594,24.498311117660545,29.030504110953697,7244.199897985559,24.498311117657792,177470.66289935505,0.5503873473467144,0.5995713243979987,0.014897642998391816,1.0
4,5,19.866921584550262,270.0,29.803389768008547,0.007130652748443861,0.003336563273130445,837.3853965531159,80415.36379626549,628.4359921894146,60133.324096350625,1256.7347271287795,628.435992189332,745.4789653770405,9156.053528599188,628.4359921894146,5753993.583784621,0.12982843251821258,0.14152029950072537,0.004356163293128911,1.0
6,6,3.6474266108410305,492.0,22.466591537106446,0.010515190412208967,0.004345969296648321,18.623129604258864,11462.957382364259,13.764645014815612,8383.756930673255,27.52921582212801,13.764645014704149,16.189625843876474,370977.29105128447,13.764645014815612,5106370.719878863,0.8580722872667692,0.9306270327851706,0.03819325623335223,1.0
6,5,5.1648115279505085,275.0,23.473035389073083,0.00993341305022928,0.005806306082690354,4.5962188225229,3728.2422257606327,4.31897032384442,2850.3548542923677,8.637920815473562,4.318970323857409,4.980065151053185,435549.4017994563,4.31897032384442,1881124.940940041,1.297901386040194,1.393731129571777,0.05529329140978415,1.0
4,6,11.761947416560266,240.0,61.88285683226682,0.019908376616512,0.010425336548782308,14.330235072586712,3124.3119514835676,14.761869627559086,2560.7789574862404,29.522758195333527,14.761869627561206,17.818221810182198,30092.720677925343,14.761869627559086,444224.8193860854,0.8274830492128733,0.9097449051609506,0.01337176548677709,1.0
6,7,10.564784648198732,392.0,41.8205651628452,0.007714004539851029,0.0036626285955275203,190.83482445198862,33725.4905374132,175.24826005633858,29671.760724505897,350.4842939727217,175.24826005621614,210.9037844919206,28666.799354857136,175.24826005633858,5023806.708322883,0.20686126168895266,0.2270566574632981,0.0049464004344143865,1.0
5,6,28.55063039770466,420.0,28.203283435154948,0.07969826164645964,0.03477072545503522,4.978187846697858,720.9883807776536,6.528706620282515,670.4398574538948,13.056175155102293,6.528706620282133,7.763349065280237,10545.455508589619,6.528706620282515,68848.18519282376,1.357169873487909,1.4814371236020285,0.04812098834549945,1.0
3,7,12.566567803068937,273.0,68.51584004909706,0.01282108882659099,0.005307988519964787,55.776818107031424,11243.10365395784,57.760895735053424,9682.509160918675,115.51768053652512,57.7608957350813,67.72845611867436,28100.10832661756,57.760895735053424,1623087.4271974633,0.46290612339531545,0.5016647945857364,0.006756191313769287,1.0
5,7,16.569227602328514,483.0,49.44166744996111,0.011762651724445931,0.004515070311656705,275.13297505766485,35746.445344929416,253.3369279770221,31961.910525186206,506.6420262393556,253.33692797713715,301.8181881821211,15917.265597071466,253.3369279770221,4032431.1681564255,0.22507409519611796,0.24593853414623815,0.004552316028255132,1.0
6,6,5.644903369688599,282.0,24.733347509524265,0.03473734766074875,0.02218785199000653,0.3138446524704157,296.60747579767565,0.3213946068222267,189.40197902197667,0.6427873627714077,0.32139460681976245,0.37575233445523376,347289.6619519638,0.3213946068222267,111617.02435647543,4.051788496823666,4.380529541595309,0.16381884802546084,1.0
5,5,8.14252902213602,340.0,46.95434976327637,0.04959379428574277,0.023197923790823742,3.163123348979438,824.24199765709,2.202470986444759,568.3033057132974,4.404875813164429,2.2024709864451046,2.5559343024254577,66579.41460937029,2.202470986444759,146639.2289716144,2.143667512701463,2.3096687209246847,0.04565429025231767,1.0
6,6,2.4758089690655964,540.0,55.63679776322852,0.07601032876192847,0.03029501758354826,0.12648265912825152,134.88161453022465,0.11310247731603985,114.32419584010444,0.2262047332362091,0.11310247731606445,0.13328344785970292,1021720.4251751413,0.11310247731603985,115559.11121170601,10.626744496658022,11.536282788845845,0.19100208717766015,1.0
3,5,14.423078618532916,230.0,36.913829443390085,0.03381528190323531,0.015402617628562711,10.41332054200816,1930.8853168858684,10.127423401974125,1521.9229528838766,20.25394994874194,10.127423401973358,11.945836611628922,22583.299780080422,10.127423401974125,228710.63868658358,1.181860241016923,1.2845447345710095,0.03201673353422699,1.0
4,5,20.435965292754886,235.0,42.368313052669116,0.03423042549055948,0.02056432435847929,18.56663638220047,2274.1477380177657,13.516996811017142,1324.5900758383052,27.031178725650793,13.516996811016668,15.786797072253815,9602.903642654192,13.516996811017142,129802.4179142616,0.8990392089282994,0.9735227201288019,0.021219613058718695,1.0
5,6,9.608888972764339,342.0,67.5044263322512,0.011454565258166332,0.00578192453181135,34.62401123284388,10197.077565966281,26.650555260436157,7284.1792335123955,53.3003970410197,26.650555260442047,31.119400989549007,74704.83709647896,26.650555260436157,1990925.3892615936,0.5720488381823186,0.6183443377930435,0.008474241901808654,1.0
4,5,2.055780317496517,200.0,54.07177644781874,0.035290915854478244,0.019825682527218655,0.09565413021369548,131.92082690992152,0.08809902406574593,103.58099512483037,0.17619792065942685,0.08809902406101967,0.10542811987189317,1382349.8293078789,0.08809902406574593,121783.67087947461,10.104002334833053,11.052981518286758,0.18686277756351852,1.0
3,5,28.791630911601693,180.0,61.51418078633634,0.07489658103329061,0.05179496340989134,3.366351914851447,314.88503552475066,3.2245878254056746,225.96843261817668,6.447862638947279,3.2245878254058558,3.80511780490924,4910.742098848981,3.2245878254056746,15835.119185655534,2.1580144320927395,2.353576454284979,0.03508157638623844,1.0
5,5,54.92174932026687,255.0,65.24400690223787,0.04739521551066274,0.2518735892851171,8.38814265457088,690.3537603934345,0.5769619340115361,23.41432960586355,1.1532236320792746,0.5769619340115411,0.6819594335467037,1646.9072207412808,0.5769619340115361,950.2027752164531,11.420951302078134,12.51124707909277,0.17504981444795958,1.0
5,5,37.1228609628379,440.0,38.102937649792736,0.0053456051913568685,0.002380845122660096,4724.784247787619,331406.51600411657,5161.825285009659,306784.4443614652,10320.728771283819,5161.825285009641,6062.423718338919,3532.3202265828563,5161.825285009659,18233219.860326435,0.06092647075110514,0.06619681236898356,0.001598996678709799,1.0
6,6,13.340455408938208,324.0,67.75478253668808,0.06311290012836863,0.03575185145099416,3.6118395400418346,501.10778682414923,2.543707977584422,358.7932583704465,5.08716026067459,2.5437079775839644,3.0471361734730813,19895.462723047716,2.543707977584422,50608.24724634996,1.7193450490314033,1.8845295424817072,0.02537599538601436,1.0
5,4,15.700121828570342,232.0,48.76450478953053,0.0333155651420542,0.022012974528029805,13.934766432706423,1910.1277504973093,7.8656119278565635,1066.4170040669765,15.73036810002518,7.86561192785593,9.501312254855614,18381.84466064458,7.8656119278565635,144584.4566187725,1.3671728896677335,1.5047298558098847,0.028036230359941194,1.0
6,7,9.897799509077133,630.0,55.60396358252836,0.005745635540850743,0.0021466505869525056,454.6595667848746,118414.51645654828,360.31918776251393,90762.21457162427,720.6270182244845,360.31918776296044,421.7842685038691,63450.549610257396,360.31918776251393,22862450.49865304,0.2209239006493237,0.23911553976785702,0.00397316821347501,1.0
6,5,11.212446841784896,345.0,45.66220153927875,0.006788768728173868,0.0036796148904435235,96.38530483877162,30284.64427964709,78.4788791457793,21514.894879012223,156.95566993776208,78.47887914592187,90.8310012522534,75157.59483400648,78.4788791457793,5898283.801865442,0.33537540752178935,0.3608067235916743,0.007344705165678412,1.0
5,6,21.582726355523743,354.0,20.63049046431555,0.011162012273946136,0.004872223623384057,289.4918811491799,30889.096151122347,324.56002197765457,30957.70802706151,649.0487045087416,324.5600219776432,385.6026541633744,9098.033920159385,324.56002197765457,2952858.0890803766,0.18601039998976296,0.20292657413005755,0.009016285885762346,1.0
5,7,5.4403526994220135,490.0,56.11977930064127,0.041333276830408654,0.016890209708095228,2.750907197689798,1058.3232101955757,1.9951560639468526,764.3605439313881,3.990284940908124,1.9951560639492207,2.381050273359846,146771.852795657,1.9951560639468526,292832.7521219699,2.4615961448920802,2.690236075174159,0.04386325419608256,1.0
5,4,3.3871242569492814,192.0,64.9583463517004,0.018889028953885122,0.01268012555357649,1.029761630453944,817.458203353147,0.6789490236130429,490.63335498731175,1.3578954469269509,0.6789490236226747,0.8063433519435182,522203.5300386173,0.6789490236130429,354549.57684700354,3.3553922086601657,3.6569025493683203,0.05165452012114426,1.0
4,7,12.15108787596915,441.0,61.23866340102747,0.013616604091789301,0.004843386839167883,114.06276567033787,20181.055808112957,125.65340239188606,20074.052751657822,251.2969586527742,125.65340239195753,150.04719717567215,25522.406218126856,125.65340239188606,3206977.178535469,0.3543112117381604,0.3875132102383702,0.005785743712561429,1.0
3,7,17.94640279839311,161.0,67.58832979724511,0.011861888924063499,0.007609163447838438,26.108830634465633,5892.13491968848,39.27794352879525,4277.628264195412,78.54926438137173,39.27794352880013,46.06298430373199,11860.652955212632,39.27794352879525,465862.0569894802,0.5016399925312772,0.5436019673754254,0.0074219912525745535,1.0
6,6,6.0341858030025755,444.0,16.62275324293427,0.06927777099918266,0.030200706303376044,0.8483848494668832,299.66233436187304,0.6609481194300557,249.00652519000613,1.321886925473701,0.6609481194297517,0.7642297428461587,141934.08857139916,0.6609481194300557,93811.06892428524,4.057247798394861,4.362338688451291,0.24407796585198363,1.0
6,6,8.847651995434894,402.0,22.504333368061026,0.013125560422948233,0.006531465647647783,44.93413398312539,11894.090716667873,24.592460374973612,6711.826924625044,49.184260438862985,24.592460374989244,28.68322563462985,74486.4947512122,24.592460374973612,1831806.170639866,0.7321819798325092,0.790838227960181,0.03253515524577363,1.0
4,4,34.182660867017205,152.0,19.31706157486677,0.05308347677544009,0.03673804369731055,5.239407899485792,564.1122864140419,6.778535038925074,473.34763064733437,13.55429044098347,6.778535038924239,7.958090457035685,4876.281003325287,6.778535038925074,33054.04164068517,1.2268666535596868,1.3302338057976724,0.06351207448424508,1.0
5,5,51.89882949896431,210.0,13.913966450780316,0.00572925491921256,0.0037590211963585097,1233.421783937212,91609.13832896978,1271.1618963747824,66955.38304034171,2541.407772470315,1271.1618963748615,1508.2427857156224,2774.4012109781634,1271.1618963747824,3526713.104651495,0.07172035015634771,0.0783081159079853,0.0051545582210546104,1.0
4,4,19.320652760496955,200.0,50.55260169703285,0.043567499736728486,0.027787062468386553,10.13519666705614,1245.5780008242373,6.526278005043008,700.9775032969104,13.051424701971735,6.526278005041997,7.587932012206065,11536.578373801702,6.526278005043008,75290.91769439688,1.2336937661080631,1.3329962755334812,0.024404159720635584,1.0
4,5,19.864705025570576,210.0,64.20612953698793,0.06996779646445783,0.04752065671540351,2.096441719471708,356.0091338934986,1.7275182598027619,195.89760870168394,3.454767857819765,1.7275182598018557,2.063354485645349,12859.171137293326,1.7275182598027619,22214.45294560287,2.747644310876713,3.006281610323893,0.04279411219288413,1.0
4,5,5.4561668039167746,270.0,31.29856655955666,0.008494850228692208,0.0038006235688483056,29.227681397013647,11911.236093290552,28.181659180165745,11129.85166727532,56.36295699360462,28.18165918015395,33.13558995356969,155971.63900327243,28.181659180165745,4395539.57216207,0.6461225393563346,0.7006649258380858,0.02064383805331329,1.0
6,4,4.442339700547407,320.0,54.56649362248887,0.0086461192985215,0.0043650951564245906,13.046794500978688,8600.391032872398,12.63240295837414,7836.7479258358735,25.26474026954198,12.63240295828157,14.62746943364002,384857.37547519454,12.63240295837414,4861673.448504955,0.9384774307163903,1.0099371218284643,0.017198785709214216,1.0
4,4,12.42723605444441,124.0,42.32686214468872,0.07275532689407184,0.056915057817977496,0.28696138933819754,79.52094457360126,0.26245982087444397,53.834098558883824,0.5249071652346744,0.26245982087445935,0.30283604063547,42071.61992127968,0.26245982087444397,11042.109828436753,4.5871382048986,4.932088886040218,0.10837416176087142,1.0
4,7,11.990758697265727,294.0,19.01530281319083,0.056774052247852445,0.025735510687873896,3.0694238949235704,539.9252948257098,2.4294576083668433,425.1412592940774,4.858756553144795,2.4294576083682102,2.8502489883116975,30623.008740334753,2.4294576083668433,74397.3015752906,1.9606709145459416,2.124476794997596,0.10311015994895611,1.0
5,7,6.461425615182108,539.0,40.17261876897032,0.036239605103222064,0.01346008245975347,5.2787134736442125,1773.5817290562745,4.089587613797518,1429.5849475932778,8.179108293863154,4.089587613798968,4.80866640267107,122197.10017394916,4.089587613797518,499735.74731335696,1.6786248866383278,1.820319812598841,0.041785298994122644,1.0
4,6,13.903674414281669,264.0,54.303409714019246,0.03067449488775494,0.015214102961903531,5.105697521277505,1164.3468461256166,6.349313786638948,1188.2884930354342,12.698265034748216,6.349313786645796,7.428203769758697,35025.97245637451,6.349313786638948,222390.88980769477,1.0168478339112794,1.100328523408053,0.01872530360922741,1.0
6,4,3.6311924341710915,316.0,67.79678415629824,0.008983720729519215,0.004391215170360611,10.953721328885914,7679.776017534024,11.85020812833557,7613.09338334112,23.70035883391456,11.850208128370392,14.147009946563259,412734.10583077953,11.85020812833557,4890985.055757217,0.9741477763177174,1.064503645528895,0.014368642826360668,1.0
6,5,25.06884302097791,440.0,56.88741209048916,0.015068992324414358,0.008204667764280879,195.89542287495328,21314.280712701235,293.238750455731,21298.922320809957,586.3663542292244,293.238750455764,347.0200646870841,5275.608250981537,293.238750455731,1547012.7714117705,0.2684474963318869,0.2929862834848643,0.004718926146699647,1.0
4,7,7.967204740562231,399.0,66.43306066089967,0.021561678928292936,0.008054765747058724,6.134450028749297,2769.453827509733,8.521932309159547,2946.8351656084837,17.043722080904747,8.52193230916617,9.884225867594823,119573.66124016259,8.521932309159547,1018998.6470470403,1.3581691269677907,1.4629089557759993,0.020444175135937468,1.0
5,4,12.933035968082102,284.0,26.666583969177395,0.06942723753535496,0.037248275509458695,3.141364177921527,535.88455786435,2.0739921277016484,352.047896049272,4.147840298422289,2.0739921277011906,2.421907206727786,28813.054398280394,2.0739921277016484,59758.04799707289,2.4659954408513003,2.665407484432649,0.09247511581166992,1.0
6,7,4.970728005922763,371.0,24.88375465841696,0.039441007912517145,0.01924805135996686,1.3381916077317293,573.82964025847,1.1025279694664516,434.5386188049737,2.205041743804844,1.1025279694660084,1.319940720867002,155337.93512434143,1.1025279694664516,171264.41819375154,2.560810612236828,2.802655783194743,0.1029109411899233,1.0
5,6,4.3016707751536245,324.0,51.80867892570692,0.0728363558537071,0.03787658857917583,0.25885529251329104,143.30810816295536,0.15097604384175153,81.18048502345626,0.3019510433264505,0.15097604384214736,0.1750859257738133,289126.03570524434,0.15097604384175153,43651.10504242679,7.623740772726713,8.210115126415719,0.14715180797524433,1.0
3,4,11.223818100890682,184.0,56.45386973477158,0.07374020372682505,0.036174076426137985,0.990930429411572,208.73305195747687,1.1195922274072114,214.6890890126917,2.239123560341479,1.1195922274063008,1.3111640052307418,36770.55599720082,1.1195922274072114,41168.02869190766,3.360544238829997,3.638939731608708,0.05952726101183707,1.0
4,5,28.09335409034309,195.0,52.76155485743635,0.031408130321361485,0.021289277420783747,23.098065313135084,2129.221491181739,22.641729540150653,1520.8370527495774,45.27342454711575,22.641729540148326,26.879587850889987,4511.76190570445,22.641729540150653,102154.09281851487,0.7504701668546853,0.8189626671583337,0.014223806877611607,1.0
6,4,5.477575788074418,276.0,22.35105625436289,0.05244608488304513,0.03192790550197784,0.3131973092941419,203.33708395101863,0.251387076215741,140.532166313918,0.5027725436190308,0.25138707621675216,0.2917717565813546,312511.20121898776,0.251387076215741,78561.27715911045,6.5938670752091815,7.103732327904029,0.29501366737073415,1.0
3,5,2.647876239202109,90.0,64.02752689921606,0.03352397965010028,0.022326895305921798,0.039225165845657946,43.78207581325029,0.045113452401891026,43.3732897983959,0.0902268071903202,0.04511345240113512,0.05209894088787595,924341.8165024454,0.045113452401891026,41700.25054186056,10.659644716057075,11.455526158866702,0.16648534204415116,1.0
6,6,29.505167182010368,480.0,42.75305421844135,0.05003771316148142,0.023022616297553283,30.536298550443366,2706.9187374813764,28.92671536754884,2267.3907731731815,57.84401609044004,28.926715367547864,34.06215445651982,6144.046664106975,28.92671536754884,177727.08905756043,0.6428866967713405,0.6988904179722628,0.01503721099050823,1.0
6,6,8.868082198611315,402.0,65.81039428891584,0.01686281676058254,0.008694333032503082,10.858116812927785,4355.75938411953,8.059188804813,2886.753412969075,16.118251983096357,8.059188804793145,9.401932230427747,128302.97170078731,8.059188804813,1034017.8731552241,1.202947592431768,1.2995967447312842,0.018278990810337317,1.0
6,7,10.684095428608336,385.0,40.44422299326247,0.01596455113634376,0.007816487344565434,43.437068977838486,7974.458775782716,32.14294985556721,5907.081650784814,64.28399631854982,32.14294985558515,38.76203028534837,33773.37687823454,32.14294985556721,1085575.9594502659,0.498992603796018,0.548154227883218,0.012337796769618848,1.0
5,7,7.676577440724529,343.0,23.184142137020682,0.021446188399371038,0.01020088266101457,14.656351029433594,3437.8770130230737,10.552877543859115,2451.342707331933,21.105363952805543,10.552877543857775,12.761081638836057,53959.294894351544,10.552877543859115,569425.8313730742,0.9488652408983979,1.043582286588807,0.04092733883749099,1.0
4,5,2.7714050101644014,220.0,14.459590468207592,0.014534947178083764,0.007411151757715317,3.512383969281271,2093.8767612649294,2.387366708009567,1516.6893931128348,4.774721585797113,2.3873667080112715,2.871521255793793,403603.6010928012,2.387366708009567,963549.8004817273,1.849124300090771,2.027905868138461,0.12788220414377946,1.0
6,4,38.09735421950845,256.0,44.69176360979896,0.05949034296789199,0.07784194919580943,5.314733080114662,655.4996150650443,3.2412722406792875,200.70245750798153,6.480854204324804,3.241272240679202,3.8137551855201868,3834.196451532222,3.2412722406792875,12427.67452366242,3.115470365531076,3.398044785619525,0.06971016835970172,1.0
4,7,9.539903705582299,224.0,52.059503407512345,0.005287161952786951,0.0026126931364065242,205.94206780583866,37159.507169185614,170.28547591754565,31009.58824852628,340.56068213555346,170.28547591737006,205.1251112870524,33161.699865221395,170.28547591754565,5646955.843784035,0.19590672103636103,0.21511838550692705,0.003763130806355158,1.0
3,7,7.155243730162461,392.0,13.210777178056256,0.008296376173398706,0.0025812512227433378,112.02921259531138,33302.98224152363,110.44650278131998,32875.24896606925,220.89051244439457,110.44650278138408,128.5910147082053,88600.09006499316,110.44650278131998,9785570.093788467,0.36941438686195777,0.39863386714045485,0.027963107838619293,1.0
5,6,10.467793010267641,312.0,24.690724984868492,0.031959648709523544,0.016910285010360418,1.7293759002132152,804.2091643070826,1.855808474351822,626.1939283020942,3.7115843494252254,1.8558084743499519,2.1563349186234206,113854.81382977948,1.855808474351822,211292.72835105378,2.0200819932680303,2.1773006235581636,0.08181541832028104,1.0
6,4,33.35891164322786,364.0,67.84411103742663,0.031146608544181376,0.16798865534029558,22.01654563281723,3647.1382784607786,0.7854263264274446,54.76598473374314,1.5705296285204555,0.7854263264273817,0.9301228578702483,4861.954539385216,0.7854263264274446,3818.707093126569,15.889279092015773,17.34276922776348,0.2342027752895215,1.0
6,4,10.909959382883699,228.0,34.50540060779724,0.015323405111287651,0.010720288450174252,10.428357163925629,3347.419812936771,8.039630424812122,2156.935284000982,16.079037462588897,8.03963042481803,9.380204705642367,71978.37863562317,8.039630424812122,578679.5628076029,0.970439347438895,1.048530876611179,0.0281242741815785,1.0
4,7,2.134384386226743,371.0,56.932885931639106,0.07511568933885691,0.030107263005042163,0.06272492353714569,78.09740736621845,0.07053927769610975,70.57528795756608,0.14107841445844313,0.07053927769646345,0.08518674043685491,1001021.2594759924,0.07053927769610975,70611.31660188656,12.056580790229459,13.25037098032044,0.21176830566267324,1.0
3,5,6.016132580387177,115.0,23.68415440482117,0.02913502267936649,0.019651674165506516,0.2536782385194372,180.2304763987246,0.3258214578886332,150.91341730975134,0.6516398783160098,0.32582145789060935,0.3824080098078869,214534.10444245941,0.3258214578886332,69899.81467627443,3.7526632635663493,4.065139754818525,0.15844615768939815,1.0
6,5,22.946632847583192,425.0,22.966107153132118,0.06959755373377467,0.03232030095863452,8.06575562523037,1027.8928491753657,8.113550343263196,877.4902780096428,16.225713480248466,8.113550343264325,9.462730981057955,11696.683984256251,8.113550343263196,94901.63435550343,1.3937894832599382,1.5065680708757765,0.06068897414640222,1.0
3,7,45.14886745570111,231.0,64.57878685237577,0.03915355272558327,0.05718580971003104,1.7517574215797747,553.629758442252,3.2296798848197974,195.56812717711009,6.457598629759099,3.229679884819795,3.7901706424070705,3666.7153479913513,3.2296798848197974,11842.316802767691,1.7033962940423413,1.8570029344830918,0.026377025290614847,1.0
6,5,2.1557111023090094,320.0,43.67896459849028,0.020527773579555323,0.011431036443972177,1.428133434401536,1179.9231295580057,0.7841387860671584,680.6668077882873,1.568275490812385,0.7841387860667285,0.9459330310512918,753500.0303126371,0.7841387860671584,590848.5990709183,3.4562618682652126,3.79673933261943,0.07912874996090623,1.0
5,4,2.2116323878036113,276.0,52.70742634993782,0.04887141624388776,0.024250677752338974,0.16762724632852077,159.93835583954524,0.13751029648534918,137.38055764329454,0.2750203174283601,0.1375102964841838,0.16086042818510024,998113.9210446016,0.13751029648534918,137250.94120899757,9.0001381012074,9.734715198129967,0.17075654655291317,1.0
6,6,20.79066086101737,330.0,44.18824021631522,0.009032956002724156,0.005309441158558936,347.83715096713706,41845.97209994227,214.11726490279668,22456.356790276295,428.1956013678448,214.11726490284616,258.4720185097218,10999.557779476963,214.11726490279668,2355195.226881887,0.22795073663207463,0.25066502867457613,0.0051586289817423065,1.0
3,4,35.12674520440722,180.0,40.36381762665618,0.011572245277004924,0.0071080434599074425,402.4806275799461,24360.539757001585,434.63203209273604,21405.652813369295,868.905836439158,434.6320320927367,514.4516796880001,2425.5682184751217,434.63203209273604,1054229.6437753998,0.21456643399586264,0.23468736433783113,0.005315811204492298,1.0
5,4,8.551097465925105,176.0,34.2750238346496,0.006586046890458869,0.004855198047875814,38.58952072268867,15257.078401148146,34.9787229325822,8862.500677494112,69.95635612603836,34.97872293254693,42.07981153252635,64195.5115529699,34.9787229325822,2245477.012126714,0.4122496173615475,0.45221974578386,0.0120276974671216,1.0
4,4,5.056339727118436,184.0,23.956873642238143,0.017176631226578948,0.009490558249675195,6.187821609122732,2181.4301836192094,4.119244903097251,1575.7389041030267,8.238433505791503,4.119244903087396,4.861767674594151,146329.9719188455,4.119244903097251,602768.9909970682,1.421093170697848,1.5440074267984731,0.05931880728344836,1.0
5,6,3.4236024407694408,456.0,16.271025092476272,0.028601588685366205,0.011266411125531896,2.5098518977403983,1497.9280148966996,2.127899339128353,1233.6038888759172,4.255786015461337,2.127899339141389,2.5416108605395795,336085.1319949233,2.127899339128353,715155.3302628626,2.348273300912801,2.566523534359382,0.14432239441377567,1.0
6,4,7.000450936529358,332.0,28.59079156759072,0.015079966420173606,0.00779921862132911,18.795326530205738,6674.360251001175,13.94298662973396,4730.0787667291415,27.88573095751465,13.942986629732298,16.396865785965733,115086.69642632817,13.94298662973396,1604652.2695325448,0.8974432686552795,0.9733720052027919,0.031389241761063454,1.0
4,6,7.446464911421686,240.0,13.495269494330564,0.01120643856299449,0.005846611834277943,18.472720237541143,6174.397979483736,16.522129894849794,4797.8541348652725,33.04386793160946,16.522129894869646,19.671732582017835,84326.10022801872,16.522129894849794,1393246.7814934482,0.729655083936774,0.7963096781709006,0.054067470400891667,1.0
6,7,24.52582224106427,427.0,57.16730364210429,0.01375310990784846,0.007165344460550727,260.7598309223094,22509.91403579273,169.12455787300706,15287.344117476308,338.2077221853745,169.1245578729635,196.7018273570008,8170.539515602424,169.12455787300706,1381838.8831601932,0.21402519233782988,0.2313821238583932,0.003743839200073767,1.0
6,7,45.10688958010456,413.0,23.375042495348406,0.06568666450274228,0.033494840122002205,50.25181040343277,2318.753286869331,28.897884686183023,1338.9127619446751,57.76885889917882,28.89788468618281,34.08853747974098,2146.705429448515,28.897884686183023,62035.24595540619,0.4963225793195498,0.5408352372015415,0.021233012920439276,1.0
5,7,16.805100199270534,336.0,41.57916942816202,0.03348027148593503,0.018102188200307852,8.290437049381257,1897.493208284498,10.464563097490217,1358.0302420868138,20.927883545539864,10.464563097490936,12.590407796542623,16841.341441937257,10.464563097490217,176237.2801655293,0.9061113878153303,0.994974390071919,0.021792435978810372,1.0
3,7,12.267698280385142,322.0,66.33728608295029,0.006723925280064478,0.002529416434353032,281.0705118820186,52341.466023238805,305.87655333328485,50828.98429725193,611.7309537979098,305.8765533332019,359.3401154844417,27614.074175634338,305.87655333328485,8446497.8323327,0.2167622088211887,0.23513968247583159,0.0032675772799951788,1.0
5,4,37.86661136411076,152.0,63.98286456128858,0.006029097481206998,0.011495823537799483,304.9652750456709,23819.72632516932,86.12764443741256,5412.364528855368,172.2116801221952,86.12764443742412,101.8757124839524,3949.0164163231902,86.12764443741256,340119.4817825889,0.49477741624340676,0.5411507675165775,0.007732967563049075,1.0
6,4,18.22791008476063,300.0,32.36724076251214,0.04770417235740124,0.02649908761041606,5.700830608354561,951.2607178851306,6.698663796443616,921.9071201281541,13.396620303291042,6.6986637964458415,7.957468295164817,18940.785063478033,6.698663796443616,126877.95118094029,1.2148320036604332,1.3251334434705635,0.03753276383903123,1.0
6,5,3.8108252077578983,255.0,15.672440419793304,0.028233526012531523,0.017762848818356516,0.7567004202228412,526.8093995551593,0.45105859890502725,293.43368779044516,0.9021150662063752,0.45105859890862127,0.5326905671249317,423208.1380975502,0.45105859890502725,190891.66981548627,4.290658719415073,4.663379502675973,0.27377093831514854,1.0
5,6,3.524658625362605,282.0,30.210560287164032,0.014478047750940784,0.007447144960370277,4.941578460310789,2598.3094895893487,3.077201411525812,1751.11157244118,6.154383818007526,3.0772014115237467,3.618340168390759,323829.0384593816,3.077201411525812,996487.1742402556,1.633848521224501,1.7720745197213683,0.05408203309353042,1.0
4,5,6.9584819074332,200.0,43.64185251644866,0.010549698185751523,0.0060231464021082,12.312039514374865,4978.5309777575685,11.625094324795231,3902.162900758241,23.24998229943128,11.625094324794738,13.810125934458952,112672.47140910369,11.625094324795231,1309828.1079386242,0.9051838619604698,0.986772788172995,0.020741187868212174,1.0
6,7,12.800739199795975,483.0,57.648982061113244,0.04178760952237984,0.019198982294205223,8.749439577102128,1886.1242903235577,11.523187561648632,1611.8102926239847,23.045197251976976,11.523187561641452,13.878264968635259,19565.123232072798,11.523187561648632,225452.58466994396,0.9181034421569149,1.008638385842927,0.015925752881180807,1.0
6,7,10.494171466762769,546.0,58.48840312973063,0.007334099683816926,0.0030782289431863564,175.482143826273,52220.26122142951,131.8484550934048,35503.67338925367,263.6932735279285,131.84845509339223,153.12771831151306,72509.76348773953,131.8484550934048,9560300.295046628,0.3379684479743935,0.3643680156003357,0.005778383916975134,1.0
4,6,15.232252567232681,300.0,69.22797388692179,0.0053169895198698575,0.0027294379856884097,332.64138071605356,69519.45767807958,227.98003303844604,42137.24541521435,455.9467193295267,227.980033038392,264.5505943626092,34161.63583061049,227.98003303844604,7788170.865309941,0.24151131869306564,0.26046058885838813,0.0034886376869494194,1.0
4,5,2.651573517807289,165.0,54.306178362411195,0.021474035969993834,0.013345758223456248,0.3414087073911154,338.3407025849539,0.2934484608074777,254.95531888765066,0.5868961441109727,0.2934484608022433,0.3508332276450984,754856.6433445003,0.2934484608074777,221511.52011974278,4.860822836404897,5.315605369624865,0.08950773158748702,1.0
4,6,36.124998725038786,252.0,49.88593049252967,0.010709393925395303,0.007155111520019829,125.32254432791697,13100.588588142047,222.30914271195272,14664.206409576016,444.51612444701317,222.30914271194465,262.1202984727827,4351.134239698135,222.30914271195272,967296.9226519166,0.2020477632829986,0.2193773632490662,0.0040501953414150485,1.0
3,5,8.746940408337696,115.0,51.50972206195915,0.04902994769820084,0.03384427822630483,0.30066672477600037,115.06623959159336,0.261496887763166,77.82658327588913,0.5229878712217219,0.2614968877630414,0.3016467193620293,88577.39019920859,0.261496887763166,23162.711863276607,5.0727375892175735,5.450150051391154,0.09848116794565041,1.0
3,7,3.9057086093473483,154.0,16.93099021027756,0.05820502516781533,0.029432066070367652,0.10293204674299962,60.91960811558776,0.10994439942253818,57.28265646870319,0.21988798881456303,0.10994439942258542,0.12920077501583405,271456.39520955697,0.10994439942253818,29845.110340721913,7.683828060346734,8.33036913232755,0.4538321719471816,1.0
6,6,7.02081762106036,510.0,26.84968518647405,0.04981514228856089,0.01984279505938139,1.9705225237293214,764.020823352862,1.9029203931413519,691.6246477742765,3.805811975992482,1.9029203931417453,2.215785378467773,132099.04665010195,1.9029203931413519,251373.96978500977,2.635001304394548,2.8437539417432536,0.09813900185771904,1.0
5,7,2.4069334588989832,399.0,18.02393078784395,0.005590937940188481,0.0027279350948129616,19.515096645327787,17940.34192782776,12.605253515059497,10590.647846747279,25.210471316184865,12.605253515116484,14.643276574991484,705897.8931191172,12.605253515059497,8898021.898512846,0.8910851217593905,0.9604446674186622,0.04943900041828687,1.0
5,4,40.17200615206507,252.0,42.053178698056634,0.013621973112406134,0.01122639101888775,296.931467355304,23862.95896948025,205.29346534234082,11010.369305925711,410.44423835041874,205.29346534234637,242.51776232786136,2876.4280887173713,205.29346534234082,590511.8901408353,0.26424523362661684,0.28823480735537843,0.006283597145507295,1.0
4,5,15.62163145963191,170.0,59.88323754720511,0.006752381319002326,0.004535496533341274,287.2970738589588,32157.709278032125,156.390971265504,17377.821361983788,312.7566122973053,156.3909712655114,182.70962180102208,12347.166464591248,156.390971265504,1930985.3557742843,0.19003116288659205,0.20572106619330577,0.0031733615393922743,1.0
4,7,3.515332637087827,238.0,46.6466666437429,0.0345715159975361,0.016613122031627753,0.29999404539772745,231.12256454825612,0.27117721868607336,196.34678896697395,0.5423534028408128,0.27117721868311706,0.312947293441611,524253.33553472906,0.27117721868607336,142165.56141720462,5.312137392867718,5.706711669306007,0.11388032146945014,1.0
3,5,10.70163698742639,255.0,53.66405727966468,0.020388413168121913,0.008465522398180566,27.84003204437994,5493.894881167224,29.76799547176276,5045.91865203412,59.53391897489907,29.767995471737464,35.778146630454735,28733.022145865343,29.76799547176276,855324.4731281786,0.7440778169406672,0.8162809143587446,0.013865478211291082,1.0
3,7,3.0306348030327968,252.0,53.05826635755127,0.021815747685355394,0.009486911544368249,0.8577034184564373,864.8656142287616,0.9119000340276693,656.3466812583022,1.8237965475620896,0.9119000340307092,1.0769952527425537,518050.53127369535,0.9119000340276693,472410.2970965349,3.2542665034252827,3.536710049413178,0.061333826504908685,1.0
5,7,14.91559313877442,420.0,46.04458656234916,0.06516773991943534,0.02746912659342578,5.1731489669030895,852.9979067135895,6.671345488108592,800.5237601446709,13.341764377533524,6.671345488106807,8.059106678317699,14398.64384032118,6.671345488108592,96058.32761900927,1.4064850273327292,1.548016579219101,0.030546153898639142,1.0
5,6,28.96421109443443,330.0,30.64670911044897,0.016208758986454498,0.008242997410205996,284.4735354171537,21324.606445359786,201.50830392987154,13821.111137725882,402.93095721977903,201.50830392988232,235.98997579774877,4704.354308241018,201.50830392987154,947966.4577388316,0.21556112981199269,0.23361849836400386,0.007033744766367012,1.0
3,6,30.26582809271648,240.0,57.00867764471712,0.005004475956119797,0.0031304253243331225,886.4297016727196,94847.95225657319,937.2316888326694,66908.92348710375,1874.0956573722328,937.2316888326935,1096.768048935999,5096.524973635179,937.2316888326694,4776624.708217975,0.12369934825562963,0.13429525178337343,0.002169833670349879,1.0
6,7,47.572059468620495,364.0,63.522503530286976,0.06176497310091772,0.055100718590122416,4.713181124453626,367.6715728555313,10.62231007874553,462.57047455144,21.23342314540615,10.622310078745343,12.493007455622053,1896.347256312858,10.62231007874553,20143.588573533503,1.5777928467080953,1.7059348041451854,0.024838329080588226,1.0
4,5,35.99870479892592,315.0,65.95366650250104,0.00560522409866072,0.004545619125857823,869.3199867644695,99537.5339810216,866.0060772455078,55933.38663186487,1731.5970604603758,866.0060772455795,1026.0954672986256,4171.577840308347,866.0060772455078,3612611.7614097185,0.18597229878603888,0.20331607310647767,0.002819741625417999,1.0
3,6,4.864558125032724,180.0,35.097260699684,0.026992562187070822,0.014648465932156457,0.821645729201316,493.7354600785866,0.6640444076814399,330.776226982996,1.3280834629333413,0.6640444076819281,0.782585170780862,248127.17498986376,0.6640444076814399,164767.46294581308,3.483829395915796,3.782431017167311,0.09926214543424931,1.0
6,5,7.367078360776349,270.0,41.61081249083109,0.012287590256854086,0.006870093453471935,13.251802913741335,4926.979879842372,12.16416248798637,4062.744443121875,24.32810688700293,12.16416248799387,14.426817556259513,111551.28677707881,12.16416248798637,1356927.9781003522,0.8351948955411798,0.9095548033528287,0.020071583455026607,1.0
3,6,11.409997948294743,216.0,32.885065225348654,0.04184661526162846,0.019664111974062676,3.102327138300764,711.928550933121,3.17277906830446,594.0035902549789,6.3453771030973805,3.1727790683013546,3.789870027690554,35050.8437185775,3.17277906830446,111208.58327671356,1.7640112248723965,1.928830144430963,0.05364171281961306,1.0
4,4,9.944091927203022,224.0,16.400212352080676,0.0287739311904563,0.014501440769923352,8.933210171587806,1828.6089604293015,7.761265900870049,1545.2461365380516,15.522140220932142,7.761265900868511,8.96663748796041,39639.6861832779,7.761265900870049,307654.1446954644,1.2600773348181984,1.3548570395241402,0.07683298897397105,1.0
6,4,2.440268466412574,268.0,24.03403936488605,0.005438316581433684,0.0031497902063912175,28.1776629684123,17935.564443966487,18.818595240580958,12450.662145460936,37.637104499770324,18.818595240703775,22.95479142257671,437734.215233013,18.818595240580958,8237543.019423419,0.7040253940521514,0.7775980699060668,0.029292845175278314,1.0
6,7,2.784168883274514,343.0,44.155527019055164,0.006699019070105417,0.0035268467768008213,12.583336815833363,9590.051564238664,7.115648014508928,5710.491947706417,14.231273932531408,7.11564801457057,8.27797578006214,644047.8474090243,7.115648014508928,4582817.786664772,0.9171243697149623,0.9892241068592588,0.020770318726332504,1.0
3,7,5.29640087544594,259.0,54.633049017291874,0.040184903404871575,0.017777485267759907,2.938026529529662,824.3876662093653,1.6977645243877417,488.75699198622584,3.395488078290438,1.6977645243899542,2.040445021055883,82876.43428878435,1.6977645243877417,140704.6700432499,2.2087463797569895,2.421187105397882,0.04042875913914123,1.0
5,6,5.519472888836872,420.0,30.89474866879221,0.018321741247645653,0.007399609809866446,14.758229444474813,5067.191972062826,13.246231608613648,4514.262881630508,26.492235114895326,13.24623160858008,15.940182557908916,116141.92052890408,13.246231608613648,1538442.7787950637,1.0013292465878691,1.098501899963426,0.032410985352968553,1.0
5,4,7.08033628395805,312.0,52.82922915617547,0.05738882719430145,0.02754007461985969,2.103583938070416,532.1574853338336,1.9478855147977479,492.3837785349862,3.895710061030806,1.9478855148004444,2.3574532880585437,63897.02195298748,1.9478855147977479,124464.08350093801,2.6084302782867264,2.87042016569771,0.04937475560310753,1.0
3,7,4.129001831746766,266.0,68.92136401507199,0.008270281089483696,0.0032782048087405327,24.422986079673535,11705.514018597285,22.214801989299012,9635.484618650009,44.429367817856466,22.21480198935285,26.256431098339352,188131.80915792802,22.214801989299012,4179310.8883319614,0.6909676485719799,0.7513543426704319,0.01002544941537832,1.0
5,6,16.287288347609433,252.0,36.63799185286068,0.053647922783624416,0.02839730307384513,3.8815198158853015,496.6650173209715,3.0878237205291654,431.6135329850618,6.175331376967453,3.087823720529945,3.576802901903806,19538.225077519957,3.0878237205291654,60330.59485140391,1.3719877689711386,1.4768245377386793,0.037447133414983125,1.0
5,4,26.6169145869919,244.0,65.20790224201018,0.02913192658367629,0.02323727869802881,14.045360750262484,1954.036247525386,12.441177054044884,1284.2891053737371,24.880019316831863,12.441177054042686,14.600451816995811,10656.207178870109,12.441177054044884,132575.76023690717,1.1321599809992333,1.2297315880184552,0.017362312573672083,1.0
3,4,2.383421018383565,172.0,24.668260666486518,0.007954848077413392,0.003706622845218504,4.990408027205099,4365.2225273591175,4.889231196612278,4227.2882547163645,9.778449312862088,4.88923119672722,5.709683914768482,747554.0135715033,4.889231196612278,3654964.4043065123,1.5389300337124436,1.6630259369280553,0.06238502399981459,1.0
4,7,11.72261295337804,336.0,44.6466343089745,0.024131726175264597,0.009979679873139396,14.757653075119652,3158.7159446528294,13.61088706095703,2756.642906780449,27.221110504642137,13.610887060953385,15.767142996426509,41019.29222652202,13.61088706095703,558308.9538155838,0.8727520522052538,0.9397739392775103,0.01954799204270187,1.0
4,7,33.017604431703965,448.0,32.63124717881545,0.006333939845734239,0.002442175869892522,4575.129583574924,277816.354008968,3464.089635196154,209133.80964077308,6926.278937339121,3464.089635196208,4075.889441246835,3644.7710707005654,3464.089635196154,12625813.688676618,0.06444748041166812,0.0700515958363503,0.001975023512233639,1.0
6,6,4.588615435070704,366.0,62.359427738875354,0.0076290710612125934,0.0036603974309955996,34.29751827612199,15298.514093831009,23.49098501330836,11107.231698590946,46.98175988086597,23.490985013177927,27.09806695826543,223567.7763374403,23.49098501330836,5251827.2834014855,0.5480770972688631,0.5887229434441672,0.008789001393083464,1.0
6,5,8.310731323035558,405.0,43.24296893844413,0.05468493352955219,0.025205701806873548,2.149683596608314,614.0367895680926,1.768351947920903,510.8203376845959,3.5366615125655767,1.7683519479219885,2.0466752084924025,83444.736842177,1.768351947920903,147559.66293861083,2.51556187407534,2.7067533512595605,0.05817273734502859,1.0
3,7,19.957864622183752,168.0,68.75005388806709,0.03586543576553241,0.021584349514714208,3.932081834318305,522.5166241057569,4.444797660770425,517.8878987200775,8.888940561048637,4.444797660770675,5.206408189573968,13575.865770720193,4.444797660770425,60341.9764206304,1.1843488581997328,1.2839365538444707,0.017226878980022148,1.0
5,4,49.236635594083985,280.0,16.422017134129085,0.041095231376650394,0.0262540979870317,68.41503915816438,4306.010684450159,40.22872340387317,2203.496464371828,80.4306385060217,40.228723403869154,47.81023513481859,3000.213864951154,40.22872340387317,120694.77372558526,0.6621570131168558,0.7243650982170893,0.040321295959479114,1.0
6,7,6.478720199282403,532.0,65.86473458195596,0.03552835696949259,0.013976760136764603,4.660060659783697,1554.4485980351612,3.5343332535703897,1265.7952611782607,7.06861139818638,3.534333253570292,4.118379493188545,128266.11392506318,3.5343332535703897,453335.19175159885,1.800675163133001,1.944087684490716,0.027338987616998715,1.0
6,7,2.047767271962508,406.0,18.5228911754979,0.0053897952026495,0.0025448313267157573,10.401521496128582,13734.018109358622,6.820160031387315,8465.988055713078,13.640311210215108,6.820160031277766,8.002861737284167,1540870.6122552177,6.820160031387315,10508984.163242338,1.1467032989678005,1.2421487491338152,0.06190736036308742,1.0
4,7,3.6930882865097545,392.0,48.405521829663144,0.03804972263596896,0.013659628948218346,1.7641190250854268,858.1928259065742,1.3718334570195116,699.4889535337827,2.7436563611789215,1.371833457026741,1.6302398254213346,259991.374440131,1.3718334570195116,356664.86599345924,2.81126209765537,3.064918100559818,0.058077301749748206,1.0
6,4,13.170922038534659,172.0,30.3004437659802,0.010634447152489152,0.008060940762745937,41.937534495882474,8002.735607945332,25.778615288564378,4476.635434501309,51.555520991334774,25.778615288552896,30.283527383704048,30156.732622256408,25.778615288564378,777398.8086292471,0.5234764394773141,0.5674074462100777,0.017276197125041675,1.0
5,6,7.380370863324491,348.0,37.69727716756634,0.010211397090921514,0.0050338071749373445,69.29082523912015,18080.82254690167,39.91306624577978,10432.490727478069,79.8249640879151,39.91306624577973,47.54897638704634,68319.68085121179,39.91306624577978,2726847.9477049485,0.4408399340452349,0.4814047549219094,0.011694211549701022,1.0
3,6,12.893825123020804,210.0,24.11595050193065,0.059999069395321514,0.02593054205278771,3.405954483019551,461.0258547317439,3.073407413220428,434.01444634012296,6.14650660684291,3.0734074132208935,3.618791130551411,19941.971987704637,3.073407413220428,61289.80454124555,1.694567055394873,1.8395344462363923,0.07026747941198548,1.0
4,5,45.185076560217254,310.0,38.64270516048863,0.010524134704883198,0.006299858304235594,1554.6620904185297,61404.93083492941,1207.6675130160083,46993.13006686809,2413.7409219466354,1207.667513015958,1413.6393296256804,1514.1677034985505,1207.6675130160083,1828611.1447732553,0.10840538664106594,0.11738896332117672,0.002805326029604889,1.0
6,4,18.617475618925965,340.0,62.96666701350326,0.06529002341657392,0.03856962024475514,5.552729527965319,793.1256787326353,4.01327057424561,520.9408614195007,8.026064802302328,4.013270574246114,4.749508263743166,16849.226408142364,4.01327057424561,67620.5045425998,2.230807620911011,2.430506194632634,0.03542838976108759,1.0
3,7,26.740769143428118,280.0,51.715662897688176,0.02655365700436487,0.012684805197718772,76.4885204018681,5720.755566397885,80.69187536473581,4861.3629660566,161.3392995091219,80.6918753647492,95.06566910418704,3629.580878605942,80.69187536473581,292877.68788269896,0.471811998027693,0.514286699576623,0.009123193469667083,1.0
6,4,32.24517022508192,260.0,50.844523557004834,0.022128971692217798,0.01956928906371095,14.165429502092971,2779.0555177478022,39.1906650834986,2802.1393526531992,78.36600117860333,39.19066508349508,46.26112593530794,5112.2748090807245,39.1906650834986,200353.44985748944,1.089314758485819,1.188239152410429,0.02142442651202195,1.0
6,5,3.190090745089236,415.0,43.743736129705745,0.03084990765835434,0.01368754086356991,1.0941860148498634,811.7238627170863,0.986816350277814,713.5335898025478,1.9736289256306572,0.9868163502821844,1.149215857723074,522824.79011693917,0.986816350277814,515932.05121796206,3.5667879361717825,3.8490017522252633,0.08153825557094169,1.0
6,4,3.007852188746803,204.0,35.13647459452831,0.052999667575455774,0.03894860036215981,0.1800231083020795,123.81915096736128,0.07718701799467163,54.6347184752862,0.15437372786570255,0.07718701799448636,0.0887873214696287,501012.8828122173,0.07718701799467163,38671.69040118893,9.787296005129827,10.49743518059385,0.2785508824682705,1.0
3,5,32.74453899374532,170.0,35.846104342677855,0.007642022328140567,0.004707024913244023,247.2597602746306,33394.67201199044,345.9891077035425,25143.1246487891,691.8472077894207,345.98910770352836,411.95765153984996,5280.969307538303,345.9891077035425,1827157.858524972,0.17927676231166587,0.19622604349041253,0.005001289975553118,1.0
4,4,9.919304503346732,288.0,68.42501902959036,0.06502211040695968,0.029985354322135605,4.27254450516721,677.3838630666046,3.1840928394022767,553.3484597522923,6.367974827946615,3.184092839401999,3.823695364170608,30201.32290182223,3.1840928394022767,96163.81599216815,2.078008183361104,2.2791115973647664,0.0303691283222365,1.0
4,4,2.3257599900694323,228.0,48.41428291027473,0.007411185719169725,0.0036181026229146207,6.94335472324685,6407.582909078976,6.299240921544608,5691.601541150063,12.59846641094989,6.2992409215269785,7.439707870253567,816380.3429505847,6.299240921544608,5142576.463858944,1.4026022955784492,1.5243623532660904,0.02897083693623771,1.0
4,5,13.636304894632588,255.0,50.90207520393452,0.013776697005262727,0.006854946575012611,37.637378886892606,7458.52284376677,41.79987113913244,7319.440555897538,83.59701590765243,41.799871139110365,49.3621137891591,30662.382025125786,41.79987113913244,1281683.6174691087,0.49733012245940833,0.5407314578588258,0.009770330982909843,1.0
5,7,38.056150409168076,413.0,52.86982936740461,0.07692560171026887,0.04706905544175793,10.307403436291832,798.3538825501261,8.7630110014392,525.2370956717348,17.52114493933812,8.763011001438478,10.359283945976701,3592.5603182787167,8.7630110014392,31481.645592410307,1.273275156441466,1.387442979795678,0.0240832091133335,1.0
3,6,31.141976389471502,228.0,29.205145988289036,0.020864412899299165,0.010102310398594353,133.10710151398249,8128.592696013803,125.81516937377795,7443.61259791356,251.55847043723102,125.81516937375503,148.80767952608872,3500.269721945357,125.81516937377795,440387.0279204617,0.2525448515342859,0.27542050924149986,0.008647272355205956,1.0
6,4,17.2585090104464,252.0,21.10918946824292,0.079986048753915,0.05430074486337125,3.8010303894984188,479.7655702800495,1.7530330417380757,211.0496717780671,3.5058242029085527,1.7530330417373754,2.0846847369827706,14494.03008275156,1.7530330417380757,25408.51364300914,2.2944910947044757,2.501470981528159,0.10869631437797994,1.0
5,5,3.5428432108877814,195.0,53.58900274740776,0.01602296568064875,0.010057833910667452,0.6063590394276083,624.7417259632758,0.6072099534909117,518.6520024905005,1.2144182424543353,0.607209953496578,0.6977445136547582,729582.4089058217,0.6072099534909117,443009.7005794913,3.2523845495397894,3.4868041768102214,0.0606912684094894,1.0
3,4,8.594342110477978,80.0,58.183795237277664,0.012031779538856289,0.00919988527447542,9.581902842937671,2051.175286162507,8.705335137002121,1573.4414189576155,17.41013734170267,8.70533513699408,10.476976843945586,32668.57312952854,8.705335137002121,284390.87754020817,0.7844081146726135,0.8609316590978875,0.0134815563590127,1.0
6,4,41.802176515202596,268.0,45.36088476612573,0.005359137578623624,0.004509134790006106,1197.3152867552187,103654.4040221302,946.5179589338711,60514.68758067931,1892.5729096008026,946.5179589338884,1111.3048858411548,4087.5574899982607,946.5179589338711,3868946.572458011,0.1213181232605931,0.13188884416430904,0.0026745096328277566,1.0
5,4,3.39383747691301,228.0,32.143667179209196,0.01612097893834202,0.009129569553526562,2.631548804808088,1660.1590376301813,1.9499933992640568,1249.9506247613235,3.899977306782948,1.9499933992266492,2.2846067915766937,410884.19242385664,1.9499933992640568,801221.4630884631,2.176248865479429,2.355650927408238,0.06770381404667623,1.0
6,5,51.32445961457976,425.0,47.795687388777516,0.012107168057542349,0.0165214424847784,352.3360920048578,38776.35218889765,84.85860655869776,5595.901386386804,169.6781939749902,84.8586065587026,100.55811066875057,4348.588499722932,84.85860655869776,369015.16058366606,1.0191727613851886,1.1124448736007528,0.021323529738051045,1.0
5,4,13.681539667467641,236.0,48.13138097917349,0.050649913521528915,0.030553124533632698,1.8809698516047757,476.3202526423163,2.0184330598566897,390.4112345310763,4.0367582208622315,2.0184330598575055,2.4115921516833194,37412.429482695814,2.0184330598566897,75514.48451743035,2.1482138321133655,2.350457661562422,0.04463229162368934,1.0
4,4,2.1321308407625814,88.0,45.841458239464195,0.06694875947356767,0.05554382952392201,0.0058922565445365845,9.586800048137622,0.006244570768006643,7.238265522188958,0.012489132240394354,0.006244570767900856,0.007347134299790899,1343580.9491170584,0.006244570768006643,8390.086319307004,24.741441991216753,26.8386375282787,0.5397176037021709,1.0
3,6,3.4614364512938995,186.0,36.64254952972383,0.01312882891970603,0.007600269862583202,0.4849906521563613,850.2862500028946,1.0738942076839022,830.0093046334878,2.1477848199679754,1.0738942076866054,1.2836961957530666,597369.3309868952,1.0738942076839022,641511.4643948346,2.371046212429513,2.592577115099546,0.06470745739201797,1.0
6,5,3.8393239095573044,330.0,39.590152787419996,0.041260460256727825,0.023325925481991718,0.3189136067426583,286.33790335941296,0.23558554367969062,181.62034279683425,0.4711702945925208,0.235585543680336,0.2719335637798779,594335.5493579982,0.23558554367969062,140016.8635236716,6.119941700134666,6.575738604562702,0.15458242187131224,1.0
3,6,18.66125571126316,264.0,66.213694730887,0.017274461898135914,0.00766628471437147,79.79941672444873,9827.787197771997,84.00791258347104,8630.664123385126,167.99990817486034,84.00791258346987,99.49600504564961,10554.752263275452,84.00791258347104,886682.7054734372,0.41569905125753737,0.45329825970243304,0.006278143108416881,1.0
3,7,27.614068756808205,140.0,59.059234536537396,0.008323704981609493,0.005369014859901506,153.46503305074108,11623.436093720731,153.54025928516322,11155.541381696967,307.0223573864227,153.54025928515836,179.36616366008428,5278.8189103210825,153.54025928516322,810511.2242101218,0.1934436560940523,0.20945083787787896,0.0032754175974694876,1.0
5,5,5.520341772981613,235.0,45.33250465955948,0.05118488580209005,0.02837212333415449,0.45247614677358894,202.90152057982527,0.45259850326426837,175.19900346669488,0.9051909656057217,0.45259850326348716,0.5257134440241201,149843.19903217815,0.45259850326426837,67818.8076062937,3.98366076558004,4.294237471934572,0.0878764761730408,1.0
5,4,2.1343707302624417,180.0,61.30676111781045,0.04803017833268443,0.03169269912537148,0.04126260121154665,64.41239092388571,0.04465691749325035,48.920482945466624,0.08931376056436005,0.0446569174942983,0.05341797409088031,1200062.838748181,0.04465691749325035,53591.10717669332,11.329182294237178,12.390947219308766,0.18479498978043216,1.0
4,6,6.04632762728306,324.0,57.430817996189774,0.024142363344801958,0.009947385855434183,8.34934002846386,2576.765868392458,7.803154346166995,2251.058449699901,15.606121166172384,7.803154346158623,9.285337897721195,83221.04193828357,7.803154346166995,649386.6350932631,1.236608391566774,1.3493404145548897,0.021532139619686703,1.0
3,6,36.42286819643114,168.0,61.54028839792308,0.06877877745570798,0.1316080114274895,3.531798203367092,294.8394744527105,0.6164042762627167,34.55120204820754,1.2324163030258435,0.6164042762627053,0.7384701500572795,3141.919376279749,0.6164042762627167,1936.692539211525,5.578817164954436,6.135322649385724,0.09065308776067932,1.0
3,4,33.553975091686134,148.0,54.75377004373027,0.015893250204936305,0.0185465036652801,76.34599003868834,7652.689995094525,26.125882712177027,1827.5682643220166,52.24108946393087,26.125882712177077,31.050571014934334,4893.338621798186,26.125882712177027,127842.79090406539,0.7917267569303793,0.8667051842592385,0.014459766995004175,1.0
5,5,10.604119023045754,260.0,42.1526654638115,0.005066671371092617,0.002682893277134562,348.286891971802,60120.608955204756,303.606360597757,51520.663192200656,607.1916356607419,303.60636059781496,367.4230012576704,28796.59628682343,303.606360597757,8742829.796245344,0.1583918770164476,0.174349283612923,0.0037575767812934313,1.0
5,6,43.5634887167247,444.0,31.460723444955917,0.006791569574149953,0.003078176548299988,4417.92676349064,212273.46819455153,4007.0976413274834,191144.51204721682,8010.67477507867,4007.097641327627,4678.20229288461,2275.431766817651,4007.0976413274834,9117877.265816636,0.05474939415048256,0.05935757113448568,0.0017402458734387591,1.0
6,5,46.10946203238899,380.0,60.350290164182226,0.017919174438584963,0.018921132744959882,150.22456418319803,9389.655484495293,127.12643114044229,5624.6342785735005,254.12304659123578,127.12643114044403,149.02847298187214,1957.568051073363,127.12643114044229,248858.6400475077,0.3406460892923419,0.3708182564509312,0.0056444813830325985,1.0
6,5,19.38548087258263,405.0,16.351333922658444,0.017551199084037974,0.008821780092089523,146.40320838557963,16709.63403401306,95.78701857730641,10852.263550628386,191.55911349045408,95.7870185772828,113.15352834005158,12835.930376029903,95.78701857730641,1229515.501385788,0.3564702820577381,0.387928060240862,0.021800685114978204,1.0
5,7,7.825824239087181,308.0,21.97632799527729,0.011447071850080872,0.006058200397985819,54.98034981994753,12080.695232628983,29.52901321486267,6501.409112423215,59.056808133537764,29.529013214810366,35.25734336059117,48474.92244243152,29.52901321486267,1431416.6253920032,0.5140506003536576,0.5618813261322355,0.023391105213943247,1.0
3,4,43.86303471239554,128.0,38.030860232370195,0.07833570692062222,0.058596585147428194,8.48819098752096,332.32348806401546,7.102191848379143,278.71144103709264,14.195166142866038,7.102191848379306,8.334973620683309,1540.0144450800906,7.102191848379143,10937.478038233949,1.0775961738197803,1.1713863444110548,0.028334783048177752,1.0
5,6,7.102423473451055,324.0,28.301776624045676,0.019464484143804778,0.011043719200359816,12.061000216311216,3942.1975058615944,6.930409898790805,1920.4200384496646,13.860639284514109,6.930409898790927,8.329700941278277,76784.68632375599,6.930409898790805,532149.3501737055,1.2225726002000803,1.3404594420380167,0.04319773335930302,1.0
3,6,16.129341399224725,264.0,17.053691270085544,0.007824131416770448,0.003617318707010368,67.20817595175669,23952.978351441932,170.8516426312071,26201.78952145068,341.6887572199495,170.8516426311831,204.1656987828268,23519.256581082835,170.8516426312071,4018303.62034283,0.25732472935286543,0.2814325901428148,0.015089092752854477,1.0
4,6,5.319736089902257,330.0,16.635417208075985,0.07698157732803544,0.032091651117854496,0.42608988634621037,187.5409298459898,0.37480160264701695,153.73984377166744,0.749598750181316,0.374801602647863,0.44258256928550266,168255.78002572613,0.37480160264701695,63062.5360082661,5.931236648660891,6.445599479368064,0.3565427049092257,1.0
5,7,4.329274597755791,280.0,29.45524322659639,0.01062790696967519,0.005492285143680003,4.569007878157708,3185.669200864879,4.179175674385532,2532.3187985210884,8.358328583966847,4.179175674385989,4.835962444687168,367160.1200294169,4.179175674385532,1534426.6422314113,1.2154275090927062,1.307467049293503,0.04126353667299699,1.0
6,5,24.6167915170647,320.0,35.816318145031936,0.06028699582881517,0.033978603031602585,17.51951386101856,1335.0464320543492,9.682467672319019,797.2265801418714,19.362079329091625,9.682467672316852,11.465542416235575,6779.402648145007,9.682467672319019,65641.34697829798,1.0471547217038493,1.1396874222170117,0.029236805342849,1.0
6,5,54.1581491227332,290.0,56.05219511676825,0.06107678196944819,0.22358226855648367,10.782107484808659,699.3303619301114,0.7542837634796932,32.24360776492948,1.5077424215886799,0.754283763479678,0.8960535856357482,1827.3331809171689,0.7542837634796932,1378.3277488335211,10.017228541512212,10.964289076863826,0.17871251109156858,1.0
6,7,8.327830763006325,588.0,16.545500091458045,0.05074001153685312,0.019227555111743552,3.5995719973797295,1121.4637932322325,3.4257318803846792,963.3009709765751,6.8513771123595655,3.425731880386504,4.084066826385327,79071.00476620227,3.4257318803846792,270876.06184162805,1.9134325733770317,2.089626088186074,0.11564670531565743,1.0
5,6,34.81822205050532,300.0,13.401950438261263,0.017793381892151582,0.008855112783538212,131.46403749541565,11787.506000900821,132.36925257622786,9950.955253757047,264.6916685958773,132.36925257622613,155.2915183773879,5651.3904512110885,132.36925257622786,748070.3300432429,0.2609532884120676,0.28286939615113954,0.019471291855181868,1.0
6,5,18.798912234385398,310.0,52.15248458595916,0.005884770355390303,0.0036800892848716103,539.013871250926,74871.62454820555,395.96316559783145,46001.15136516524,791.8676600216356,395.96316559781167,462.2345724576222,13496.707261876494,395.96316559783145,5344198.932559856,0.13609939160132756,0.14724196527642175,0.0026096434845209494,1.0
3,4,2.0132782700404555,156.0,39.52472703989031,0.007380046174938127,0.0039286581562769166,1.6685162833681524,2541.2972600782996,1.8785111368518588,2346.0982170254774,3.757019864977853,1.8785111368276897,2.178292792063148,1559785.3271616243,1.8785111368518588,2930074.1081712316,2.36747062296512,2.5493858238868965,0.059898468636500675,1.0
3,6,33.55668723516935,240.0,19.17259554143399,0.03803455527023552,0.016851230452168617,26.151175510699908,2727.0676738816423,40.075723774435495,2608.900283999612,80.13253906562551,40.07572377443201,48.319029700263535,4237.91469970356,40.075723774435495,169837.49888493962,0.5664292637241486,0.622793860244266,0.029543692323766784,1.0
4,7,6.113159955210676,266.0,68.52343951950168,0.06281775357056618,0.0287638382166084,0.40750773706121973,163.64732726234232,0.3818340021224017,142.61935787843547,0.7636625303828738,0.3818340021217012,0.442860587339798,139510.77606067725,0.3818340021224017,53269.95796245054,4.669377519234949,5.029595962920534,0.06814277788706229,1.0
3,7,50.30232182886802,210.0,25.169355254462204,0.019221794641498265,0.012237217105282805,209.11052970428372,11942.471888129907,114.4908921291955,5237.490314954842,228.87241661142335,114.49089212919489,136.92745658294282,2092.688495726491,114.4908921291955,239593.7728242301,0.3044574733489783,0.33371501058073105,0.01209635567820125,1.0
6,7,18.868346006820822,511.0,56.99208390948827,0.010005470354947253,0.004318956459479405,220.11585004497778,34057.20493145402,226.8485223878587,32180.421484777977,453.67450067980593,226.84852238785942,264.6173083475708,20123.8720077253,226.8485223878587,4565070.629674875,0.21170015185144056,0.22885622967232605,0.0037145536244586395,1.0
4,6,8.77577932600905,246.0,41.73930448276128,0.00515832438226734,0.0024688028741175795,190.8929071745592,42562.314673622976,149.64002330124384,34531.46410427832,299.2744266171404,149.64002330107277,177.26335174621053,53251.81941737725,149.64002330124384,7968603.498449961,0.23093113480179753,0.2514359597769552,0.0055327020338150155,1.0
4,5,2.040650505468949,240.0,33.55267490219016,0.011405368760682724,0.005654294075192074,3.7466052114051624,3052.3804697305195,2.6740528962348487,2193.1428946621395,5.348097841792984,2.6740528962474692,3.203682028413179,672657.3165991863,2.6740528962348487,1798721.2456256156,1.890540247988521,2.069460901929237,0.056345440520008,1.0
4,6,7.398781179352741,192.0,36.51324131668981,0.06720275985033905,0.036308223595434064,0.6642112927216914,153.13255601128836,0.48419326009464225,118.48824800654533,0.9683703495033997,0.48419326009401004,0.5783764218258851,59884.313634874205,0.48419326009464225,28995.581047399777,3.7068479760696977,4.052568845959868,0.10152064956159719,1.0
3,4,25.686252548997043,156.0,45.58308609828051,0.02825690816057914,0.021169882952867435,27.158248398460202,2792.7454076542695,16.438296480688194,1313.0099636782168,32.87144071865923,16.438296480687615,19.81108904788632,6380.025656898226,16.438296480688194,104876.7533024905,0.9606845305128431,1.0574778895108425,0.02107546049957074,1.0
3,4,3.1158182010062454,92.0,24.10639234509375,0.05080820681635799,0.03405779422966343,0.1072484337427296,55.38351961963944,0.08457732511746616,44.477721889280446,0.16915403858100098,0.0845773251170587,0.0997677707676893,276552.23857896065,0.08457732511746616,23390.048594255823,8.341392909842074,9.058783492367521,0.34602410806359235,1.0
6,7,12.135887163939389,630.0,60.60396157175398,0.05287237998353202,0.022312103833122484,9.437880799267278,1878.2000594343167,9.100526438808114,1413.408473228656,18.20029834823398,9.100526438809151,11.050296122746754,24121.39106348995,9.100526438808114,219517.35711412007,1.4176450535584144,1.5627020935184663,0.023391953542178077,1.0
6,4,26.123194000249345,288.0,29.976711233168956,0.009858511291485954,0.005957035949136565,317.50634671762293,33518.58828405385,416.75216597831314,31900.083863309388,833.3620971700857,416.75216597838886,501.546951546974,5859.05963338096,416.75216597831314,2441775.7928076163,0.22019109360150793,0.24193109803061505,0.007345405301094821,1.0
3,7,48.047516028702326,217.0,24.3590118910657,0.015403990368917283,0.007158638835529921,375.3194181761331,16899.80275712356,406.80856377348726,17009.62351730552,813.1520102281718,406.8085637734895,478.2870398585248,1748.2729138387217,406.80856377348726,711212.39316282,0.13700654010048569,0.14891793945721155,0.005624470348517561,1.0
6,6,30.95352009157186,390.0,69.58552991025628,0.06857048832380021,0.0947705732264293,8.969271221385048,805.323911347333,1.685275557189081,120.98237983164526,3.3698972099903504,1.685275557189014,2.022450517844764,5153.50144989427,1.685275557189081,8685.070027445303,5.557918797257365,6.110165723599754,0.07987176075867143,1.0
4,4,24.52476750510247,88.0,61.516688027213654,0.0185241093889226,0.0228911662326666,5.885948378748412,890.1878470823384,5.6298249380073875,532.2319660866111,11.258390184605984,5.629824938006958,6.747067691780397,8937.419207358917,5.6298249380073875,50316.10553501544,1.0978804948321534,1.2058628933852837,0.01784687261359836,1.0
6,7,48.565768829036905,462.0,36.82796610281079,0.05298963698729097,0.03014623291294995,45.80499220071283,2793.648236589444,36.058672328294854,1750.902587879772,72.0867707407468,36.058672328295245,42.21299187398563,2357.7866541291137,36.058672328294854,85018.65638126837,0.5199958310052446,0.563714160576361,0.014119591333216672,1.0
4,7,18.61238775101374,308.0,68.56634019596295,0.05554236788934004,0.02718752312664935,8.707145048589199,805.9848698225005,7.132993607078971,710.9964987765467,14.264551503686828,7.1329936070772195,8.492225840072182,9935.534932358487,7.132993607078971,70870.10715542288,1.177555794944438,1.2873581729250336,0.017173963078370196,1.0
4,5,25.261081774705413,180.0,56.74511550541571,0.05314467275601494,0.04376927466523761,4.2372902318780685,519.8640038056885,2.1240908906303524,217.17342346872294,4.247775436760104,2.124090890630634,2.5098603255565664,10453.630908252404,2.1240908906303524,22204.462186230827,2.333764641330978,2.544439304704786,0.04112714584409023,1.0
6,7,2.1195454960745117,546.0,49.05260546328249,0.02447218911983881,0.00998782502195318,0.7792687900654613,1005.277862410799,0.6228891310187171,755.2534119747805,1.2457774146541025,0.6228891310154484,0.7295123352957493,1470157.5760712405,0.6228891310187171,915745.1750195986,4.614882365284314,4.99441670211584,0.09408026998155494,1.0
4,4,11.186814749874827,168.0,47.53443683160727,0.008815087253454134,0.005393318501115641,66.23884679287661,11786.97931126171,50.25021421787013,9236.871927462696,100.4974541612539,50.25021421788886,59.08982313021826,33788.89653825534,50.25021421787013,1697899.2892327816,0.39790477662844037,0.431660516391722,0.00837087390007448,1.0
6,6,15.452490514343875,462.0,34.01867396306612,0.006947550628543575,0.0030737577598284045,303.9647635051083,56937.64045357604,310.7047926120618,54184.9866967306,621.3891536591842,310.70479261202536,360.2520769086936,30413.19437442912,310.7047926120618,9449525.250777325,0.18879241857057733,0.20337463021682362,0.0055496701245777,1.0
6,4,38.3152457935793,208.0,37.13214423623831,0.006448313885492401,0.005045803349775884,1004.625524940865,59496.50872714181,777.4510774161473,43366.513330728485,1554.402579903084,777.4510774160827,920.8021196844882,3111.4503339091025,777.4510774161473,2419000.414424463,0.1100153672362631,0.12021619147612617,0.002962806740605515,1.0
5,4,9.244048508894783,224.0,41.39230889357808,0.016388986179336835,0.00992439603247723,14.671336095653093,4166.801717020282,10.549786788729588,2685.8093630632325,21.09924803780074,10.549786788756728,12.687338085611653,64813.130974884756,10.549786788729588,683764.7128950396,1.065432354528433,1.1685304183334069,0.025739862863599094,1.0
4,5,38.04043731685567,320.0,57.10428616533575,0.04957385666957582,0.030343148358703095,27.65548897287114,1972.303243491802,25.409393829508538,1437.237034979245,50.80290875993235,25.409393829509675,29.71653074543977,3199.3974192737633,25.409393829508538,81294.7490434403,0.880991826685543,0.9557581526743654,0.015427770590368312,1.0
3,7,2.2552761190298147,203.0,48.02793964097771,0.022619607721121593,0.010684149723250795,0.7670179868370078,557.9022080653094,0.6205966540428084,436.11884285112154,1.2411907947571845,0.6205966540383494,0.748672076081643,493845.2065760546,0.6205966540428084,306478.682816179,3.2768634984332627,3.5991744765780744,0.06822827551897363,1.0
4,6,17.863056312978312,324.0,45.274297075789654,0.01551581931684636,0.008598759820265714,79.33394689972289,13259.587141939151,40.972680591455216,5949.156706768105,81.94147447671854,40.97268059145899,48.460589712981644,21082.49769119423,40.972680591455216,863806.4439713932,0.6371257479871616,0.6937602549359217,0.014072570733027756,1.0
5,5,2.877098199471156,230.0,31.245294841503643,0.015044227696853025,0.008375143758276953,0.8636077321235093,949.3208322955226,1.052961939052993,891.5505382743636,2.1059209406466057,1.0529619390651903,1.2120447149275464,716913.2162522014,1.052961939052993,754882.3303176356,2.677264193509818,2.8724256997398574,0.08568535541401144,1.0
4,5,6.012435474925756,250.0,28.31101349390265,0.02485709025288804,0.013841456198208237,5.936656531616169,1907.450040969444,3.330685852076513,1022.9982321147414,6.661301092469173,3.3306858520825604,4.009990349904802,94337.07833964986,3.330685852076513,314207.1721521054,1.6975041641675754,1.8636446404843392,0.05995914503495847,1.0
4,7,11.981360714950336,329.0,36.26343980793104,0.006787604156245465,0.0027991861423599406,137.64433157014017,33957.07905177304,154.94403896712535,32962.57533715985,309.88123089574646,154.94403896694212,181.1373341377782,45257.70481497086,154.94403896712535,7012411.578413501,0.2571633935117619,0.2781405809340153,0.0070915333700781085,1.0
6,6,16.87359673742857,384.0,44.290680725592615,0.037195898023148384,0.018635560635389462,10.990707322700368,1785.9654305299102,9.760275066917401,1459.5578313454348,19.51967725466133,9.76027506691798,11.559726698476464,22362.4045824322,9.760275066917401,218263.21988223243,0.9507923123924621,1.0350576982814867,0.02146709639174868,1.0
4,4,2.6083869132355066,240.0,56.1213817279291,0.0058335035348852015,0.003338167459828756,6.771868977157623,9282.10372116401,5.318799357574446,5851.909868436291,10.637589927021786,5.318799357360697,6.360045831698824,1210509.0528926458,5.318799357574446,6438454.772863455,1.527998961549918,1.6709920360527528,0.027226681070639098,1.0
5,4,31.39603009368238,212.0,31.294472114752438,0.018528150751054153,0.01295722757839562,82.63693404903263,8026.362820402116,50.64333453492779,4330.607885006917,101.27281938907872,50.64333453492044,59.4081499975501,7312.285469107376,50.64333453492779,370318.5192268962,0.5143131976714427,0.5581479530674099,0.016434634071651005,1.0
5,6,13.081964215798083,354.0,43.53131465707473,0.015014311284222932,0.0068561033978465444,115.18812582531875,14485.948716854688,95.17703164817162,11999.191829030879,190.34208775521964,95.17703164819082,114.711431219853,15894.236859960902,95.17703164817162,1512766.2846440347,0.27877053853213857,0.3063723246139736,0.006403908099909237,1.0
6,4,7.356553989530583,196.0,62.2005148068146,0.039471719302031805,0.02869711396993024,1.5484467632175836,397.58368256260763,1.0212064599043904,270.47808644209414,2.0423838059159967,1.0212064599049342,1.229545304211336,70151.51648711185,1.0212064599043904,71639.18180872797,2.53587547829007,2.784153197864055,0.04076936479008439,1.0
6,7,37.26299564325662,392.0,45.49709845381343,0.015133536603812635,0.010859908417813447,328.7866782594953,21707.201124174822,137.74857063381276,8795.071401579746,275.429578716415,137.74857063383507,162.90823477109194,4076.660422078696,137.74857063381276,561554.1461007762,0.3154429490816865,0.3446060123863677,0.006933254203054504,1.0
5,5,2.5204465953630284,220.0,69.52840774491273,0.027291991793482625,0.015390791050588987,0.3858150031674425,314.58068283492247,0.35039401119183833,278.80070849525936,0.7007869154645421,0.35039401118634944,0.41846289369154405,633103.0366961485,0.35039401119183833,221835.5125256971,4.575110589270406,4.999936381235629,0.06580203312084562,1.0
4,4,22.786160476064556,144.0,63.85403324110602,0.03776431597477534,0.03226184694475903,5.027378805464645,719.9368168369399,4.619358895005238,435.63234639448945,9.237679099787023,4.619358895005228,5.486762868703318,8893.584334763842,4.619358895005238,41082.65790527059,1.664274587964031,1.8170364604288183,0.026063734794635564,1.0
4,4,4.2485430849564025,124.0,29.155692899834616,0.026341417857629452,0.020039003582097543,0.4328010303815709,290.71193073006754,0.34553807292589067,175.43359672554945,0.6910734648897581,0.3455380729253803,0.3986723229452762,257770.8009427286,0.34553807292589067,89069.6258143138,4.484146330639081,4.816091137753487,0.15380002615765367,1.0
3,6,10.736906527348864,228.0,56.84843398651992,0.058875214629819976,0.025425801094458786,3.460157569304276,505.52654955184835,3.044163225205227,463.5835660282663,6.088063932457351,3.044163225205743,3.6561310785234364,23191.03831386237,3.044163225205227,70597.30598938526,1.8921891866407583,2.0754214263683832,0.033284807583080306,1.0
6,5,26.52105377407714,310.0,30.183865761914653,0.008872665559167974,0.0050467374934861165,431.5498125700535,41603.23335872121,349.60871416239956,31448.027912285146,699.1310238488187,349.60871416232806,406.27170242478155,8091.375094547858,349.60871416239956,2828815.2426105407,0.16134038055149727,0.17419214339445704,0.005345252388283314,1.0
3,7,4.873951622503043,371.0,61.54606879455676,0.06341580713994807,0.020239027203627014,1.2887857919745271,463.93232371855225,1.3597107400567314,462.19910951644215,2.7193979454714956,1.359710740057176,1.6510552539310583,115548.7237286898,1.3597107400567314,157112.8406537476,3.5681096082292503,3.932815643028697,0.05797461443296635,1.0
4,6,33.625262668947535,372.0,38.98481022700925,0.03950210479624117,0.017521448611897802,88.77068037382597,4831.759403302375,72.99546510875763,4142.982816238246,145.94562412845005,72.99546510875679,84.99132365561258,3221.3247081160835,72.99546510875763,235142.09533526644,0.42599992761055977,0.46104623887805946,0.010927331058685538,1.0
6,7,12.0618786722573,462.0,41.70452049543495,0.01654146125428413,0.007820120744280222,21.916320285597745,6585.498272015207,19.759848769157525,4960.322180604687,39.51907041324412,19.759848769171253,22.798315155206797,63016.24749921217,19.759848769157525,1245191.5205842336,0.6729726199569167,0.7229180316551831,0.016136682833473207,1.0
6,6,29.818788401078024,480.0,33.88303544721725,0.005679021369969819,0.0024770146510867406,2632.9943341947564,226115.146535305,2137.313306769163,181437.55130441973,4274.033524426333,2137.3133067694466,2524.768224226032,7206.393497907255,2137.313306769163,15402320.716891948,0.07418843907105512,0.08070705498054898,0.0021895452426812624,1.0
6,7,18.23596914159057,434.0,33.71527916956733,0.054585610125208114,0.02879051776387849,5.735336562680254,1033.4250663285063,3.869050829997046,581.6220025153785,7.737759253156752,3.8690508299974407,4.522607677345485,22598.14463832981,3.869050829997046,87433.37026932325,1.5868349927476573,1.7159351632956839,0.0470657527338523,1.0
5,4,13.048849683612865,152.0,58.150798632523816,0.010492138410022656,0.007431535884938558,56.859258692043596,7164.680839723638,48.49236092337127,6348.067409771145,96.9790628221212,48.49236092335523,58.567491278840464,17137.063338911183,48.49236092337127,831016.6605971551,0.3391178263736243,0.3732744212223962,0.005831696801219086,1.0
3,7,2.6084181747198123,245.0,60.2895650432888,0.015118493790307705,0.006904416462291794,1.0608851301977158,1244.5206526236761,1.1532695574015799,1008.5783590275613,2.306536098965985,1.1532695573832872,1.3854957726371693,764817.1788120258,1.1532695574015799,882040.36930167,2.719915053559069,2.981079233220702,0.04511419267341089,1.0
3,4,18.855902848535955,124.0,19.181916139651083,0.0063936229595676205,0.0037337300630458058,425.1925364222777,39118.60823496518,343.0793493940259,30198.259204423583,686.0701477083667,343.07934939407437,410.0982881760623,7747.733278887303,343.0793493940259,2658087.2925990988,0.1445075199946092,0.15813596709675015,0.007533528920809773,1.0
5,7,3.854027802939913,476.0,20.025352638525092,0.0529622098155275,0.020177226664433588,0.869237796946288,433.93406967447817,0.8129828460847381,401.23310241826084,1.625959016745068,0.8129828460844679,0.9638457673107499,243573.89867389854,0.8129828460847381,198021.40137586166,3.6805276956043214,4.007367248330297,0.18379340239550457,1.0
5,7,21.278022225150792,420.0,41.96286151938197,0.030949892447329402,0.01354571163508198,40.84340797133142,5024.509902773257,35.59571813490327,3701.7677525883855,71.18485416517947,35.595718134910044,41.90547205204484,10814.907700806174,35.59571813490327,384964.4061728914,0.48603039777732404,0.5278978235930503,0.01158239405462934,1.0
3,4,2.677807424357333,104.0,64.91126564623576,0.010801185453117378,0.007236605339088546,1.0217647835096808,989.3832483209081,0.9027557900940754,718.0068010302218,1.8055087259865248,0.902755790088791,1.0383733764674048,632581.5932165076,0.9027557900940754,571066.6959831372,2.641151396605996,2.8325707649314387,0.040688644264004696,1.0
4,4,19.219114481986075,236.0,37.228931245246216,0.03387229730870304,0.019300696438735845,14.745574220376389,2383.2188264177976,9.876593115433037,1353.1393745140115,19.75213392187543,9.8765931154361,11.560563724269672,18770.279435616154,9.876593115433037,185386.41264856083,1.30740448127759,1.4158776824198416,0.03511796974952197,1.0
6,5,6.985677340996212,370.0,66.32289540720332,0.04120761673399349,0.019923284203207894,1.099553719017325,570.8993867733361,1.2004435394904367,511.3275518617887,2.4008738461009584,1.2004435394913162,1.4024536900762028,181432.42758924636,1.2004435394904367,217799.38555357725,3.037048751158928,3.283472932175088,0.04579186014893244,1.0
4,6,2.029248235522692,270.0,63.442481741811484,0.0406246302056823,0.01815155276407352,0.18088480723364367,177.14838902954259,0.17661957485362786,170.31926848644093,0.353238769856053,0.17661957485579763,0.212394182601114,929929.2243697621,0.17661957485362786,164243.7042521513,6.678616927410844,7.323998607450267,0.10527042360339021,1.0
6,7,6.25884719331269,532.0,66.39529851788015,0.00988831505405367,0.003993010508670837,36.58370966173772,16610.46743174446,34.09950254725146,13713.93219534009,68.19858344909542,34.09950254728579,39.45584145616467,161743.8993357264,34.09950254725146,5515386.507400986,0.538492227905559,0.5793014139465044,0.008110396969757487,1.0
4,5,11.022634703472093,225.0,58.936960062665015,0.037893316451543445,0.020544123541471823,4.330846411810169,914.5608998728088,3.251541523614134,639.961091724676,6.502915174724121,3.2515415236118157,3.841226032384894,38737.227322256884,3.251541523614134,125955.70314799821,1.7009094798723592,1.8498213648471353,0.028859810177923304,1.0
3,5,18.12900199161407,110.0,36.65583798689682,0.030542790101393023,0.020031476283066025,6.813530897096204,865.6929148846434,5.625029733159257,604.3550416586787,11.249084964748658,5.625029733159157,6.661737756413654,11543.424161668388,5.625029733159257,64932.10413185366,1.0741993830266923,1.1703036312310713,0.029305001386428022,1.0
3,4,18.48450308625373,108.0,24.205245649940533,0.012366191163860587,0.008953856349817857,87.8094071858658,7491.191445619864,51.291567117559346,4538.578303754094,102.57003419060702,51.291567117562614,61.16403756014379,7829.746994202584,51.291567117559346,401599.99346665037,0.3240913388070776,0.35461881353160407,0.013389301785824833,1.0
6,4,28.16477155414936,328.0,23.231760374259252,0.05876779168525971,0.03016553285294472,19.44395010236315,1591.1956959521435,13.453914316786015,1191.1042560411656,26.904396050866136,13.45391431678375,15.743732532483335,7837.945474751162,13.453914316786015,105451.04683694281,0.8466671005798322,0.9168967390544205,0.03644437988943523,1.0
3,4,52.47874066959309,144.0,62.58757901687645,0.05382774515868694,0.38263277932122325,3.4609442710133114,195.9893620559931,0.2570101674766338,8.640367319053812,0.5135659411371672,0.25701016747663447,0.30361711910289796,1130.222117772397,0.2570101674766338,290.4785757744795,14.814657711283232,16.246734237699176,0.2367028401480193,1.0
3,7,8.854243382266436,315.0,49.295824727214224,0.019053972320484686,0.006700668893770881,15.872667717550257,4332.985933671178,16.780491552828696,4403.852701879708,33.56049583284474,16.780491552815285,19.350374369746884,68874.14361848214,16.780491552828696,1155741.98519825,0.8709284869362051,0.9353481356911845,0.017667388501067124,1.0
3,4,19.25491836271255,120.0,19.147638541610018,0.03296385393082766,0.019655164078838102,9.490348429667682,1047.176914292212,9.899296405440499,960.5673933128069,19.79649028583503,9.899296405437541,11.881951440110255,9415.578843851335,9.899296405440499,93207.60580407912,0.9226890435704003,1.0120205910547735,0.04818813774687103,1.0
5,7,3.1670566332764936,399.0,63.886921492484596,0.01466311973894322,0.006900349439261202,1.6952548375932799,2187.312032063385,1.8106608029214193,1607.8700467863644,3.621317013419873,1.8106608029054287,2.159579531017673,788547.1915162107,1.8106608029214193,1427791.4909321722,2.196190221288186,2.39845431518894,0.034376209871789444,1.0
3,4,7.932516346707488,104.0,51.23647266087183,0.005153304885381877,0.0033661984131874902,74.40716404561952,14735.985412414395,72.57964781937758,14160.518373714687,145.15548230466845,72.57964781936415,87.39053087702985,38065.24160366845,72.57964781937758,2762761.829753776,0.337026849577182,0.37004551151434123,0.006577869866411823,1.0
6,5,9.469483721471663,330.0,27.47840061283999,0.005330440200378628,0.002960573078220168,173.57004579662143,49855.12846308245,139.50875761746735,35107.099922726804,279.0131093040756,139.5087576172789,163.68072739741717,63326.716213643114,139.50875761746735,8834631.502959277,0.21807745488849337,0.23622694727566865,0.00793632271255959,1.0
5,4,2.039838721795224,196.0,41.52140412234971,0.016206919807578036,0.010726499132992489,1.2014379653227922,1072.5504818533468,0.7722403201464121,632.7553681965036,1.5444783398528938,0.7722403201575212,0.9401379860914378,671377.4190562533,0.7722403201464121,518464.7130310729,2.8611404170529546,3.1571653161629234,0.06890760265770708,1.0
4,4,18.874351334413507,252.0,37.3549225063116,0.009999341309755915,0.0049705842607737985,310.0249767181085,36749.53010888704,212.2661700292162,25205.090595676236,424.5022332290458,212.26617002921984,249.14424321705638,14099.865106160709,212.2661700292162,2992924.3640133217,0.2507436783204157,0.27197960742244986,0.006712466831594934,1.0
4,4,8.400536994581842,120.0,53.19986886431185,0.07116729700136128,0.054044694873655826,0.3287156780297463,79.41903882901104,0.26718004702625153,56.69461492947681,0.5343482268378202,0.2671800470262198,0.31294535053403405,45027.26578915488,0.26718004702625153,12030.386991009927,4.633287435701221,5.016206825591787,0.08709208377033005,1.0
4,5,2.105162649296858,290.0,60.61448977681491,0.06919919411493516,0.0300427801714172,0.0501298851580606,67.13231443382618,0.0505448278757483,61.5723345016497,0.10108958762554346,0.05054482787386888,0.058996124924944326,1483944.9708466737,0.0505448278757483,75005.74312852745,14.8616186836807,16.056977566854556,0.24518260796060154,1.0
6,6,33.686811498941616,330.0,51.867589410998114,0.030871140179426562,0.023965239690195064,16.577404137249594,2583.562913574983,27.904874253777344,1783.5615815599751,55.79609048920865,27.904874253776253,33.21827547760476,4085.225915243456,27.904874253777344,113997.7154631411,0.5827582908138758,0.6372197900673406,0.011235499806943147,1.0
6,4,43.38873353690752,304.0,16.81193876896626,0.013913381929935274,0.007896447393586624,382.18633254126536,28303.179352244748,367.1302564939528,23031.65344226786,734.0739910331681,367.1302564939399,435.2112716557339,3935.590274977687,367.1302564939528,1444874.2671076644,0.1774096767427667,0.19367634471338382,0.010552600695301922,1.0
5,6,2.237272772877642,408.0,56.61010749996564,0.014384682512787966,0.006359987522137928,1.6868479721423917,2401.847709785819,1.3424785018193537,1618.6193281668732,2.684955156654874,1.342478501817605,1.5584506649560916,1453699.9137673907,1.3424785018193537,1951560.8823293704,2.715154544481122,2.9256076000730054,0.04796236333737345,1.0
4,5,13.717726198785503,295.0,26.160682516983893,0.019951803489134803,0.008629939012151136,20.512545917702603,4891.607206457776,23.10686091200234,4605.8984341422565,46.21255873432518,23.106860912002126,26.77886435984201,39732.58431029034,23.10686091200234,918095.2993322853,0.7564897588506273,0.8146267941425908,0.028917049788724097,1.0
3,5,13.058791249962834,180.0,33.405258777931685,0.05928911417588655,0.028633184592607608,2.9006248618414565,390.9585100158924,2.8119327417025493,380.68537432033327,5.623558659846461,2.811932741702747,3.300419839381978,18328.314414914425,2.8119327417025493,51537.98740351667,1.9008547420604966,2.060718612943077,0.056902859358067506,1.0
4,7,5.069396894797599,329.0,25.8414945991314,0.058626387392475235,0.025465968252530877,0.5934699138356913,294.18505498471006,0.3943987987516773,182.1304941189174,0.7887938986276877,0.3943987987501643,0.4577073224544745,213252.5164299903,0.3943987987516773,84106.53631076051,5.075017976865991,5.467272088796935,0.1963902651759382,1.0
6,6,33.22410524680496,516.0,58.914185753577655,0.009353588805436703,0.005160764692173833,924.7008278986434,84915.62730403215,811.9957381651169,55671.79547914614,1623.646071497721,811.9957381652009,959.8428189631032,4700.704558463989,811.9957381651169,3816952.067846097,0.1561811256536277,0.17019870408108723,0.002650993536716127,1.0
3,4,32.68742089026504,156.0,15.669964629340988,0.005380957319442523,0.0029819017709747653,821.2924982553405,74582.04713166202,950.0359547208367,69912.99454774309,1899.7211138523119,950.0359547208233,1114.3916972667278,5415.46465124047,950.0359547208367,5144886.130198183,0.10109247647218078,0.10963296479103574,0.006451353201071795,1.0
5,5,46.81332722288441,220.0,53.992374036449384,0.06533186147189937,0.16874354164297606,5.067208471445993,278.61190464261796,0.9586840884582912,41.83844211827871,1.916361992521298,0.9586840884582958,1.1327984687991193,1904.5832965459292,0.9586840884582912,1825.8937015420215,6.948462367707521,7.620882043151365,0.1286934033131554,1.0
3,5,2.7594850151629444,145.0,54.70976341733858,0.012104586955970435,0.007099351897836975,1.8892157688311626,1585.1901518570628,1.63573649890376,1058.9440411733585,3.271465191921069,1.6357364989104224,1.9488814913725652,419101.6136068448,1.63573649890376,685539.8061261767,2.0371564711243697,2.223485438875414,0.037235702439151024,1.0
3,7,9.65789654738064,245.0,37.98008677245924,0.007044420528179905,0.0028874759449624213,234.92014382399182,36370.74615869564,195.80904926286144,31391.624808724555,391.6028620758131,195.809049262797,234.74497019480492,25701.713175068973,195.80904926286144,5032628.021237016,0.20926789523485093,0.22930533923844046,0.005509937259716815,1.0
3,7,7.671880823780288,217.0,34.05453265839876,0.011437666039302503,0.004968153594696461,34.94560921387956,8226.698579505062,30.10777205463054,6717.368772339771,60.214334461966516,30.107772054614905,35.9274766728511,49778.42408225291,30.10777205463054,1498717.445507202,0.5236299638951427,0.5721396980754491,0.015376219346413538,1.0
3,4,39.20516937042862,156.0,51.89251328899842,0.005744965967972906,0.004507818832318413,1119.0974347420306,57709.77920168536,909.7497901551803,45122.55892268759,1818.7602611812863,909.7497901552089,1060.854301288438,2460.0476161344077,909.7497901551803,2238027.802550029,0.11512484942204859,0.12485212559908408,0.0022185252192526944,1.0
6,5,5.303182362159138,350.0,26.371056235063822,0.008001031530683681,0.003788162528712146,30.934315953152833,13964.220644155086,26.10022377593509,12145.6391715651,52.20020649517421,26.100223776138687,30.241262447787307,216547.05797800634,26.10022377593509,5651926.671246355,0.6100047967649569,0.65663552177286,0.023131602743839835,1.0
5,5,3.1099572121670747,295.0,31.726073796058586,0.027951774859400244,0.013844857088750037,0.9022047412692336,688.630185812579,0.6484219657307403,483.22016532617823,1.296841596321004,0.6484219657287454,0.7586038489897742,555360.0843636172,0.6484219657307403,360107.67759144644,3.8128960772381437,4.123701217929266,0.12018178176562869,1.0
5,6,31.516931126697035,222.0,52.18462893499227,0.0703320618030261,0.053603643887133165,3.9792350158209944,371.98233145733155,2.3269587094010498,187.58582622920534,4.653201392192575,2.326958709401274,2.7326684554286063,6498.643105416498,2.3269587094010498,15122.074173438004,2.1265099594109733,2.310534442880895,0.04074973805141015,1.0
3,6,33.961696289725865,258.0,60.85218904791773,0.01108098833585023,0.007550929604339465,297.9899702420273,19288.211236127758,339.83451488270214,17488.304522443887,679.4124791408242,339.83451488269037,405.534494890844,2648.258916988079,339.83451488270214,899969.784338434,0.23934366293634793,0.2628939295399875,0.003933197255202734,1.0
6,5,53.75594454400863,345.0,44.05668073097597,0.06850238888895331,0.057734220822560724,14.897455849549132,746.2776265612262,16.597327766516056,636.4924971664497,33.17209949993276,16.597327766517203,19.570598375967545,1470.6530776246868,16.597327766516056,24408.91116017251,1.2043342415575908,1.3166080923020778,0.027336018546463742,1.0
3,5,2.293983181507169,120.0,35.57264077078183,0.0563634959155894,0.031980731572135594,0.056678884212946076,41.25626917687065,0.059281587749394474,41.15447275205221,0.11856292948739804,0.059281587749189006,0.07217713362567794,481941.6169588034,0.059281587749394474,28570.264255828362,9.855550856346111,10.875661288097596,0.2770542372676793,1.0
6,5,3.0399046009661923,250.0,32.50417903142033,0.011117152222448743,0.00695373409061963,2.7735220118273203,2543.180588340715,1.764929085774271,1459.4037122050263,3.529853009013584,1.7649290857578825,2.059762027725067,683748.478081891,1.764929085774271,1206767.576320621,1.9056019225659073,2.058591811909343,0.05862636680421455,1.0
5,5,21.360542468421528,305.0,42.30574313306105,0.04209357143838547,0.024288385465935154,12.206277502087026,1880.6533758587289,9.8266928894219,1103.7237924687456,19.651828031880683,9.82669288942106,11.781165785121594,12615.545732580224,9.8266928894219,123969.09354652287,1.2059156925000936,1.3220765841034137,0.02850477507763469,1.0
6,5,2.902954657036968,310.0,45.59684538206576,0.020588778671968736,0.012413858748593479,3.1547792667299714,1842.1660751055479,1.2877279987078714,789.0495737916896,2.5754491379092985,1.287727998706347,1.5474993973358508,375457.0833245171,1.2877279987078714,483486.59851017495,2.479291128526301,2.7175096275325794,0.05437418110292035,1.0
3,7,3.800543549194602,315.0,32.36382157336864,0.04993415537090034,0.017231424123632738,0.7265353364475187,367.4375295931143,0.7668906944604676,373.6531734939123,1.533774928045608,0.766890694459421,0.9212281081995621,237394.3695276946,0.7668906944604676,182055.5329080986,3.8599709522578736,4.231065143600949,0.11926808283463486,1.0
3,4,4.4989781411828815,136.0,18.31679600216273,0.008398153748945337,0.004394867280394205,12.573696178979743,5173.089999239313,13.156108680313674,5270.374348464689,26.31205340494958,13.156108680362484,15.779583624833649,160482.62614543282,13.156108680313674,2111326.870871463,0.8310156420964724,0.910135706705213,0.04536905046048181,1.0
5,5,37.27852462248798,255.0,26.25289794440669,0.012851674327018465,0.006955601329588316,304.71252406575604,19515.196210281265,310.11334376066844,19541.19194150866,620.0705238921303,310.11334376065383,362.2440733112014,3970.6462199829393,310.11334376066844,1231350.376169568,0.17479114719557154,0.18940173886713507,0.00665797534297777,1.0
6,6,51.09361163221718,252.0,33.202408322991815,0.011103194609942402,0.007794727328406636,476.2099613355822,24096.223803206914,361.9009219519527,17173.66692082516,723.4805665030302,361.9009219519608,426.6567646933839,2251.8875105919424,361.9009219519527,814960.1662153115,0.1615967998240997,0.17618535221343362,0.004867020435749477,1.0
6,4,3.291822167726881,272.0,18.304143199532426,0.07697346635115698,0.04565975284199587,0.05706587222496814,57.4765917177374,0.05017787123732317,43.85876949703288,0.10035561111971773,0.05017787123836162,0.05897542588415674,763991.3129788975,0.05017787123732317,38335.45772908858,14.488083630348937,15.705719956699857,0.7915193556133799,1.0
4,4,4.369122961072296,192.0,30.763711227964716,0.010280981151155595,0.0054766717581449745,10.364318287775863,4607.980601040649,9.157490616546221,4130.920123574413,18.31489122867987,9.157490616537075,10.663156479535418,203488.8560040051,9.157490616546221,1863447.2894284017,1.125580278646242,1.2147127769766592,0.036587922383794554,1.0
4,5,5.111889237173964,200.0,66.56960398963025,0.026871717479012597,0.015102130419833019,2.3919868102602924,789.7394258287726,1.725693390910632,596.5365020229451,3.4513578987662132,1.7256933909137646,2.029039436627384,119494.18591528373,1.725693390910632,206210.32688625145,2.2067161669426203,2.392992943902994,0.03314900547232288,1.0
3,5,4.821953900771357,190.0,30.729546597392158,0.06782624248789638,0.03204443923842195,0.2934502214052933,135.08703556294077,0.2883198870133775,112.15099677722358,0.5766359629761241,0.28831988701306344,0.3398818951829613,151306.3230722135,0.2883198870133775,43624.62197259019,6.043203609775092,6.561849222963072,0.19665775382081116,1.0
5,7,5.748930289345303,469.0,14.579114982384143,0.02585211714541599,0.009834138832945512,3.534662051635881,1811.08133888766,3.4876236657616553,1669.0347735470884,6.975216874594406,3.4876236657640236,4.020949675943834,229019.01278150268,3.4876236657616553,798732.1288861397,1.857411402889958,1.9945731591807874,0.12740220549287506,1.0
3,4,26.2754838728624,128.0,52.4460513306645,0.023382510749781864,0.017318435657231665,22.53046898802658,1704.892556894824,27.917949478957198,1871.6492289717619,55.82347857428272,27.917949478956892,32.83343056552478,4494.505180552787,27.917949478957198,125477.36856358411,0.7598285241742613,0.8285787878028836,0.014487811854197681,1.0
6,4,3.379808965407822,256.0,67.43759689534548,0.012193497529331833,0.007621870300539857,3.0110434334402574,2395.4032462483738,2.4039986871385617,1756.3705129318494,4.807988366835822,2.4039986871193277,2.8001120402369435,533781.8742331773,2.4039986871385617,1283210.924874919,1.867952160606617,2.0162530078094205,0.027698972777832516,1.0
6,6,36.67965716717452,492.0,64.82301193891703,0.012120565042934538,0.008090990519053041,659.8535284297653,41012.93507910094,399.620562993809,24141.53156238741,799.0221861177416,399.6205629937958,465.28512612178343,3649.505166256799,399.620562993809,1458417.3091883566,0.18652532175625194,0.2012890731609146,0.0028774553384223406,1.0
3,4,11.843119290792009,184.0,42.14371392546769,0.015308951205763142,0.007489295927592822,23.070148684330114,5833.486758127845,27.286039885727238,5145.53859573246,54.57054523354803,27.286039885746863,32.28388794989489,35561.548273432,27.286039885727238,970333.8245870803,0.7104257465630255,0.7731032714181143,0.01685721737337703,1.0
4,6,7.6946089333686665,198.0,27.027050506205452,0.012139567161132295,0.0062839832755851865,6.663454438481054,2690.491968030063,7.271979656487698,2648.5853994165445,14.54384967606175,7.271979656478232,8.394291809081782,132654.70273023867,7.271979656487698,964662.2995917186,0.8832646341028981,0.9490145651473382,0.03268076307106094,1.0
6,5,2.0660795454624523,415.0,68.99989001173287,0.028628732893794747,0.012604145667850675,0.8882303505667849,794.7965583038415,0.781287432462681,703.3601346498036,1.5625729369110155,0.781287432454279,0.9469002564751855,810464.1745305149,0.781287432462681,633205.4740219321,3.8211343374531643,4.206986707278192,0.05537884678951534,1.0
3,6,3.8911066280510616,216.0,16.634786443218708,0.010575237813896006,0.004540070190725606,8.986509265498233,4885.555829472945,9.18206020594772,4372.589515158011,18.36403943301363,9.182060205882,10.947124362212577,226776.0288769286,9.18206020594772,2082271.1504136971,1.0522106265736386,1.1487817128930724,0.063253629985889,1.0
5,7,2.788451615854701,469.0,36.691509368185294,0.014355065093082615,0.005610199510181135,4.975919713409641,4007.4516589083205,4.91572710247597,3568.492928737574,9.83143554883394,4.915727102508303,5.982069992964122,526980.0218203217,4.91572710247597,2590489.9757255334,1.5069147019427678,1.6623666151583827,0.041069847708401795,1.0
5,5,21.018841861336426,220.0,37.33539600087242,0.05773989848713848,0.040635858904160514,9.645411220123952,988.8432208147655,2.9441404374372393,302.87572364581706,5.8877245408796695,2.944140437437161,3.4426679820769204,10583.075270372503,2.9441404374372393,31158.05985594573,1.5332435279466308,1.6604323814547586,0.04106675413087364,1.0
5,7,17.505395008083333,497.0,66.66065518209415,0.014787954695581034,0.006461229414474473,130.61529707547493,20170.760581790768,101.52283454898216,14205.940520560971,203.03529956877483,101.52283454895813,118.6620804206159,19579.992186699703,101.52283454898216,1987816.3072406775,0.4083552658964321,0.44199969640904924,0.006125881373066991,1.0
4,7,6.231440306160062,357.0,30.462752027585122,0.008608866632986711,0.003494462039906657,37.774633718461786,16295.157520090032,36.69428952149591,13530.397665751325,73.38803928248623,36.694289521511735,43.83405013577014,135964.06965677065,36.69428952149591,4989104.936506379,0.5701156666422449,0.6231376755029909,0.018715172750183064,1.0
5,6,9.261483023386347,330.0,22.92133195459112,0.05126300754236432,0.023846876227329505,2.659023703959606,596.9877007223319,2.101547563770751,487.28257786901617,4.203016950752445,2.101547563770042,2.4550597926432425,53762.978470888775,2.101547563770751,112985.45642655564,2.1711576912862816,2.347202113931365,0.0947221433548237,1.0
6,6,5.8938181623937425,432.0,55.17153420866522,0.07303015469543679,0.03560963264359732,0.20688438686857955,152.8534941924269,0.2513288220360747,128.21001965454843,0.5026557124979115,0.25132882203579904,0.289498570737865,260231.1866288274,0.2513288220360747,65403.5975924731,6.408271459502283,6.878076544893999,0.1161517719493797,1.0
5,7,14.71780290661873,385.0,16.882757264874417,0.010649708034791107,0.0047029461714088675,105.20114912562563,20284.12085703131,112.7157538788708,18273.520268324028,225.4229310050141,112.7157538789163,134.28322563965156,26283.01593568649,112.7157538788708,2962509.9554012776,0.27522261256079494,0.3005616937586449,0.016301994291738824,1.0
6,6,2.333887864831894,438.0,57.446872784768196,0.03186169183218225,0.014572953056030702,0.4689651808198613,523.2590037392899,0.31990030519904333,355.543914325718,0.6398000924529202,0.31990030520102547,0.3677551561849498,1235256.619923976,0.31990030519904333,395158.9697128186,5.7008570014165745,6.112730678475935,0.09923702936407938,1.0
5,7,2.6862370416565184,546.0,19.73484255079684,0.007286439847215709,0.0025030334031063816,21.07404919349252,18406.45133634724,19.979588087712585,17145.07929923026,39.95912191146762,19.979588087621128,23.6111795760855,736386.6994858177,19.979588087712585,14712702.928996831,0.8368025516953362,0.9096894563611279,0.042402291760951914,1.0
6,4,2.1900494412981395,296.0,68.71485512999539,0.025096498635717286,0.014686517776459204,0.39185224205536107,540.1374890896359,0.2679013478588468,327.7429766553237,0.535802337714553,0.2679013478591671,0.31309255335541386,1496638.7665517607,0.2679013478588468,400951.54281701864,6.185616339053233,6.687359295223873,0.09001861864295906,1.0
6,6,26.2959029053664,438.0,46.07584109578195,0.02310289259722461,0.01108859786176844,98.13770383345857,9735.184175191927,75.26683936230677,7226.28781280442,150.51734958091254,75.26683936231102,87.95507778887128,9217.712346626557,75.26683936230677,693788.0744814929,0.399677238901066,0.43234270943766573,0.008674334084758676,1.0
6,7,20.623174801290116,518.0,65.13479144839019,0.013491820577305068,0.006074285934769076,237.27045295439754,29012.972028490225,179.04566257414413,20397.692141388143,358.06373678833586,179.0456625741318,207.45352039458197,12978.797497415258,179.04566257414413,2323797.3973403587,0.24878946062390805,0.2680872482963107,0.003819609383735225,1.0
4,7,2.7586376243397845,448.0,38.204984885988175,0.005135546160553099,0.0018316887326224563,81.19418890128081,48364.95727138804,63.56588392738909,38206.1355271497,127.13141594141632,63.565883927018085,76.52257887241602,361258.4737256294,63.56588392738909,22963714.208629098,0.4508454193618114,0.4947386512358089,0.011800696184208167,1.0
3,5,19.13614657993827,265.0,67.23837930037924,0.034960383847193806,0.015984562092720294,22.213235055377815,2653.1269008612676,25.714429310922018,2524.057522824875,51.42352137735863,25.71442931092221,30.71313245742071,9634.844630844133,25.714429310922018,247754.53118155798,0.8611973821361818,0.9435134540649729,0.012808122252454774,1.0
5,4,4.793106676862443,204.0,16.91547205204516,0.02336875078558275,0.015556604755996777,1.138384619122183,775.6875510973232,0.8806629486837194,466.02394467132774,1.7613196075007471,0.88066294868166,1.0305662669909246,280025.1336508221,0.8806629486837194,246607.7599064856,2.960528030787806,3.2022808142573638,0.17501894252072406,1.0
5,4,4.329083908446844,220.0,34.19852225663513,0.006201303139600976,0.0035571368342714412,18.841844872791263,11947.638637138776,17.215275771543528,9425.09373684288,34.430436674746545,17.21527577138426,20.43665485043354,299739.09257109807,17.215275771543528,5160091.138123667,0.7557302874274207,0.8234795721686383,0.022098331669310516,1.0
5,7,4.902429665057982,490.0,15.526754731452003,0.07612185981712555,0.027646489165939786,0.8589470853257543,335.18928785647233,0.6085904406328237,255.96944554417226,1.217174000652274,0.6085904406289366,0.7154152466019951,176899.25444877305,0.6085904406328237,107659.1952125968,4.572657856464552,4.958374395549255,0.29450184121230943,1.0
5,5,3.5686252408142867,285.0,57.67001064381287,0.013488219640670832,0.006864818452906226,7.872110940851098,4333.476353153549,4.283992927564602,2468.334121316291,8.567960046403762,4.283992927578626,5.0372226860961025,331978.8400771797,4.283992927564602,1422195.0029917378,1.6412482703574902,1.7798821974320416,0.02845930236590951,1.0
5,4,20.193601359592,220.0,40.31680799008734,0.011763221483386392,0.007455498587659102,117.01667048054547,15264.994739426169,76.49039195015573,9394.47520012387,152.97064299296446,76.49039195017315,89.19402112833777,15084.512384719077,76.49039195015573,1153820.2646841404,0.41880077967865004,0.4527720098621573,0.010387746464988504,1.0
5,5,2.2384979529047175,185.0,60.00825770709749,0.025513873841580013,0.01576432634016626,0.20456138919467162,215.27867632844874,0.15923153855722974,166.7023093258803,0.31846278655657406,0.15923153855755598,0.18665186840555453,1096036.5813124795,0.15923153855722974,174523.59115739234,6.612847935258649,7.1598385739429355,0.11019896574128518,1.0
6,4,41.01665897338816,272.0,37.179815720917304,0.02864269023173764,0.021670074668929912,53.28556736005707,4750.542467492941,36.044289850110516,2474.506436397402,72.07328749550445,36.04428985011148,42.285267120421686,4713.073675256236,36.044289850110516,169879.39363586143,0.6959271810721098,0.7558372353192278,0.018717876018965376,1.0
5,6,36.809179444643846,414.0,25.685538166879542,0.027376569184138846,0.011112856446994824,163.11157569924023,10732.859945882745,163.82872232893953,10349.196147880895,327.57535696022757,163.82872232895258,191.6971049856778,3990.5535936314227,163.82872232893953,653767.2966297942,0.2880603005398285,0.3121546286749942,0.011214882813367352,1.0
3,5,2.958332323991481,130.0,20.717602618156697,0.023620739289051684,0.014266662800103571,0.2656615751601298,279.35656636264827,0.26475299409960623,197.86887855554116,0.529505040214376,0.26475299409467706,0.3064971425230947,558564.3635465193,0.26475299409960623,147881.58764628193,4.538915415354665,4.884081550247812,0.21908497324766743,1.0
5,7,5.726712076818627,490.0,58.893082082477704,0.009235900047365185,0.003472908195510016,52.64350236865566,20225.58100669688,49.14357130925641,18386.752602245455,98.28644048890568,49.143571309000215,58.250362367130066,139983.43213875426,49.14357130925641,6879285.779425325,0.4805341593754447,0.5232869629128585,0.008159433033280095,1.0
3,5,11.70534701425991,150.0,35.543896818883546,0.011293480408418575,0.006527995067643189,12.154384245019108,4235.474824352988,15.163558382768713,3535.090393733351,30.326558778175595,15.163558382755221,17.75167863979444,54349.90524736602,15.163558382768713,824137.9613163823,0.6715717993805286,0.7270062141234144,0.018894152287313077,1.0
5,6,3.952007525139598,258.0,42.71653109752802,0.050295441295218166,0.029203091814263914,0.4352658976177053,207.17768878933643,0.29488051901296236,132.85517208976833,0.5897581326048641,0.29488051901326373,0.35006294713176694,202985.38420820746,0.29488051901296236,59856.435447361786,5.126798665669284,5.586846561236996,0.12001907771874222,1.0
5,7,12.773165311547956,434.0,57.04143771526162,0.017248987563741575,0.007753796564299427,59.26526819062524,10503.96842629553,42.049626623222174,7113.2369057344995,84.09631446897697,42.049626623233934,49.06498396016313,28616.08771987299,42.049626623222174,1203295.8040380324,0.49066795055932544,0.5305655177922775,0.008601956230637673,1.0
6,6,5.368778692675386,540.0,19.762569364951478,0.04709790036229056,0.02011825843666126,3.326613529253929,1164.6394241896328,2.0626177311075455,747.0572040945333,4.1252040155064735,2.062617731108002,2.509839629138247,131180.78416226577,2.0626177311075455,270575.8113936813,2.6615668156266565,2.937109345231782,0.13467716502222085,1.0
3,5,6.679781231025769,160.0,63.469907527218794,0.053761389247105544,0.027708442871600902,0.5163584677647614,170.65962487425247,0.5847347621142338,170.89145595263767,1.16945583241528,0.5847347621140092,0.7006723220946733,85412.78315372021,0.5847347621142338,49943.82343890522,3.8472299895076154,4.212439748251786,0.06061502433823064,1.0
6,4,5.846081033451932,284.0,63.65563926285604,0.015520154647924545,0.008946452310122971,11.132272901216622,3902.887402668534,9.024433013054788,3079.322200656341,18.048711010395735,9.024433013064009,10.689407165708984,116431.47920705362,9.024433013054788,1050728.0847149368,1.0592979319954392,1.1531525596107945,0.016641069734941054,1.0
5,4,19.012801194206226,240.0,58.495389432073296,0.00912164362633032,0.006056413843779957,245.65976018741372,30009.30569214045,213.1136376000454,20491.668129473397,426.18117931872393,213.11363760006097,256.70508051780195,9245.537050031659,213.1136376000454,1970350.0322982396,0.22318737976794734,0.24549658791712667,0.003815469594011672,1.0
3,7,4.8707327178882736,217.0,26.72542726443738,0.0071249693733294196,0.0034329210848981525,27.691257376549917,12189.295081214299,22.236515073299014,8298.073742662882,44.47271079245062,22.236515073266702,26.17703937622395,139258.31291587214,22.236515073299014,3096619.574235982,0.6351880575339885,0.6890122861503044,0.023767180642204806,1.0
5,4,36.469695759283546,256.0,65.91133790778343,0.030110844538689525,0.039230594948322726,33.83526097070912,2841.3843169841793,10.617695351425889,723.8147996374215,21.230822215609336,10.617695351425697,12.59867092557758,4647.232462458537,10.617695351425889,49342.89851364149,1.2923129061960694,1.4154055363613776,0.019606837718939108,1.0
4,7,3.1187926009942863,287.0,58.72687661463657,0.015193995611082122,0.006642123143532159,4.019522059426053,2281.9444213811594,3.4509067465541285,1976.415579961513,6.901792451894019,3.4509067465785113,4.203262632709724,328012.2704832272,3.4509067465541285,1131939.7571631065,1.4939673494343435,1.6488776512530752,0.025439244100068488,1.0
5,4,46.9254637148663,220.0,30.081618856385656,0.005372560113390626,0.00391876631505103,1497.5446083538927,119391.03395778226,1486.5254583548692,79358.57721084142,2972.0081024864617,1486.525458354835,1758.4247542437126,2849.9880768245166,1486.5254583548692,4236579.832207477,0.0957660813609444,0.10448719787891175,0.0031835414782078924,1.0
4,6,7.28389484958456,222.0,19.59868742626195,0.006171327189811131,0.003288056312965776,117.09972201857998,25937.01091805993,76.22479293624605,17660.380918409817,152.44674592358064,76.22479293625985,91.13325937515877,53679.396776705726,76.22479293624605,4091700.9042469873,0.33145298423867847,0.3623819867932962,0.016911999106355276,1.0
4,4,10.212846774377798,148.0,25.064559995071036,0.008163872335076731,0.00575953557345258,48.21053249113097,11183.79406992111,30.05349149072008,6237.496147394517,60.10558762823214,30.053491490686497,34.88139030480697,43075.538277445026,30.05349149072008,1294570.3230793811,0.49596494564320964,0.5344803981580025,0.01978749859326242,1.0
4,5,2.5521250057862908,240.0,52.88607307457724,0.015915552039186712,0.00753695688948058,1.9295799835357292,1512.442391057699,1.5039616746615607,1218.2341703371037,3.0079187649812944,1.5039616746673399,1.756355312735939,656127.1595179674,1.5039616746615607,986790.1016195752,2.4861369416007126,2.686664598101388,0.04700929369618518,1.0
5,5,6.999105374095162,395.0,22.011221644420306,0.01522308369902333,0.006463127139349681,19.494108633852676,6872.291160355327,20.99584737584882,6875.951797408156,41.99130322580971,20.995847375865736,24.99907584346239,107250.3783044335,20.99584737584882,2251812.5738819335,0.7783471400634302,0.8493834000978902,0.035361378511252956,1.0
4,6,22.96232615969754,336.0,22.045832416060797,0.005455285091250778,0.0022106757331325183,1177.9340874218638,132640.01924270083,1213.4258640155278,127158.11359429781,2426.6307535921505,1213.4258640154687,1411.0753780073833,10981.499792067034,1213.4258640155278,13325235.87337528,0.09845399954821502,0.10625795826442651,0.004465878071199047,1.0
5,5,14.68902397317429,300.0,66.12508658896063,0.05360608867170652,0.029438937760960154,2.6165450348879875,604.4512089537407,2.1912936730181487,421.96395275434725,4.382469159140811,2.1912936730194246,2.5718386831175533,37080.83748630553,2.1912936730181487,81255.00457395549,2.3910781749905,2.5937044570395775,0.036159925050134954,1.0
5,5,4.221757821067342,290.0,29.26787903946779,0.00647918077689831,0.003290805867484476,18.589071710241537,12796.205125964178,15.772337216557299,9896.62723442629,31.544594312907027,15.772337216609268,18.2873575981541,393715.32288272906,15.772337216557299,6209810.839832141,0.8031021600324807,0.8648175450756161,0.027439711601564838,1.0
3,7,18.190214864597227,259.0,45.39939404584123,0.029075437405964497,0.013027517236634006,45.52526497711058,4159.580669461859,31.879067625039024,2893.7847376458944,63.75039844453443,31.879067625043294,38.41086012828122,8239.886347747695,31.879067625039024,262679.89410248457,0.5437121059151283,0.5982236443017931,0.011976197421624719,1.0
6,7,2.808405052989311,518.0,35.783347336816114,0.07922490175336813,0.032924636665286576,0.2533137982496338,172.99273581253584,0.14408304034182398,107.48800122520385,0.28816556290251,0.14408304034278235,0.16925060767108732,556537.2606492678,0.14408304034182398,80187.58057785666,9.302252022007664,10.08308501477185,0.25996036464808125,1.0
3,4,19.945223551600353,128.0,61.97100710682169,0.008615412143216018,0.007264221201860265,122.57791486321017,16215.06562748762,75.11075474281992,7418.700462753763,150.20611248296564,75.11075474282305,90.75776975061598,9755.542400028282,75.11075474281992,732746.1525917051,0.4162111120438328,0.45841491859993916,0.00671622314167647,1.0
5,7,28.582657732102923,560.0,13.63977524737987,0.015176402389539372,0.005219437149443856,583.8366935523591,48297.52439761964,549.646962416432,43785.214187237936,1099.1207207590994,549.6469624164905,652.8483558607253,6345.813329494996,549.646962416432,3487957.0206186287,0.16250790871345808,0.17718830083411377,0.011914265870669313,1.0
3,4,7.3100151235258295,128.0,21.513157232118296,0.0050370118873121926,0.0029304862954332342,26.156277306216698,13498.424872557303,33.43072602069993,12058.718550709998,66.86093816140983,33.43072602073425,39.023995141644065,130110.00725760334,33.43072602069993,4349672.005180216,0.47908557395381535,0.517722397213689,0.022269421860523542,1.0
3,4,38.089141022966054,212.0,37.61239491528997,0.02743593275805053,0.014780800442445058,112.65382138746439,7058.402446016411,116.99715980086235,5801.208673496873,233.89918415325943,116.99715980086535,138.72572806674418,2458.5912812922425,116.99715980086235,287648.1970223554,0.42341511273590876,0.46306214498110065,0.011257329231215333,1.0
4,7,3.683183756698339,294.0,51.33316415303776,0.00719936455342784,0.003620431917189537,20.942428882256593,13024.351457816438,11.551966445820117,6609.257699467027,23.103862310033488,11.551966445780574,13.632542199226203,327335.8211120822,11.551966445820117,3781372.42200175,0.7992266989908893,0.8683835046242209,0.015569402591435487,1.0
6,4,16.498544641501496,360.0,57.39470642830932,0.03022018888681533,0.015456465649094073,10.044647005554115,2318.104153563847,24.569574860535337,3294.2051806762183,49.13641635706623,24.569574860535184,28.805748749052444,17976.535976482148,24.569574860535337,441675.84640728484,1.1936941006914765,1.294276229241845,0.020797982513988428,1.0
6,7,2.687399223035033,518.0,17.229207340569857,0.019032728933891515,0.00821800780728952,2.3599525398436847,2177.0041604261833,1.670269448901621,1467.5231864333646,3.3405345704290133,1.6702694488749557,1.9654921910515595,771963.6813040135,1.670269448901621,1289387.3525437212,2.612587458919091,2.834412701375359,0.15163712452210118,1.0
5,5,9.492050089881781,245.0,52.27815236130824,0.059891448540652044,0.032225754352098075,1.2501036213731471,306.78228435561954,1.045110773524426,240.44519017041264,2.09018205800577,1.045110773522932,1.2252996018016094,52930.68793321214,1.045110773524426,55318.43220905934,2.9487948510455624,3.193889582709336,0.056405873540932655,1.0
5,5,24.077557819440514,300.0,14.526103290464006,0.07906646823106987,0.041053696808527385,5.175036875461977,563.6218219970167,3.974384141788147,409.41138902094497,7.948019288856121,3.974384141787527,4.708397606813872,10611.582549160377,3.974384141788147,42174.50540265885,1.6730886755913785,1.8202588990287072,0.11517807922305744,1.0
3,5,4.047568434836125,165.0,30.088936658687995,0.023862456089004242,0.012086578976341467,2.6293676190095723,947.313362005953,2.092229135639092,755.0038552280737,4.184426137946162,2.0922291356501006,2.52342956448171,130220.646526019,2.092229135639092,272451.4307234965,2.047980164849946,2.2493068990869296,0.0680642253357466,1.0
6,4,22.37529892680902,220.0,54.267659867090224,0.027140911049304047,0.01952120525303976,21.37508188811452,2016.670732209303,19.367155291567332,1824.0743691692528,38.729944485309645,19.36715529156854,23.05343515097512,8870.608496648229,19.367155291567332,171798.4522852829,0.6249748135325551,0.6838421112534797,0.011516524115158343,1.0
6,7,4.632612896095207,441.0,31.46480125999248,0.008101602334818932,0.0035305257932140674,27.824191122197426,14747.737781679216,21.865305147114377,11432.55865169767,43.730450335310245,21.86530514705906,25.859796570605674,273385.69795319915,21.865305147114377,5977661.708603542,0.6993509446376127,0.7606782420562247,0.02222645358090464,1.0
3,4,2.424865803487627,160.0,22.331162935470733,0.012874621508058418,0.006103875402787558,1.815732276105697,1636.9448540729938,2.1308356565218474,1659.123838174207,4.26166428359174,2.130835656522432,2.5639463591175926,606258.2975315007,2.1308356565218474,1291836.7974423526,2.2009417350032803,2.414400043764191,0.0985592081058758,1.0
5,5,13.441690364938601,250.0,34.50227393267703,0.00886301035280076,0.004859002869290774,94.0689490753661,16843.68023091394,82.80807789041332,14288.94722529872,165.61059375437958,82.808077890467,96.41059677633925,29775.225294870375,82.80807789041332,2465629.1754222307,0.32752994683909487,0.3535218226205871,0.009492995953779497,1.0
5,4,6.096431222910773,184.0,25.984392597356745,0.06596088652486767,0.04664118172465252,0.09408239371479413,68.23993466058123,0.08734480497279214,46.153437768447546,0.17468898429613325,0.08734480497315246,0.10073708268065651,279211.9177907875,0.08734480497279214,24387.710505515606,9.219799766398426,9.900596273879428,0.3548206767525637,1.0
6,5,2.944604265860402,350.0,24.83362415661708,0.06568600327172254,0.0351751822517908,0.1529681887072065,126.83429345235925,0.1009986158561979,81.75066244627611,0.2019969233959438,0.10099861585489807,0.11812919207425641,655166.5515017693,0.1009986158561979,66170.9148569571,10.095524200671838,10.919902406497888,0.40652641503321696,1.0
3,7,21.147950497791967,245.0,23.400968886465076,0.0053784066816839945,0.002262098464569839,1091.4943143162207,103420.1528047855,1114.5282939426663,95437.2881971887,2228.752633870708,1114.5282939429,1331.653229687542,7332.532301615962,1114.5282939426663,8172314.71639953,0.0919375864135291,0.10063060122443979,0.003928794011033664,1.0
5,7,25.979186489568416,301.0,20.023892073164877,0.010759893178232985,0.005264996593395946,146.904901771061,19125.925236864205,168.3408995689199,17532.149702931227,336.65076150810694,168.34089956891472,198.15182388080532,10846.535786322942,168.3408995689199,1825915.591476086,0.19064750007217285,0.20701375077152828,0.009521001180767954,1.0
5,4,15.507643990756188,148.0,63.21135542767727,0.024165693484535948,0.01836557416030351,9.347834808746224,1241.2613955977088,6.719949730193734,926.928536411054,13.439193122115634,6.719949730193543,7.832489139997254,19026.56795663303,6.719949730193734,127857.58020668887,1.007465467351421,1.0888636415747004,0.015938045633337256,1.0
6,4,2.7051665104287856,360.0,68.0782904078547,0.015710894877887873,0.007533276708021102,2.893382216379565,2648.197656533975,2.424461330438824,2129.4052337292233,4.84891637506081,2.4244613304161087,2.8591830782090355,771411.5038344049,2.424461330438824,1870257.360902175,2.33631771002377,2.537227811749453,0.03431810193862054,1.0
6,4,10.188175015338127,224.0,24.970866384857274,0.043149417734785006,0.027678056879356937,1.4088976935606194,421.6461157267274,1.4294913922896872,349.2874086318331,2.858934899359748,1.4294913922903147,1.6689719139077368,59703.9096136933,1.4294913922896872,85346.22487881608,2.3207272453614753,2.5085830411342998,0.09293739390511499,1.0
6,4,2.5522740636894063,308.0,34.99702389813008,0.04032357628963325,0.02192986794052373,0.3229902699045111,292.31830186665513,0.24408088263330707,214.1042539000805,0.4881611308350588,0.24408088262991692,0.28630695616061785,769454.709246569,0.24408088263330707,187809.1845792572,6.66337598896373,7.217212697172736,0.19039836096805246,1.0
3,5,4.365905362857475,190.0,51.66483966774147,0.006927703708256343,0.0031751784349924434,24.303624115580615,10870.340425938095,25.968949047751305,10855.861682887991,51.937600886400055,25.96894904772546,31.266644692718614,174751.0741528039,25.968949047751305,4538101.740713974,0.614703033538561,0.6745657784622849,0.01189789879329423,1.0
3,6,50.58298362221043,132.0,64.30698936543047,0.06773798980336947,0.4148559372471235,0.22568223794949743,66.78827294768176,0.05673404421160791,2.915388649501515,0.11342513439769689,0.05673404421161078,0.06649130491667493,2640.617101940691,0.05673404421160791,149.8128874074311,16.44104224473185,17.990551060511535,0.25566493482231134,1.0
5,4,22.138318199965354,236.0,34.338270013606376,0.0092337483458939,0.0051650849418489984,227.4516807260311,26948.184060027776,209.583424986624,23261.39815974045,419.13282530404393,209.5834249866122,244.6665254970972,12318.498177931266,209.583424986624,2581753.038822322,0.22165416067917218,0.23985185125165115,0.006455018281099857,1.0
6,5,10.745300466409807,375.0,15.326821853489928,0.01922404796235973,0.00920513794419321,42.821065971712805,7367.39473519931,36.06276766764348,6169.69639067753,72.12307119891875,36.06276766762997,43.00578948903117,29269.107391780577,36.06276766764348,1055525.0197090893,0.5552671936217045,0.6065549335688784,0.03622846268649425,1.0
6,6,25.191060356352708,408.0,32.32617763655267,0.019518264664488416,0.010583193586603762,72.47586548814579,9871.307142179176,49.46235868486143,5929.474224379775,98.91783414622053,49.462358684869976,57.91044988835284,14370.858924962831,49.46235868486143,710816.5787560537,0.4928791682129473,0.5340291916397768,0.0152470599448673,1.0
5,6,22.88591644785184,330.0,23.740376122623264,0.014362346418777285,0.00767511846063885,191.22670217223896,22192.979656641164,163.92202716723716,13554.051984854284,327.7961096865997,163.92202716724262,196.76406175082235,6836.9698004576585,163.92202716723716,1120729.9493722003,0.2520392764327744,0.2762652236236601,0.010616482027535989,1.0
4,6,19.073401824888297,372.0,31.65012332449965,0.04758309874667125,0.020147195528679305,21.346814845806342,2281.355295501475,16.740030443086344,1737.3225388652136,33.476952768165845,16.740030443083405,19.76052236809303,10770.811390657907,16.740030443086344,180303.71057635453,0.9227970617169218,1.0030044750646985,0.029156191660163464,1.0
3,5,12.777770406374886,210.0,39.42997327441237,0.0646387717304822,0.028120929781866488,4.0749162470326965,518.8929076199317,3.557279014549108,475.0604535861248,7.114159131259679,3.5572790145467317,4.249206329130238,17834.539395050368,3.557279014549108,63442.43272416201,1.8457290800656303,2.019070887737856,0.04681030512550195,1.0
6,4,14.758578952377757,256.0,44.64712589398708,0.055518431589043175,0.036137249488346464,3.190688675060665,558.4267749036803,2.1962309287556105,355.15099007789235,4.3922938915275385,2.1962309287557567,2.573690227977489,26149.90123345283,2.1962309287556105,57431.22187281359,2.135049964592647,2.313741906975285,0.04782054660499856,1.0
6,6,23.295919576051453,408.0,33.26421044572464,0.009839643488487398,0.0047382032619008715,716.0736338418812,63666.861686022545,543.8773312655584,44478.05182519071,1087.5920416075485,543.8773312656378,653.1455542975067,6687.897330057942,543.8773312655584,3637395.7516499665,0.13697657517709338,0.15027880843337435,0.004117836357504725,1.0
4,6,2.025615335208604,120.0,69.4438935794877,0.006991043809330959,0.004755192318687668,1.2294115058874955,1264.458390640033,1.2315632448605869,1146.9226626238617,2.463123649651032,1.2315632448681664,1.4872173567626397,867271.0110075489,1.2315632448605869,1068099.1004899787,1.855774030174087,2.039422905693224,0.026723358016351843,1.0
5,7,3.593581832200991,364.0,49.509227922036196,0.03907318172382692,0.01691454547529694,0.5428664693034125,380.1684481417957,0.5976079617869678,363.1911077296252,1.1952126875907838,0.5976079617917324,0.7257511522580431,369349.62631941296,0.5976079617869678,220726.2773715226,3.715948112838564,4.09539177089116,0.07505566676762136,1.0
6,6,10.32964677596174,384.0,61.73501036918673,0.009033385706178183,0.004681117705014368,187.16587925735482,33708.78720567069,85.22145556386104,17072.445465311423,170.4386642030879,85.22145556383488,99.79542157689515,40132.255923227414,85.22145556386104,3420129.264838824,0.33460125203596236,0.36226224438492727,0.005419959436873587,1.0
4,4,15.156756745496164,180.0,52.227144156154374,0.053870820346925426,0.03217484832023205,2.561194134919718,452.316370141218,2.403414713528901,350.27907519636375,4.806603136046603,2.403414713530112,2.822597103221165,21240.804303843008,2.403414713528901,51050.46159104429,2.2104041501507847,2.3968416120327096,0.04232289905689422,1.0
6,7,4.249948855666538,581.0,18.345767449216833,0.045479885741911315,0.01729146884592871,2.0378532989598703,919.5289256653938,1.4577908295814916,693.6580009926327,2.9155687819004172,1.4577908295721258,1.7333109503448094,226412.48543225141,1.4577908295814916,330062.0449658892,2.7514448209567797,3.000253196024001,0.14997709027834846,1.0
5,4,5.073800921201203,308.0,50.30186278337011,0.0413036699460608,0.019680423519100272,1.4756124088667866,634.1372572968214,1.3049058921574754,556.1461415878133,2.609797416607208,1.3049058921548087,1.5558080424587464,181643.3374133242,1.3049058921574754,237027.46126179514,3.135263205056434,3.4239092710776653,0.062328968184712195,1.0
3,5,23.17936687145558,130.0,39.796156814959836,0.01591804041426536,0.009944906614666663,48.944726036063344,4353.316668001888,61.98118084113158,4402.322012974784,123.93779424577846,61.981180841130794,73.72107906465659,5044.799620462206,61.98118084113158,312682.63758313993,0.4156109175310096,0.45469746526941446,0.01044349381432673,1.0
3,7,33.710838426679985,203.0,53.72062732578793,0.062855207434021,0.042223443882286854,3.6539397309507016,407.54865405343725,5.147938288736014,313.2586751306683,10.293096822545529,5.147938288736047,6.032752684170526,3702.8792445582435,5.147938288736014,19062.193841627268,1.4918973988508917,1.621985490046154,0.027771406871392297,1.0
5,6,28.4297103038788,390.0,30.165651306198537,0.03133551553208124,0.014981747362803615,52.1602354785605,5030.75333566192,39.80214621466399,3655.537649448698,79.5948562657227,39.80214621466237,46.143879470685896,8435.086505756113,39.80214621466399,335734.54643544403,0.4444169565224951,0.47946349652934367,0.014732549680807814,1.0
3,6,13.670151905200331,186.0,48.354550152387645,0.02534242949276837,0.013290625168140266,9.788808182059713,1954.2650523989892,11.293358324571647,1536.2139114712825,22.585496051676877,11.293358324568997,13.447220095767838,18503.64003791748,11.293358324571647,208968.2372570926,0.9557318824786464,1.043279094295901,0.019765086831884306,1.0
3,4,6.595244713560188,88.0,54.56783985556366,0.03344743586877569,0.024101391541533998,0.3452185951901131,149.34612565067295,0.4074446279988536,135.78571580104045,0.8148819189111195,0.40744462799933856,0.4868214746316777,111063.403903428,0.4074446279988536,45252.18728771865,3.6579268182671565,3.999065796853511,0.06703448089477926,1.0
4,7,30.234371819958955,301.0,27.924003835649668,0.05030671737167344,0.025399577479964262,7.746792256869657,1023.5778538756334,9.602341901214018,867.5995876093992,19.20233162746387,9.6023419012129,11.293360787041088,8163.649362063652,9.602341901214018,78390.1523361629,0.881250751256556,0.9569443878246464,0.031558896655482185,1.0
5,7,9.853995959217974,392.0,32.13506346028879,0.005845232104735872,0.002528643837224536,230.79634495569297,53820.94150584745,202.82226140330013,46044.12349110336,405.6366519863628,202.82226140345549,242.06707278434953,51536.76792750808,202.82226140330013,10452803.816474259,0.2193447011035116,0.2397210359288655,0.006825712398998959,1.0
6,5,5.269948099903949,250.0,18.022589073095403,0.01414492887513334,0.008589008644848491,8.256449150158904,3212.5926865240326,4.4250954209215,1865.2587210296945,8.850141031758728,4.425095420923605,5.133271488160491,177677.6814003795,4.4250954209215,786240.6943647685,1.2173371726718216,1.3112019294062232,0.06754507733237367,1.0
6,4,6.425405775279625,244.0,40.840681994094055,0.03672531326963262,0.02423118859878759,0.6238695269350769,375.232722198799,0.552521749564283,258.7733892813097,1.1050384613783375,0.5525217495659729,0.6445532888836287,219351.43068923862,0.552521749564283,121196.43625384668,4.054682319793182,4.379708961777113,0.0992804752961649,1.0
4,6,52.53370111298891,216.0,58.83470122314438,0.006461886643738328,0.010888088966823082,169.76494566604936,21395.44040417169,217.27408731213686,8805.653901875941,434.2837717051208,217.27408731214655,255.34305184563652,1642.507477089713,217.27408731213686,356874.31298802793,0.3072214718204201,0.33615784823792116,0.005221773297619218,1.0
6,6,15.067312559826956,348.0,67.79221896753715,0.009616820638437341,0.005224093225542438,244.4421684102632,31395.823217528567,132.49882132190217,18179.125769603233,264.98356606934374,132.49882132189833,155.50337950860632,18824.43537358917,132.49882132190217,2494215.4990508864,0.23893065108720316,0.25903619200558703,0.0035244553833179144,1.0
4,6,33.217122097534876,276.0,67.22049455963491,0.007880890525272917,0.00633031147857593,109.00646484542048,17269.620804493003,256.9824990804499,18567.787428446292,513.8665659709703,256.9824990804235,300.3396281393085,5220.513397243419,256.9824990804499,1341580.5793065832,0.22654373697867564,0.2447399735543843,0.0033701587360041884,1.0
5,6,25.558404940259248,408.0,28.3714628266223,0.005767401281415665,0.0025370051274460266,1474.594882753792,167893.7485828551,1570.646465983501,139844.3658457757,3140.8967263827626,1570.6464659833905,1851.0737620420603,7927.441846041747,1570.646465983501,12451208.519775191,0.08927602192919391,0.09696632472514323,0.003146683781331922,1.0
5,4,4.085328108213329,152.0,46.69017582239879,0.02939012210737264,0.02241315667583691,0.22130056282586286,197.76306217829622,0.21345880462824562,137.3197282384246,0.42691657766962954,0.2134588046276429,0.24928051196727,413845.01138757705,0.21345880462824562,88338.8614321549,4.9051404778788035,5.301489846359017,0.1050572286670561,1.0
6,5,14.16306330514317,400.0,34.753912599351146,0.07620293768469874,0.03675310314431839,3.161111664649032,575.5796683913538,2.221235452508055,392.9218558340556,4.442328937970119,2.2212354525059803,2.606816210796695,31291.26929967729,2.221235452508055,69505.2767224201,2.50545022708051,2.716196783969976,0.0720911701644576,1.0
5,4,47.307503480715454,212.0,43.20189114539123,0.07107975384889265,0.11715616204873891,6.6843963138205895,452.2062582303597,2.4818585094016905,106.57779174362462,4.961026771696137,2.4818585094016927,2.9416285888063554,1844.078470831887,2.4818585094016905,4576.741844838576,4.338940579881954,4.750534455895645,0.10043404269687466,1.0
3,4,49.52490606200565,92.0,13.703579537948963,0.053703017182162915,0.03944990915497285,8.883123979273897,502.26266688529233,11.691712822801318,453.69902414414184,23.367907478893574,11.691712822801382,13.928356341424706,1505.8420183778035,11.691712822801318,17605.87243538078,0.8279794740927954,0.9060732656243854,0.06042067124140036,1.0
3,4,2.478496248763193,164.0,62.050089634413474,0.005348678465710871,0.0031323390587688613,4.271368141024,5820.066511324554,3.711081920001169,4222.754972420595,7.422158107331624,3.711081919885827,4.2672239827145235,1294764.1962762938,3.711081920001169,4804975.999465799,1.7304250262846352,1.8555436445569768,0.027887550791303412,1.0
6,5,51.43146501935398,380.0,13.26255208411086,0.02084483458471154,0.01050285645523119,415.56462567993594,21759.21887710508,333.9306003910232,16456.840780908253,667.5863310382593,333.93060039104387,393.09199725412094,2428.737051013926,333.9306003910232,811029.6216370033,0.19943146228318157,0.21679452318880038,0.015037185981882742,1.0
4,4,6.3365753434298515,84.0,28.08352322158605,0.06333976101648787,0.051668541466238324,0.10100761250788985,34.050801137995364,0.09602089135853167,29.85761271435799,0.19203979656503517,0.09602089135865648,0.11332957771985981,96689.36199554724,0.09602089135853167,9284.198723700183,6.850694315899385,7.44323923306366,0.24393998793690116,1.0
6,5,3.1190469746215257,255.0,43.4499543642605,0.01466680085214067,0.00859878608533784,2.6948596294031937,1707.2943149052785,1.7235189963639017,1179.8892510924686,3.4470306375138224,1.7235189963595936,2.018304103899012,468651.8549947668,1.7235189963639017,807730.3747646613,2.0264465426622396,2.193084563273222,0.046638634546624085,1.0
4,4,11.125020543901286,208.0,47.279672447173795,0.023580334979884855,0.012897228921919732,8.991469519674789,2217.91922291329,8.145051686252492,1735.2080406739801,16.28974445148567,8.145051686238046,9.631470001140892,45385.32124379711,8.145051686252492,369665.7873279007,1.0673613001273752,1.1615302425315361,0.02257548000824143,1.0
4,5,3.6811441723773655,270.0,69.5521989578514,0.013253516498368693,0.005935201085720844,10.278798792855259,4852.790257357648,8.169481629968374,3885.9058132987366,16.338891044986987,8.169481629962092,9.850576658873683,226253.62118095823,8.169481629968374,1848374.8019516617,1.1646831290446822,1.2789858953457944,0.016745453723907126,1.0
4,7,8.213397720905704,329.0,14.815097542137018,0.007575564583556423,0.0031546361471660638,69.3931915218768,21873.31616270238,66.15339453424235,18974.26009759786,132.3051808263037,66.15339453418888,76.23078497340991,82266.95654819191,66.15339453424235,5442238.433663912,0.3627911713982592,0.3894565228949077,0.02448793673928981,1.0
6,5,31.53000969432016,315.0,33.74722191007483,0.007951939594894986,0.004685229085659254,314.62131373623134,46703.698657271234,452.6537924952255,39001.14385293886,905.185653663412,452.65379249515394,529.9999162326947,7423.733315368826,452.6537924952255,3360381.039674853,0.16712754315151473,0.18111016415589412,0.004952334849868659,1.0
5,7,45.31304376994956,371.0,63.13705664891358,0.01597523717693052,0.014666588724499293,100.51064631437002,9798.400549468404,82.71476254420502,4887.772717903981,165.38216279589764,82.71476254421468,96.96262491244828,3491.8529901218626,82.71476254420502,288827.79091720213,0.4761664418394361,0.5181984738331527,0.007541790306875664,1.0
3,5,10.228456650232562,145.0,18.84616530546864,0.017465286672146564,0.010444320232495275,18.60148893595405,3416.538913990498,13.346313586211494,2067.6330284815463,26.69151505932672,13.346313586209602,16.080860427873432,24000.72010627625,13.346313586211494,320321.1368332541,0.63520523805888,0.6973449325707763,0.033704747239724185,1.0
5,5,9.914964491405938,215.0,33.180848080241816,0.040512580791799306,0.023820447471372977,3.9884422604520013,729.753546668838,2.8979730551528844,514.1252478418969,5.795761964699018,2.8979730551530674,3.487941876775766,31473.79975795267,2.8979730551528844,91210.22364182421,1.5609150050387846,1.7129650520468396,0.04704264946043564,1.0
6,5,3.7115942922983916,335.0,51.36776319975121,0.011206861412624222,0.0057358090547676285,13.270030707826914,6836.866369603139,11.583302003361052,5357.664459197753,23.166495720261725,11.58330200335161,14.095016540355894,213937.17808903393,11.583302003361052,2478098.943552117,0.8719885929673862,0.9620638964912278,0.01697540516951319,1.0
4,4,11.346544685052347,236.0,69.98334478148713,0.07986982382458792,0.04576037425206887,0.8780146351243787,232.97993615327155,0.637067641571785,145.37308813707588,1.2741108144774191,0.6370676415708647,0.7500585329095544,52071.12240818884,0.637067641571785,33172.82714658059,4.742360558918173,5.150456791696834,0.06776413121901372,1.0
3,6,3.425027181072254,204.0,25.781323975599094,0.04454685302177422,0.01881937109203471,0.6429188858722793,290.2039729781256,0.5378058099415557,250.63545045113523,1.0756066674452869,0.5378058099440405,0.654359319711403,217187.09578013496,0.5378058099415557,116804.4819548897,3.908131464991418,4.311362935555203,0.15158769459203472,1.0
6,7,20.24324294596327,455.0,38.482157644492844,0.005521959725384151,0.0025881059571271677,638.4840320115928,100780.43951536286,647.366286198996,85571.5836106913,1294.6584761467439,647.3662861990687,754.5879863507222,17472.6582221984,647.366286198996,11311209.86332893,0.12606852895635434,0.1362010040452315,0.0032760254796782664,1.0
5,4,40.72128087120568,228.0,58.364468093919726,0.01455618233136722,0.034638161024636065,183.06434213736836,11560.77296080928,18.455856170625285,1017.1181594585411,36.89956316584299,18.455856170625783,21.775975256049396,3037.207211595686,18.455856170625285,56054.259457595865,1.7547302261869002,1.9162810016599965,0.030065042713371425,1.0
3,7,37.99877887326107,224.0,38.444750902499024,0.025339299402090155,0.013245365927467626,76.81899921968532,4730.9914863889035,81.37744552165262,4179.428871574625,162.6932111434201,81.37744552165124,95.76610422756298,2637.7022571956336,81.37744552165262,214649.4717372778,0.3775952701873218,0.4111681656156255,0.009821763994386473,1.0
3,5,23.58707477467331,100.0,17.599623144372952,0.030990836920436974,0.02343980709807777,2.0883118792311173,464.30859198684635,2.8211824246830153,347.1250255366579,5.641992180622109,2.821182424683086,3.3101671182426804,15139.4295081719,2.8211824246830153,42711.09244818199,1.167360219544312,1.2657870790449608,0.06632870544830653,1.0
6,7,28.781099399876574,609.0,62.05434110725594,0.006907555972065855,0.003532779399794401,1819.8944812090933,164776.10627764973,1980.6166290481624,128444.04573356104,3960.2915852401484,1980.6166290481253,2366.6919794825953,4205.591739818078,1980.6166290481624,8329664.934871278,0.09371158982087076,0.1027355626577516,0.001510153651601873,1.0
3,7,14.340662704281883,189.0,26.264530730328186,0.005178803314569602,0.0026763643890931783,75.71756860470838,24624.827909973803,96.37706697401156,20477.19954910192,192.74986421844991,96.37706697399702,111.24175864777453,45143.342740466906,96.37706697401156,4350782.966728738,0.23584972667224588,0.253405867644073,0.008979780720007513,1.0
5,5,2.269806038982786,290.0,22.867627440813553,0.051713073367130186,0.025356695131166722,0.03692060466461363,71.69264398252523,0.05001682545471803,71.97566186944904,0.1000336026008412,0.050016825453740164,0.057428654199198945,2070804.437112636,0.05001682545471803,103575.06408191833,12.81260752811207,13.729515474454022,0.5602945719346668,1.0
4,7,12.102578974597966,287.0,42.55601466015615,0.04908783652794793,0.023347490365745665,5.593704290770286,846.9598043246166,3.8002245074737617,581.7997335244418,7.6001247558294684,3.800224507472599,4.5003220015946575,23438.430523985924,3.8002245074737617,89071.2980939724,1.465701563059009,1.596940038291432,0.03444170171393655,1.0
4,4,11.075099184780246,144.0,18.292120337719563,0.024016068624801795,0.01710566410012247,9.171264159469004,1584.2608957855857,4.440324074423796,794.3561521676202,8.880370669986021,4.440324074423433,5.128707195987222,32003.7737032947,4.440324074423796,142107.12684715068,1.139432629240672,1.2253555619284815,0.06229089948042199,1.0
3,4,9.662863909904182,148.0,16.8594991063447,0.005649320943004024,0.0028713767882758527,92.97331250792587,24522.40525008006,114.30003202774847,24665.84945639591,228.5951553431227,114.30003202767953,135.57224868751686,46569.27200732393,114.30003202774847,5322869.281946056,0.2998552862054514,0.32667718423999964,0.017785539434715916,1.0
4,7,19.22182358846586,238.0,45.14288317244782,0.018007625494139843,0.009276696759892329,61.90285547987931,6040.411635843086,43.40341356781122,4475.6724609307985,86.79866424037338,43.403413567806645,50.70191895667107,10633.318410877528,43.40341356781122,461522.31658553856,0.4104159216245238,0.4442043633551964,0.009091486692525082,1.0
4,4,6.2740592036188,216.0,69.56627330912569,0.05726361861332117,0.029906923512260472,1.2232920739596498,340.0054428005789,0.9446141687017385,261.71412281763105,1.8892037261685584,0.9446141687011878,1.1344987930275954,76761.84543155682,0.9446141687017385,72510.3268103414,3.534860146389594,3.8749657801075346,0.05081284332541487,1.0
3,7,19.121559538004174,273.0,42.96455996657819,0.005011374159105209,0.0020057203133050853,1080.3577370629998,113730.53507828494,1079.3676352334517,110904.3436805045,2158.5308144358387,1079.3676352329976,1268.7418075027124,10557.43287583279,1079.3676352334517,11395351.357323539,0.09776347696201107,0.10613065176467457,0.0022754446231512794,1.0
6,7,42.05409675527723,630.0,66.65503597133387,0.07190521583728501,0.19845361247314133,12.601247762571548,1371.7728639117802,0.7576345563712426,45.39778052457353,1.5148472034042149,0.757634556371118,0.9018716807703705,3590.456685570362,0.7576345563712426,2720.254058142263,16.640882007949216,18.23780989009758,0.24965678534936067,1.0
3,7,32.64828919180747,217.0,28.415029354068274,0.009329501350244969,0.004411483356407663,1088.007501872662,53695.10958132369,758.0855529225756,37841.825029062056,1515.562878063788,758.0855529225541,898.9835459263987,2491.768585075939,758.0855529225756,1888973.7655723973,0.09429629802515112,0.10304732321081997,0.0033185360060749122,1.0
3,4,21.818954108088526,176.0,48.98676326877672,0.03841994627522454,0.020683101448139254,18.078185097823873,1634.6203083921482,18.919573146261047,1524.6890170634683,37.833320774007404,18.91957314625855,22.60170444953088,6494.412593662406,18.919573146261047,122871.51410779482,0.9062129805556933,0.9929964522045536,0.018499139769320036,1.0
3,4,51.0167347489156,144.0,58.9364423143789,0.009155702448345529,0.3009529884528057,54.43803305599575,7104.264402601509,0.3820982227937809,13.464166319348747,0.7635814861230676,0.3820982227937748,0.45609336574142695,1241.6777531283808,0.3820982227937809,474.4428627529294,14.115451825778779,15.528618462573652,0.2395029504917196,1.0
4,5,3.2215629210978594,310.0,56.28122469595084,0.008503029766406909,0.003888769831239619,5.513039734262956,6619.149586945888,7.002313165377691,5870.643989465486,14.004606406289888,7.002313165281325,8.406288237705533,702891.7229258476,7.002313165377691,4921867.965278671,1.3705918865515434,1.5018196221152709,0.024352559738277175,1.0
6,6,9.23071474410234,366.0,61.96253637175267,0.005135341344096176,0.00263831263758363,130.3769117727638,45004.37919815186,110.75383602627063,33865.474927494186,221.50530293137842,110.75383602645903,130.86907160386104,93496.8085104652,110.75383602627063,10355130.198747687,0.2596420473022842,0.28237342992652914,0.00419030695813558,1.0
3,4,13.313846630809422,132.0,55.10326621648143,0.019441522609042836,0.011409989744312425,8.330285514497854,1721.6479941172825,9.290553477617575,1652.307262538194,18.580519520801115,9.290553477620412,10.77055770225907,31629.945854112713,9.290553477617575,293859.70345178246,1.0413892919080225,1.1221580571220164,0.018898866862388317,1.0
6,7,2.9073858697757125,448.0,29.030175121787266,0.061102063743830565,0.027295839466107964,0.10474601504423449,125.50614813042492,0.10386103185187374,102.03422370831039,0.2077218484741248,0.10386103185030547,0.12120057100830814,965131.4400120165,0.10386103185187374,100239.54723233281,9.41898137507135,10.17457326063299,0.32445485897197934,1.0
4,7,2.588795492841891,231.0,41.772384983300604,0.005204043294974287,0.002462938958268729,7.9808378256811245,7249.315375642066,8.584816268145428,7413.91457045612,17.169609515105627,8.584816268134665,10.10388772527446,745818.4884995954,8.584816268145428,6402714.693154961,0.9595424009946987,1.0409782267507168,0.022970735364482926,1.0
3,6,2.9991145868555087,252.0,36.02708943808286,0.0076577536026044704,0.003146225788625374,13.518937173830283,8814.988456383691,11.640377191361688,7554.165685489619,23.280699103842345,11.640377191226069,13.44941809800773,421152.03677820973,11.640377191361688,4902368.5630085915,0.9983729259008275,1.0731886667925057,0.027711728631774665,1.0
5,7,34.93868067437539,196.0,59.967250650822116,0.022477492940440536,0.017394146476016524,22.346813295642907,1654.605238791691,24.681185720106782,1633.82069535442,49.3511093196182,24.681185720106285,28.84410051772847,4382.044119147058,24.681185720106782,108154.04473837028,0.515019151635729,0.5586224703896318,0.008588340236483201,1.0
5,4,7.708886759322888,228.0,61.32712715749341,0.07069466629482006,0.04102107410010729,0.3025937736056869,127.80925778563078,0.3462035906016118,118.10955593847801,0.6924012321114844,0.3462035906031744,0.41182174384055875,116387.66029251492,0.3462035906016118,40293.825894989306,4.9070694950295,5.353714907204717,0.08001466434955803,1.0
4,6,6.599942145072746,240.0,62.25065009236643,0.013533319379933507,0.0072802495262709824,18.355350604734284,5344.383031846617,12.258896064598266,3337.276815213085,24.51746130769374,12.258896064610335,14.757643022373584,74110.84017052605,12.258896064598266,908517.0869105328,0.8532047695163945,0.9364387291963013,0.013705957580369427,1.0
4,4,8.210313698466969,236.0,24.02097651452434,0.0084091024230169,0.003827223013161506,88.07266949254594,20626.725026543056,81.22067575490773,19723.130113307736,162.43859683276852,81.22067575508682,96.57555368059721,58968.28301185764,81.22067575490773,4789443.794329723,0.408253326917931,0.445266085968418,0.016995700681488934,1.0
3,4,34.18366119971977,100.0,35.33167273143204,0.07557483225687604,0.06327748435227207,4.418576497457989,200.70353719354543,2.9811168240581707,148.4136970080876,5.959829042672072,2.9811168240582764,3.527819599077054,2478.506008687637,2.9811168240581707,7388.7159610279805,1.4543049746781267,1.5906609036676953,0.041161509270528716,1.0
6,6,18.60933578641999,504.0,28.712732631835813,0.05298825820840074,0.021326152637435855,17.52281708343252,2165.1768885267325,14.232243086568559,1764.7648112578188,28.46263499531285,14.232243086566571,16.862400943774812,15375.419197095285,14.232243086568559,218826.70357095287,0.9303995855057705,1.0134031979569087,0.032403728249611866,1.0
3,4,14.994490466204404,144.0,22.257010421476117,0.017263937080469954,0.009872959044900749,12.016056676426505,2865.8045793035762,16.29476077106225,2661.2083810137156,32.58829974272076,16.2947607710707,19.17564297886291,26672.381073433873,16.29476077106225,434620.0687862135,0.7516792913433112,0.8157412680231276,0.03377269799981784,1.0
3,6,18.03928171032877,186.0,51.509686874688626,0.013533375539473041,0.007033664675846957,60.249956483990125,8466.130842937413,65.52541450181542,6906.764096046069,131.03903473558532,65.52541450181553,76.12913079931528,11110.399918587971,65.52541450181542,728013.5599464132,0.42462877487336764,0.4582318725302896,0.0082436683396347,1.0
3,5,3.661259247056922,260.0,46.14269436170213,0.011165628228521206,0.004439193767250288,9.519357731740827,5413.9075290528845,8.88990176187559,5212.273094237935,17.779751802917335,8.889901761862207,10.295778363718544,343764.00537553016,8.88990176187559,3056028.2370573357,1.2636444750485092,1.3599544550472897,0.027385580589271326,1.0
5,4,5.656069768246932,172.0,68.16132655561887,0.02518625901131015,0.017257491363695285,0.8489198387906789,466.7037951556267,0.9079981039943612,394.83903859940614,1.8159866042031814,0.9079981039932442,1.079759528909706,189090.75165043728,0.9079981039943612,171694.0439814657,2.5644422941514717,2.797296560881527,0.0376231277139085,1.0
4,5,4.52867083413021,250.0,55.37309478541229,0.021269057780202903,0.009776245646931282,1.7786943910284405,1132.5575753165872,1.9012512817189615,1075.357425771001,3.802490677269087,1.901251281713842,2.2104458664654087,319909.1317940769,1.9012512817189615,608227.6468570889,2.406030644823576,2.594273073868792,0.04345125830780602,1.0
3,7,17.228550819292316,189.0,42.03621853874211,0.06773936961388041,0.03212095515313463,3.664723996121301,373.84297334054395,2.8634245506166587,296.7758262306002,5.7263160244678755,2.86342455061746,3.3656595514041787,10742.010116540374,2.8634245506166587,30758.935490674223,1.5692124892751211,1.7040560755622236,0.0373300107341691,1.0
6,6,39.0909903499683,324.0,15.506315069643401,0.03813587228058877,0.021527644843703838,91.35592750791919,4951.347206676692,43.55265811649015,2458.6466407267512,87.07799215558133,43.552658116489255,51.87898994588365,3186.859372776057,43.55265811649015,138796.19672784786,0.3921773991521861,0.42878710507490153,0.025291463341922473,1.0
3,7,18.25778652622878,399.0,42.8695989753877,0.026357392832084332,0.00885322311936229,77.2448750396833,8669.228705122998,80.76620516362934,8335.109647025207,161.5172448662029,80.7662051636445,95.53238007657241,10650.335255178135,80.76620516362934,860187.1622811519,0.46669127826786244,0.5082410267335025,0.010886299135566891,1.0
6,5,4.1265450009853435,245.0,27.696763439186256,0.009557848628055005,0.005340468197722682,8.80615756755571,4672.609728888177,7.497560126548612,3927.464770528818,14.995065606397885,7.497560126533064,8.978156730833609,274400.36307004467,7.497560126548612,2057333.220864429,0.9719126841238996,1.0636125615172525,0.03509120068335519,1.0
3,7,2.1115251871143963,98.0,48.78904178241455,0.030490684319736318,0.019720772582903372,0.06656136494451385,59.8440119506913,0.060800651819970096,51.02156518513618,0.12160113095925423,0.06080065182051975,0.07231482985670717,704191.9955525748,0.060800651819970096,42815.33233600203,7.978027644909888,8.700296605304487,0.16352089226284983,1.0
5,5,2.442478217942009,280.0,25.921986811612868,0.008018700303839884,0.004155764183890773,6.645338168476075,6203.179298980739,5.142125980098358,4498.128268874825,10.284238520389627,5.142125980111652,6.239897214873968,765205.7879160959,5.142125980098358,3934784.562164991,1.3932514247278622,1.5348769573903303,0.053747864114478114,1.0
4,6,23.792041829734977,342.0,55.669874692262916,0.04530202808787136,0.024620336966666982,15.325444154846055,2004.1408728496097,8.706176933335552,979.718657733424,17.410978953062553,8.706176933336014,10.207417704704044,12663.325777712307,8.706176933335552,110249.15478523239,1.4606970501811505,1.5843114389764847,0.026238554662745817,1.0
4,6,14.82350894940304,336.0,33.43976605837345,0.01728436545455167,0.006835731758841155,74.95979373421042,11357.460447158228,72.84603253947441,10094.559201425052,145.68447842337753,72.84603253950772,85.02697259443488,19202.727179937316,72.84603253947441,1398842.4889963632,0.41641139629549745,0.4501556362626705,0.012452581024897044,1.0
3,7,7.50686840871812,168.0,33.632904433681695,0.06955294342839934,0.036019979792151324,0.2493145389933379,94.30940152851491,0.30382961259377184,82.50542925909845,0.6076509847672192,0.30382961259362806,0.3679940055917146,73740.29261238362,0.30382961259377184,22404.48453697189,4.116812935497703,4.5310679591568,0.1224043241229835,1.0
3,4,44.44125214826029,120.0,20.675435333208256,0.054920128723359635,0.045689823440412364,7.648608020092411,704.9011694598349,4.629680988582252,281.0964168556319,9.256850930497446,4.629680988582331,5.498298632564348,3686.4511724759072,4.629680988582252,17067.09290854846,1.3131507633224753,1.4384179484377755,0.06351260528059269,1.0
4,7,24.499329925853544,364.0,55.523033919584435,0.038526175910791244,0.01665096441726538,31.986576088699817,3224.7944471403835,26.45115718763921,2407.221460766684,52.89592763143602,26.451157187634347,30.896375518966003,8282.143298246601,26.45115718763921,219072.27423247352,0.7567376030023287,0.8190433338659828,0.013629255276257652,1.0
4,5,5.834664426686327,280.0,65.81604250132868,0.06934133742851331,0.031132562171969726,0.4872029901375716,197.65775327745763,0.41140090461926193,166.12805910885146,0.8227967633585354,0.41140090462019063,0.4776696889194589,163063.02614126378,0.41140090461926193,67084.27646447027,5.319155290485839,5.732643097381008,0.08081852217684551,1.0
5,6,7.79605998538112,438.0,43.90113037225567,0.033853098330507835,0.01454549802018856,10.506449221340612,2571.345917182022,7.2706754392388,1738.9328129020673,14.54109667524288,7.270675439239031,8.76395090464688,57202.642069468544,7.2706754392388,415901.84475405305,1.2233846903907468,1.3434231209182446,0.027866815273710877,1.0
6,4,2.922269789397241,228.0,26.96512488078675,0.04808954335518274,0.030370095479267986,0.12427374572787303,113.29652533608515,0.09219065106299115,81.09172749236477,0.18438106382013733,0.09219065106361705,0.10640708928168488,773712.0138949656,0.09219065106299115,71329.01429623493,9.255755412551078,9.943950733846346,0.3432491209838976,1.0
6,6,2.0795990379373994,330.0,26.527042858509724,0.027733371296276767,0.015277798630354666,0.3889846596270343,439.8062058501311,0.2328140326724011,256.13039910049287,0.4656276806484494,0.2328140326798314,0.2784076252622838,1210330.4104767104,0.2328140326724011,281781.9037291255,6.485716161849852,7.092412240085335,0.24449450307911993,1.0
3,7,3.9221653039381668,315.0,61.26706349078983,0.007926197623223082,0.0027974939076173704,27.643838090613283,14335.946117106367,28.024916883460335,13807.581328695516,56.04960286586606,28.024916883478905,33.15591403421464,242742.90972046755,28.024916883460335,6802849.868965419,0.6620703266866782,0.7201764058032667,0.010806300954610075,1.0
6,5,32.52042282935584,270.0,42.005290921957595,0.013588346793438132,0.0104081639150323,91.95642589564339,14332.836508900698,85.72953735682867,7146.554088490513,171.43440491674139,85.72953735682802,102.45846769385133,6949.161580447549,85.72953735682867,595748.4073096167,0.29842322314552644,0.3266302317118211,0.007104419862249555,1.0
6,6,37.343637172935615,390.0,13.803574972269526,0.007142476452436259,0.0036233244039204173,2563.6785514639164,155705.70815839013,2115.0963849885493,112012.11711154167,4228.684998062729,2115.096384988593,2534.142853681218,2804.591966146703,2115.0963849885493,5931982.328964819,0.06663268283193542,0.07298570790457315,0.004827204761505341,1.0
4,6,37.55071009601139,282.0,57.514994185483125,0.05370754662465852,0.03647262930147655,23.475878062934388,1067.6198626076741,19.874014744183857,906.8906586880667,39.728949924432484,19.874014744184535,23.278025753466874,2082.277669263469,19.874014744183857,41383.21710042698,0.7327875569555798,0.7916311264909448,0.01274080902438023,1.0
3,5,30.79219160244421,100.0,40.41863890816718,0.027765528051560757,0.021323331827995565,17.936732127145188,1098.7006704034247,15.379764685950073,891.8574901914833,30.750384892006803,15.379764685950446,18.083024184024417,3362.7265025667703,15.379764685950073,51717.94231268481,0.5905589160116884,0.6420223001797986,0.014611054007866586,1.0
3,6,3.20895526329128,288.0,40.400048386044105,0.03786657211482112,0.013851575483378642,0.5034278094367309,397.5227025500002,0.5668510368254288,403.87856414626907,1.133699840410436,0.5668510368225721,0.6520166947370422,507649.2121666912,0.5668510368254288,287761.482260301,5.147648385659266,5.521020920836246,0.12741688664505368,1.0
5,7,2.592090844355548,427.0,34.264085375969124,0.010455963342769168,0.00409075114279561,6.680915542203312,5766.006810985178,6.807276745559694,5479.524353977855,13.614532479338223,6.807276745582776,8.236866151402884,647946.1432292508,6.807276745559694,4410748.71317957,1.1725634619485303,1.2898421383289567,0.034221355949892056,1.0
4,4,40.40788605311819,136.0,40.89155218138967,0.009142630204348457,0.01308725002889396,20.34220635074766,6034.261182591462,82.30793981281141,4407.9620194371955,164.55850391132762,82.30793981281248,97.87991190085457,2868.086365925307,82.30793981281141,236066.27998452517,0.6514030840651844,0.7140598320008075,0.015930016086834857,1.0
5,7,10.96769609045936,434.0,27.51270895725171,0.04095780848552306,0.018067142825324782,5.240899946243776,1372.5756328594769,3.673592657295276,901.1339491877812,7.3470632141917624,3.6735926572935487,4.275293840936421,60172.313072137906,3.673592657295276,221048.56747427836,1.863107268252731,2.0108827517227503,0.06771805972096613,1.0
3,5,17.478055830403495,190.0,15.731806142566906,0.024391938168695008,0.013254782461987158,8.833969233267686,2085.0470205448933,10.849507647943978,1673.9790727076318,21.69810382711553,10.849507647944906,12.955723209371659,23805.64692872631,10.849507647943978,258279.54841747019,0.7915936516361716,0.8648438080262465,0.05031804005608029,1.0
4,6,14.226194205291867,240.0,33.60197302896657,0.013281128159304777,0.007725014663449641,21.417060253505063,6438.147852028755,20.00435658174359,3999.563761366114,40.00771231660337,20.00435658174652,23.865134321727528,39973.85886796017,20.00435658174359,799651.3267429683,0.616887679845421,0.6741042655913123,0.018358674334796748,1.0
3,6,9.264306949029802,270.0,52.97690996175796,0.006133763481124907,0.0024874905284888865,142.39245492047408,37069.29197963138,163.7271000153982,37491.66376223846,327.44795529566113,163.7271000151976,193.27682587861727,52435.847035263374,163.7271000153982,8585169.171934688,0.2757274635608449,0.2996576411863246,0.005204672446163473,1.0
6,7,5.5650636855356,329.0,29.232191415332466,0.04031087110299427,0.020566669177577903,1.3805524581642064,480.904046092886,1.0046965660938387,363.7591039450037,2.0093778035512915,1.0046965660968608,1.1908520524650057,131086.48158233348,1.0046965660938387,131702.13790709368,2.3661274124831992,2.5762250483897837,0.08094252595931452,1.0
4,6,15.30895058080669,348.0,51.63722618172469,0.06433437497959757,0.02575288829483335,4.34068899842145,669.44312261514,4.935055626979345,712.9752021213503,9.869638389694819,4.935055626980248,5.812630876573228,20872.032644449584,4.935055626979345,103004.6421484875,1.6611343980830213,1.8044749000823053,0.03216931893740887,1.0
3,7,3.667101330015946,301.0,36.68318117785084,0.024342479736427985,0.009767844303721357,2.5747428674662385,1403.5287763620308,1.85842546749836,988.7598785112662,3.7168378044710635,1.8584254675002168,2.1692553256246234,283068.38969696703,1.85842546749836,526061.5044565939,2.475083853047153,2.6744680259253575,0.06747189784460675,1.0
3,6,8.968850040302506,210.0,61.082904966702735,0.005108828379771978,0.002452257922222131,152.04038665254538,39373.215828860004,161.51106120031727,33518.692113539364,323.0146225500609,161.5110612001874,193.0360297513636,43069.47592715492,161.51106120031727,6956196.76233631,0.251498868292639,0.2750862162773346,0.004117336404182726,1.0
4,7,2.673172976901501,357.0,28.103148272434307,0.03534337208556886,0.013454489995350621,0.574049935002032,476.1518191219955,0.5745194386497143,437.35386605296696,1.1490368944944416,0.5745194386439761,0.6789381987491215,579504.062506362,0.5745194386497143,332936.34868638404,4.427341125302322,4.813018836071251,0.15753897329876712,1.0
5,5,11.322900621640967,255.0,23.43364671234923,0.007313351447245811,0.004211135308853512,154.5217221309525,29872.531510351895,103.10652661989454,18776.999143455858,206.20683563640304,103.1065266197745,122.59721058312401,33165.00439077237,103.10652661989454,3419528.40806609,0.2526919007198662,0.2758180671570614,0.010783293945739176,1.0
4,5,46.65311968470553,195.0,36.137123901650575,0.03738765879461342,0.026477488053472727,32.15982765398747,1965.1144340193457,41.99715165392442,1668.3021751887975,83.94110902677407,41.99715165392469,50.0309081967721,1578.0100290848766,41.99715165392442,66271.92650289125,0.6524345352061068,0.7157527176170839,0.018054412326275547,1.0
4,5,3.6782218665141855,165.0,59.217698167872946,0.016585999795291774,0.010527051624115612,0.6950889454253429,612.0299809416572,0.6892299872118456,487.8254466840294,1.378457222768147,0.6892299872075797,0.7991503008686526,500957.1420004158,0.6892299872118456,345274.6845746293,2.9192116629228444,3.143395193445791,0.04929627042657643,1.0
3,5,2.7339210711465824,170.0,33.52939317524322,0.013675211518171856,0.0066590908667590225,2.0455610995444737,1385.1655435214952,1.8207741036751084,1276.8798402932753,3.6415408028519596,1.8207741036889233,2.1264296816113304,491799.3208858439,1.8207741036751084,895455.4676739494,2.2267690506853546,2.4065395262727765,0.06641244710415793,1.0
6,7,14.515769011014587,455.0,51.912316627133386,0.04412604522547987,0.021066030318908333,5.703862675397938,1225.5927677109398,5.690071035816041,996.7060077658352,11.379771190490745,5.690071035817562,6.782443821523962,30683.067508147153,5.690071035816041,174588.8337180964,1.3141489093238206,1.4355494190943403,0.025314780666847468,1.0
6,6,8.902130374904925,462.0,66.06351039294026,0.02595096305874446,0.012970893453716032,7.022298998211089,2829.9187906944094,4.444707981985855,1536.7383197749004,8.889341601095786,4.444707981989497,5.15999048118516,119540.03418847318,4.444707981985855,531320.5441243687,1.606504308536088,1.7313451408200462,0.024317574088641887,1.0
3,7,36.49375226717868,336.0,17.723992122309873,0.06671623789700988,0.023470764667678456,41.01436758216124,2122.1696465797213,36.40000542480451,1924.634786044058,72.77398035837231,36.40000542480247,42.51184000356318,2795.7205919792927,36.40000542480451,101764.24471428394,0.6329914719065954,0.6853047149783605,0.03571382042704841,1.0
4,6,11.384094532279184,246.0,22.73600698921296,0.03389886428927987,0.015599202194529555,7.566309631480618,1262.2074460956312,7.397102016134809,1227.572039294324,14.793666870525902,7.397102016135272,8.943652027811638,27540.43268739297,7.397102016134809,203719.39015713954,1.0328539421570848,1.136022191409272,0.04542811508841987,1.0
4,4,29.64742621314841,216.0,29.595320059080205,0.04374400440894326,0.02383902680333054,24.448003857571123,1943.4597582730082,22.854595374508822,1611.9255248179502,45.700003756456375,22.854595374507298,27.344704139992665,4974.42481495525,22.854595374508822,113688.46636671817,0.7973883669549535,0.8746895299198447,0.02694305604275109,1.0
5,7,21.14891005929394,392.0,38.42272290712171,0.008720332920202647,0.003871950232312565,783.3341232591324,68283.4467656615,444.2533463380951,43839.578087427144,888.4154611810859,444.25334633807427,514.5223419039341,9738.034661956817,444.2533463380951,4326154.485330677,0.13571926066499942,0.1462389596873534,0.003532265555282748,1.0
5,4,6.288284703920656,168.0,49.676889652986276,0.07171255009184335,0.05134303625229016,0.05836293018005009,41.97896832116873,0.0885573936162553,40.50650294813533,0.17711394068267639,0.08855739361661348,0.10298247066144942,209218.38696955543,0.0885573936162553,18527.835046620938,9.290146509483435,10.018829345471788,0.18701143679443238,1.0
3,6,41.65816371034106,162.0,36.51121940679195,0.028413758175891327,0.019508529060987902,55.55672804509598,2416.52433629963,40.34905440967929,1829.4682671330224,80.65887422948725,40.3490544096796,47.17751348304286,2055.8103064865736,40.34905440967929,82950.00191240621,0.38470449301105364,0.41815809773960566,0.01053661036967419,1.0
6,7,16.52867205612908,504.0,59.41471843279163,0.0051907188679453115,0.0024495942021314733,761.6790460572867,129093.44243344266,689.4028000322654,99650.10488052256,1378.7396108712703,689.4028000322385,827.5825308039588,20893.415177040482,689.4028000322654,14403978.925288338,0.11002582167103234,0.12065212293278328,0.0018518277048723316,1.0
6,5,2.509037178370459,290.0,40.764784331909084,0.006702415861355077,0.0036194258920693527,9.98082307705917,8603.635969718362,8.9145360044495,6916.555594245886,17.829042391570407,8.914536004445289,10.805158162007253,601980.2700203586,8.9145360044495,5366374.791064719,0.9598704420455348,1.0567839506646595,0.023546560046294313,1.0
4,6,5.412754781001446,282.0,24.573976853944473,0.0052617486120527,0.002426875511257145,37.060391993864144,21778.418545274184,38.60897509578473,18865.838175116543,77.21762679103415,38.608975095804034,44.60148827310332,238767.7481549529,38.60897509578473,9218578.042191176,0.47086257768485124,0.506107405969018,0.019161024708512782,1.0
4,7,48.96447788210749,224.0,37.28424351548576,0.050110269916628154,0.03406089893000555,22.624252095019102,847.4939662078239,22.29973242738693,849.8363929697307,44.56877750556105,22.299732427387934,26.183812551842156,1452.3501913958567,22.29973242738693,32387.0206589918,0.5121210891278453,0.558072212174256,0.013735590180745902,1.0
3,4,7.552943639240643,184.0,62.579646857485905,0.008324001373320955,0.0038837137116547707,78.67393327937275,17794.941675155707,70.83688931397481,16042.485995452917,141.6710164184625,70.8368893140471,84.38785008969256,51289.016877657385,70.83688931397481,3633154.411585202,0.43467389304538695,0.47472694141583577,0.00694593074382922,1.0
4,5,13.542615662684325,245.0,57.46128425332422,0.03245787858117305,0.01589166862678983,9.114804137625946,1453.764285584392,9.792719369606706,1505.6240622138378,19.58461024695707,9.79271936961054,11.683582102921587,23638.857111580517,9.792719369606706,231488.69391193977,1.0067530898624484,1.1010084141088603,0.017520546276412297,1.0
4,7,11.884528736657813,273.0,47.80677535298931,0.03494364998750521,0.01722958346452905,2.2574529466351594,698.7652911941692,2.5199501858179185,618.9471183707201,5.039816832195193,2.519950185818929,2.9160303522644866,60328.5905604863,2.5199501858179185,152025.04299303057,1.7786305405471126,1.913891176303098,0.03720457042781691,1.0
5,4,9.836677993823479,240.0,26.737090399007645,0.009187481300971937,0.004964511346879452,74.96197855824813,16621.07369920856,65.96095039998954,13949.546532086068,131.9189512155944,65.96095039996843,79.93223283434652,44724.590280835466,65.96095039998954,2950076.4811740424,0.4029372709761274,0.44375125098115203,0.015070348529437689,1.0
3,6,3.555778212802421,258.0,53.97210921472425,0.028735770442507597,0.011680569839732716,2.352161584588198,1105.2125552898694,1.8538781696001356,842.5375304021085,3.707738388016376,1.853878169597192,2.252361608331218,206545.68666109865,1.8538781696001356,382910.5395260807,2.5197630232846278,2.778131973228691,0.046686391544564755,1.0
5,4,33.059976696769716,204.0,44.93076276531249,0.06509792982380684,0.05261234614144655,4.9529746139327,582.6919815406675,5.393383718440406,343.8269221221999,10.78411388644845,5.393383718440363,6.416303823875168,4064.032006052632,5.393383718440406,21918.884052664966,1.4033972477034549,1.5344306172060735,0.031234663320403446,1.0
6,6,3.195888526877294,438.0,60.46693221563919,0.015582658112447537,0.007264697864152969,4.191515033309996,3172.9636095225464,3.646158332098836,2478.353518956705,7.292300880470613,3.646158332090725,4.44057044827205,462014.34850034496,3.646158332098836,1684577.4663337483,1.569125033117878,1.7316457186414767,0.02595013465412818,1.0
3,4,13.137020419510133,200.0,56.38605284340736,0.028331705205040685,0.012880919046052522,12.319737170628818,2166.183560547704,12.796582110500474,2113.4145658837033,25.592225953561456,12.796582110499331,14.821531789804677,27276.046187471387,12.796582110500474,349040.164687781,1.1108569625604556,1.1964208125067977,0.019700917275509145,1.0
4,4,2.2857120817435685,176.0,18.404220280951606,0.041292199998135666,0.023959078436314805,0.0819679783313491,107.68076547476952,0.0834772815188073,86.46595510021754,0.1669544074286672,0.08347728152053303,0.09753889431869371,1072886.2782308,0.0834772815188073,89561.62988553791,10.213425657483551,11.040290772073106,0.5549501962902749,1.0
5,7,53.83492080716624,378.0,45.78774433419956,0.024601073240088457,0.016685815663136355,104.25249959021043,6832.13831661824,139.19116429988992,5631.678914553816,278.21237748760353,139.19116429989018,163.5222652754472,1637.0141620374984,139.19116429988992,227857.90718940806,0.3450184851124546,0.37315914810323025,0.007535171040403383,1.0
5,4,20.969713497869954,160.0,64.57617947390906,0.037956719010023156,0.02841581150894127,3.2885827992846792,469.84389380689015,3.965863269899926,479.2903576861015,7.931183519469628,3.965863269899775,4.637218066944844,14605.684322335093,3.965863269899926,57924.14698570194,1.5344665759039366,1.6623468323490274,0.02376211458164558,1.0
6,7,3.592431721803056,448.0,17.360218754949965,0.011565431399718022,0.0055617369196283815,4.553672183650374,4482.622326788715,3.8355230965526648,3045.810088306029,7.671034028515503,3.8355230965527003,4.483803295192396,630603.5873483387,3.8355230965526648,2418694.6240435187,1.5207536502314734,1.6444577912776097,0.08759991286387776,1.0
5,5,4.462135285710076,290.0,66.72379983504294,0.010352170851564932,0.004890618453707237,9.63080371019656,5454.009513631933,9.945387467269109,5321.131750039932,19.89070545035927,9.945387467240899,11.676363189261648,286262.5982527351,9.945387467269109,2846992.4570106436,0.96050972112267,1.0408252636151067,0.014395309072583963,1.0
5,6,30.88388487490188,366.0,37.86260854819209,0.024188124963865642,0.012042479679990592,129.54427625365614,10769.797022908002,95.31776943607366,6869.4505556117865,190.59884242692436,95.31776943607176,112.18789858530842,5193.932035889035,95.31776943607366,495074.0162635078,0.3488081263489955,0.37933776502638406,0.009212469497579052,1.0
4,4,2.096565126315375,156.0,13.74112352633141,0.015190818903315436,0.009796677210501642,0.9441694807418042,872.279662640169,0.5574383413448737,519.5362612958846,1.1148753992195364,0.5574383413485429,0.6642395336736283,868636.4631767281,0.5574383413448737,484211.26926491276,3.933571734935533,4.294420606294556,0.2862627446291296,1.0
3,4,3.538963801746831,92.0,41.6036683378131,0.006398599727751837,0.004762042249595655,1.7466985491595606,2023.0380393689943,2.4055241583801266,1705.9667085178257,4.811038750995585,2.405524158352646,2.8694572306719817,502946.34673691384,2.4055241583801266,1209849.587444674,1.4015142263332954,1.5307950486701454,0.03368727524105068,1.0
4,6,47.767904581961105,330.0,34.28189233078987,0.01007177216220742,0.004814421320445937,998.9134050587398,59950.43064777008,1222.7147707523902,58325.64768035542,2444.35531586752,1222.714770752438,1433.6549485195262,2275.4579958497175,1222.7147707523902,2782236.1017520805,0.11415639759484965,0.1240986985448135,0.0033299327963970484,1.0
6,6,21.26014785557838,270.0,51.693641389517204,0.007466502561249328,0.00445184581527121,218.0959224313615,29156.175064513343,208.98754542848536,23529.93485274826,417.94212111846343,208.98754542851327,243.84236674072721,12676.537313694922,208.98754542848536,2649238.4177217074,0.19455667320008813,0.21038641585457044,0.003763648061355989,1.0
4,4,45.985712143757766,164.0,43.94101911831434,0.037316287283973064,0.041777996035522486,24.512697037252927,1611.0083057621966,13.640732382966945,618.6225941364066,27.268206693150905,13.640732382967093,16.29156883080955,2056.724769797402,13.640732382966945,28055.232170225656,1.3146616803287365,1.4395783781103433,0.029918779916981806,1.0
6,5,9.659974222297501,440.0,13.717913309981377,0.005844744892248128,0.0024255616608325186,527.2957422432964,103555.76663509717,402.63250912743547,84609.4857984861,805.2467831378568,402.6325091275971,478.60813714384824,44159.1226562104,402.63250912743547,17779898.355936177,0.1665056442663117,0.18155024560528973,0.01213782595820601,1.0
3,7,20.334485221248592,315.0,49.382309679326895,0.0060572115093559,0.002451070758228322,1185.3526203178062,122013.06490092864,1109.3656120697292,98825.48215313171,2218.4516728581934,1109.3656120699534,1303.8783298428086,7935.759261284304,1109.3656120697292,8803658.430132683,0.1119439988963414,0.1215984528342191,0.0022668846318301098,1.0
4,5,18.155428314347187,175.0,45.379719277487126,0.07699796825086791,0.052958202490557445,0.8948484628692548,206.93125003189672,0.7713835636130298,106.48988861867556,1.5426861800677605,0.7713835636128306,0.9086887952029917,19057.941255417387,0.7713835636130298,14700.982640731643,3.403735856803743,3.694809378963066,0.0750056613614253,1.0
5,6,27.235936932335008,282.0,30.72876329490006,0.014965452377437363,0.007532935750698336,210.1062253672563,15296.429744047511,191.61632717699834,13793.534143969879,383.15871211126165,191.61632717703225,229.71099192743435,5181.864893293163,191.61632717699834,992929.9187802642,0.21701779532626092,0.23790681601860697,0.007062366722785702,1.0
3,4,16.34286284566356,84.0,56.87547538975096,0.005743154198881295,0.005185681364671926,25.228800812276027,8427.005292323456,27.234075987552174,4973.001167008007,54.466518480179865,27.234075987540834,31.668645126169196,33343.54972275864,27.234075987552174,908080.766844333,0.4452780767797972,0.4807585156715196,0.007828999647535903,1.0
5,5,8.435059173981312,305.0,18.43249700958244,0.011956807961953442,0.006040008049654673,45.20541198029734,12040.620321423172,31.382469173938098,7960.378122298859,62.76396287065027,31.38246917399332,37.897677412777284,64341.79506903914,31.382469173938098,2019204.400349963,0.6154777355724582,0.6766408046189508,0.033390903861397175,1.0
5,5,5.793807091777076,310.0,21.881917958314844,0.006271745826138696,0.003454556483818575,44.514106394327534,22699.012695101486,50.38952174302563,17825.802725752277,100.7782382020496,50.38952174299916,61.16332664934171,125146.21502138184,50.38952174302563,6306057.922877281,0.42289062763395274,0.46600130864350975,0.01932603112942665,1.0
4,5,18.105297460712187,195.0,67.40042869460473,0.06318841779769088,0.041045304761303296,4.496243006915554,416.9910820498397,3.174030254855276,296.2042038465439,6.347331671924088,3.1740302548556203,3.7900487666930163,8708.839996794612,3.174030254855276,27642.121634519823,1.7354343804298042,1.9006642639657119,0.02574812080636992,1.0
6,5,11.814131681331649,285.0,30.97966204383259,0.020454882470958696,0.011764391905728684,16.068807686710024,3336.4017564089218,12.096465725638037,2429.066642507292,24.192331500176863,12.09646572564489,14.326594597027732,40323.83802552158,12.096465725638037,487775.9246019016,0.7993752569809949,0.870472392463848,0.02580322715754525,1.0
3,4,6.830127151600006,128.0,57.66377898923864,0.03220893922748477,0.021360444234112656,0.3911669339769172,238.1075308931042,0.4713042630572888,195.64471137930082,0.9426030560161424,0.4713042630586283,0.5457664164174563,172319.12835382807,0.4713042630572888,81214.7397994753,3.7132487852380227,3.9964087658693557,0.06439482202390862,1.0
6,5,4.474027236889658,275.0,32.9007485643823,0.01685968003365599,0.009881595843200771,2.7479807455204925,1688.1579379875961,2.3622723219687236,1246.5970782576069,4.724527678458534,2.3622723219684807,2.7589491393779793,278478.8945881784,2.3622723219687236,657842.9849380995,1.6933650289081932,1.8299567052290646,0.0514688906118506,1.0
4,4,15.403464937543081,220.0,44.886475850011315,0.021921473236176808,0.011775927736350101,16.714165135171783,3520.903153556414,23.4609909951353,3289.6590808540172,46.91959557961978,23.46099099513937,27.285339377334243,19661.1573969858,23.4609909951353,461270.2366446217,0.7691361136580837,0.8301645832705923,0.017135141467290973,1.0
3,6,7.091369204574662,234.0,64.68917590648512,0.03594060079831659,0.01634513743890238,4.967369232913276,1027.592382568712,3.6526275293504615,801.7833345300714,7.305103450364826,3.652627529353115,4.403789953635722,48184.047017277815,3.6526275293504615,175998.37661082594,1.6006034882373512,1.7587081063359307,0.0247429877689459,1.0
6,7,35.14690348025526,420.0,26.595143854946404,0.006625544049326331,0.003085601854854988,2522.59934616029,157246.65517846844,2025.4787843219005,122943.89102701674,4049.858356991675,2025.478784321894,2398.5149582689,3684.3299006238403,2025.4787843219005,7462532.048156405,0.060688712114450455,0.06617549209626902,0.002281947127094145,1.0
4,7,3.0407622691162444,238.0,30.914426575649816,0.0223654435608782,0.011741202748706646,0.9421879797091576,619.626645701929,0.7714619403337033,478.065475221937,1.5429198627944023,0.7714619403402381,0.9266612877347026,384012.8451730059,0.7714619403337033,296251.2946502331,2.7806284239518853,3.0473971321396394,0.08994598095318017,1.0
6,5,14.288869938422224,305.0,30.158623613850153,0.00641477148583386,0.0035264227248452177,288.88822939558537,48622.99351460383,233.2718960247822,36850.748870656455,466.5250978350008,233.27189602461917,276.84172317418887,24955.58742964034,233.2718960247822,5821437.196124423,0.19813387035634147,0.21595266439861363,0.006569725226629699,1.0
5,7,27.08411188935664,259.0,33.63689427196279,0.007843016370684356,0.004242627862836757,447.226613943197,37890.446847550884,453.87576284125373,33462.11069396029,907.5845495434679,453.8757628412302,544.721878199328,5435.414634805181,453.87576284125373,2467002.963730716,0.12713085550679884,0.13942268129558508,0.003779506350345955,1.0
6,5,3.3294722334678433,220.0,32.68863797165133,0.04027170155353549,0.027136295245796655,0.06065054502285359,86.81760420109954,0.0671730064824695,68.13515958039079,0.13434588238836914,0.06717300648338993,0.07769462769047021,1028852.1789333335,0.0671730064824695,69111.09408499168,8.935568883242652,9.610464935851464,0.2733539675465179,1.0
4,6,10.19200733788208,228.0,42.22744138562865,0.06222268386982951,0.034233858619211785,2.4275223400052752,413.72203714410546,1.4103900318461517,234.0946390070624,2.8206776757097702,1.4103900318460638,1.690094720095389,27548.913561581103,1.4103900318461517,38854.71307544525,2.257133455473907,2.4722858604295164,0.053451816672039285,1.0
6,6,12.897198067218415,360.0,38.33751922013208,0.036385257125100934,0.0183935172870502,10.228857971568237,1750.1941051512276,8.066543108914585,1309.269514487325,16.132473842377905,8.066543108917285,9.66576942054765,26344.089506968405,8.066543108914585,212505.73367306503,1.1114114559043133,1.2169342457737231,0.02899017668625467,1.0
5,7,23.72031290265489,483.0,33.34327087452758,0.01641972625684497,0.0073731585629111624,488.2422173058338,35887.33277754423,239.6162232098136,19013.254458732812,479.15634429889366,239.61622320978216,284.8203249886687,6296.228542316544,239.6162232098136,1508678.5037757203,0.20180715384392456,0.22050636397331333,0.006052410233037277,1.0
4,6,18.711149641404052,342.0,26.66881563864227,0.055516149302273214,0.022239088723172786,10.728289940145627,1252.3058912173212,9.791553821640951,1150.835143541774,19.581690129881526,9.79155382164136,11.491728331780784,13814.112877767771,9.791553821640951,135261.6297408865,1.080248198455584,1.1713273646396725,0.040506043203896114,1.0
5,7,9.47465692691878,259.0,24.572916658863647,0.008255549011011859,0.004763876977247653,70.79839328188564,15796.709775876656,37.68080558327277,8497.410611500402,75.36012930099861,37.680805583243306,44.28866207237392,50854.905462608,37.68080558327277,1916253.8056922485,0.3768539687219471,0.40860420250785334,0.01533615133903988,1.0
4,5,10.051954515532454,255.0,44.65512403689285,0.008697349222325446,0.004224745375617943,163.3385563512183,28097.129508825612,104.0592418448326,18807.435872585327,208.1121128086517,104.05924184483045,123.79128804340431,32666.143427847313,104.0592418448326,3399214.1190963527,0.30802016965346174,0.33619000232387414,0.006897756445575738,1.0
5,6,33.48072803254109,348.0,46.145161536872365,0.015392868418608124,0.009089671574433958,251.02360371692342,21230.84339634955,170.48124729789808,11928.951416826565,340.8928693717806,170.48124729790806,202.7089525267586,4896.111633313431,170.48124729789808,834695.2181570228,0.28728617038830584,0.31425296179692785,0.0062257051621490015,1.0
6,4,2.1562273179801954,228.0,69.32170637174549,0.043121960096627276,0.027806352633715475,0.18715840362070177,159.53389127842004,0.1069899564993491,96.72746890568693,0.21397965120337625,0.10698995649843528,0.12691496774498412,817360.4610744104,0.1069899564993491,87449.36017463909,8.586643681494895,9.353160718962005,0.12386659433119039,1.0
3,7,7.917183338871631,301.0,62.655143969572016,0.019745275459249093,0.007499877000898457,20.11169185855874,4694.740824700735,18.115383636161386,4054.9723967189725,36.23004418929109,18.11538363612848,21.50877273310119,50104.96153139191,18.115383636161386,907670.6002162729,0.8441799512132809,0.9202932880654519,0.013473434066694514,1.0
3,7,48.736167049186,259.0,56.08979499699345,0.007629626650290905,0.008841216053488999,844.2387233989206,49447.94249691778,313.5013701564842,13318.599851274708,626.6555315943299,313.501370156493,374.74808750840464,1804.8381216343794,313.5013701564842,565819.2240430332,0.260349968554365,0.2857091594311025,0.004641663756630246,1.0
6,7,7.822481409145594,693.0,37.448994428522326,0.023997280734525478,0.008718257931722519,30.821691379518406,7872.852706816904,23.630294362834395,6043.5728284368615,47.259866216706996,23.630294362828565,28.042178696729273,65410.76924800818,23.630294362834395,1545675.731829869,0.7704075510949252,0.839674947052286,0.02057218258731558,1.0
4,7,16.29571915971553,378.0,21.430623383029136,0.0052630806629697675,0.0020358208228066074,1557.523096130512,187879.6682660673,990.8478453692605,122747.93900678448,1981.5665705398071,990.8478453695863,1156.415121906661,15346.68146638034,990.8478453692605,15206226.264531324,0.09848154300579481,0.10646912406948106,0.004595365297856064,1.0
5,4,3.688197436899994,148.0,19.361234141170133,0.05354755776449237,0.03597997819901803,0.1301384647324756,72.86275272655917,0.09614217392708226,56.44772564883964,0.1922837900554803,0.09614217392718992,0.11148410824954907,344718.84081570985,0.09614217392708226,33142.01874964616,7.983089547083142,8.596348213083749,0.41232338232549615,1.0
4,4,14.272051972754124,152.0,35.12115870363717,0.0628156515701467,0.040448759322992245,1.2419659100805642,227.09260421826477,1.0897257449250355,171.4120540724205,2.179363409027996,1.089725744925011,1.2650553628405237,24742.768731121912,1.0897257449250355,26962.8320870297,2.9363540430674093,3.1657723729356344,0.08360641138993283,1.0
6,7,26.138349834130477,476.0,29.471468670678707,0.03871407670308858,0.018021763758334686,25.062626367622542,3132.9704615809087,23.256117976708648,2387.594445292032,46.50782350806926,23.256117976711344,27.22743887255706,10540.147193406257,23.256117976708648,245122.90662173048,0.5708955883436779,0.6183599440272515,0.019371127877032625,1.0
5,5,13.88495292259013,250.0,19.300187502478728,0.012552692576679394,0.006509095331490465,59.4494456489217,9791.33301258045,56.19792242872085,8767.431681525582,112.39122713159065,56.19792242876038,65.13524348273967,24339.085695580357,56.19792242872085,1367806.0499062142,0.3858288927312701,0.4155334223122199,0.019990940123339112,1.0
5,7,20.383976576321064,490.0,57.96465109364789,0.008020338423749822,0.003598784080164677,770.7526701553782,92643.10298738506,691.0960951225007,66941.71745758987,1382.0448893697176,691.096095122359,829.1006242127056,9382.462184040305,691.0960951225007,6484182.9780247845,0.14773429188241843,0.1620903694117419,0.0025486963018847195,1.0
3,7,39.80885698075014,168.0,51.13042274969197,0.006856405809509658,0.004899771215650685,717.3048126360359,30776.2876526519,570.1152051993319,25760.38895700177,1139.6721968553188,570.1152051993072,663.8121462050277,2041.6419675631691,570.1152051993319,1163971.1292808438,0.10080173610364959,0.1090212696296212,0.0019714629897961654,1.0
6,6,17.688801638623477,450.0,16.543138392399182,0.031035586371090065,0.014399590578530477,46.7500141788958,5579.231602093406,27.09530615609833,3389.7708017219375,54.18715017903921,27.09530615609803,31.767255331469265,15651.376687168682,27.09530615609833,424078.8431032555,0.6658498512158627,0.720468669364719,0.04024930671690387,1.0
6,5,14.508425132719342,185.0,69.02316020010178,0.015571711225999107,0.01177144491415937,11.327874097302091,2511.811362802992,9.994383632689898,1767.398758042388,19.9881280973204,9.994383632690152,11.698412098874906,31272.10095606179,9.994383632689898,312545.37395509006,0.7441114285786831,0.8055532276867978,0.010780605037808538,1.0
6,4,12.719884151614647,232.0,27.450083087452892,0.012095504666296003,0.00787075092507877,25.1039323682292,6812.481564469459,21.167461206917718,4792.18745506811,42.3340964515266,21.167461206931534,24.528553655759513,51254.26981589207,21.167461206917718,1084922.768016789,0.6133431310360854,0.6604280010544895,0.022343944427491998,1.0
5,4,8.08569691427118,256.0,59.07341071850261,0.01433607423754207,0.007464836723628172,17.02273713641448,5209.226778023533,17.115125563380456,4819.53581160418,34.22981945435332,17.115125563417685,20.2241871381873,79295.81077739052,17.115125563380456,1357157.758105096,0.7726175458416819,0.8399840257886445,0.01307893917829409,1.0
4,5,7.731457698839907,300.0,46.48591732106176,0.07266284730009205,0.033266184551268355,0.5333741359736441,222.34708298330708,0.6106363395873178,197.79572772980768,1.2212610395214583,0.6106363395865256,0.7215867474140754,104922.47381687578,0.6106363395873178,64069.475351983216,5.043390565508411,5.483827704692123,0.108492869586191,1.0
4,6,7.7100490052457396,318.0,52.89087248004504,0.07632366454096971,0.0332691683094816,0.39226270383861345,170.00335235460426,0.4303971304762998,154.5645611321117,0.8607875865126153,0.43039713047666245,0.4989165021529915,128967.74785401486,0.4303971304762998,55507.348600358964,5.029313147145191,5.414859299842644,0.09508848902128961,1.0
6,7,2.264861687739333,364.0,43.906275496748044,0.02942100514330987,0.014566450991240635,0.3665308490027664,378.38054302909103,0.27747631125676636,285.5155320353756,0.5549520983641815,0.2774763112524169,0.33263170202358866,1058784.6902067945,0.27747631125676636,293787.6702537195,4.492254031827776,4.918641282072625,0.10231462316042951,1.0
3,4,2.477476987427874,108.0,69.06645017662898,0.020402037472734346,0.01391268644022215,0.7598046842815557,486.9447817539854,0.4605397235708044,278.600635745619,0.9210769302373579,0.4605397235684756,0.5564452462637043,365956.962588427,0.4605397235708044,168537.71838928538,3.411853869330591,3.7506828238950347,0.04939958345340166,1.0
3,5,7.559982966393901,215.0,61.56621046488249,0.006857677129013764,0.0030848667636296655,65.07783255350552,20606.6660380665,97.51991683459528,22883.562330132634,195.03629161813456,97.51991683456495,115.89151309135347,55063.09532940929,97.51991683459528,5369748.477179386,0.39941747462502886,0.43554786717503696,0.006487608569847864,1.0
6,5,34.611917639914225,350.0,48.530683571010236,0.01782069175600262,0.010272869673740187,192.39014923648608,13149.015382338594,201.5361742880217,12559.953491484292,402.9685954574576,201.5361742880221,237.82723100795448,3883.917909620604,201.5361742880217,782749.956753667,0.24684971955046453,0.2690958503213272,0.00508646698102394,1.0
4,6,14.562020404834284,210.0,17.76037630436317,0.05829822199125508,0.031245616713842475,4.318895990456851,584.217915480659,2.7159034486711056,341.81860028230494,5.431464007849771,2.715903448670902,3.2591289243383597,15840.275464949904,2.7159034486711056,43020.65876315774,1.6644376552063123,1.8239888856142816,0.09371635075082345,1.0
4,6,9.161934993509307,354.0,21.084516224745713,0.005145705300269465,0.002048435346748683,745.0966867303569,130468.36352670225,523.431656010108,94467.84254244046,1046.8311732968693,523.4316560101145,634.6883180277547,32572.269955666292,523.431656010108,17049357.202902693,0.1429786851620631,0.1574152764766447,0.006781217251466128,1.0
3,6,42.72196397133407,174.0,40.197530358170255,0.02506707077035217,0.01765728123853832,41.81650364705984,3326.835304692455,36.53703389213053,1998.8386092085127,73.04965994607436,36.5370338921308,42.95415006028932,2992.8770989726095,36.53703389213053,109350.85200014352,0.5227100036957045,0.5693386655164501,0.013003535267918824,1.0
3,4,44.367887186276896,192.0,68.99536873796556,0.0633862957601474,0.3834788016114377,3.4400608318564276,321.8336767092661,0.19653069853995292,8.687549568526464,0.39286034693044164,0.19653069853995195,0.23122568609538427,1954.041556204615,0.19653069853995292,384.02915201698966,18.646260579711356,20.417216679770924,0.27025379994021276,1.0
4,7,21.623238851077158,280.0,35.18745857452667,0.05212329445360102,0.026567923076818496,2.8523870964832283,649.8252574361708,6.834273556830197,681.3989331971073,13.667172247297627,6.834273556829167,8.193286051142278,9940.727795717583,6.834273556830197,67937.6531099196,1.3476357874808513,1.4771168336464802,0.038298753080634476,1.0
6,6,2.7407839700986436,432.0,36.98801136736022,0.034842435041940824,0.016559072017870026,0.7012063784897009,584.7999923496502,0.5171274010414596,398.3647806054277,1.0342530592289036,0.5171274010395182,0.6043678653031044,593426.2732996239,0.5171274010414596,306876.9864211534,4.110095803588067,4.443753975476849,0.1111196750419242,1.0
5,6,6.518870813322835,408.0,48.83016641010515,0.013019443876466865,0.005810987350647076,25.877213763112582,9261.901962541224,17.48172021108002,6391.549298726296,34.963178864788404,17.481720211077555,20.286318208584603,133673.0802294991,17.48172021108002,2336835.388325355,0.7737686661134247,0.8336570703028591,0.01584611978617581,1.0
4,7,53.00976705455198,210.0,31.999725217356517,0.005748199383078333,0.004468068761210597,966.1562264115573,84570.36162014026,903.3222861366062,40376.673707008646,1805.7407567961297,903.322286136587,1084.8745415522585,1997.9086469083052,903.3222861366062,1804755.4064173037,0.11227945984568474,0.12297798662693336,0.0035087632497789335,1.0
6,6,20.886346324212518,486.0,16.76574720979119,0.010479730289786597,0.004286647020597416,384.25136456315397,47938.2733552812,345.620875027587,42005.91558976966,691.194957196218,345.6208750276145,400.2868643484382,14771.37691103672,345.620875027587,5105296.2133548055,0.1801288336595508,0.1939423688875051,0.010743859573067857,1.0
3,4,3.0213013758391734,140.0,20.492440654100328,0.05175585817494639,0.031285423061444995,0.06528041985769484,69.68702342308487,0.06593442417523647,52.952300518485686,0.1318686438953205,0.06593442417482459,0.0784125695257109,644978.4885687543,0.06593442417523647,42526.28524919515,11.280085663056736,12.302300384843855,0.5504510591714075,1.0
4,7,6.952965374695374,455.0,26.016563982540234,0.06579644885278674,0.02272070839081856,1.0283140810947151,388.41023281102275,1.0878105397815,397.06788750878565,2.1756047506630365,1.0878105397827063,1.252160240264596,133236.4356525841,1.0878105397815,144935.9989858006,3.697982779822077,3.9679509171088596,0.14213955318249558,1.0
5,6,16.244949887389485,354.0,27.970420434831816,0.05851571366454158,0.027573949745458702,4.11180513427828,711.7682908333765,3.3902586603654288,557.1812500858308,6.780266294313052,3.3902586603664986,4.000727160630651,27010.170067965904,3.3902586603654288,91571.46299086449,1.7925916373348691,1.947379790304464,0.06408883418507856,1.0
6,5,6.697771742850894,295.0,41.54236690313831,0.02683841120773984,0.015236606920792746,2.1284969973207883,1072.4375514043404,1.7785637450254916,734.9872137241534,3.5571066606903274,1.7785637450315037,2.1256124415064535,170773.58571085232,1.7785637450254916,303731.7081533253,2.079644164765722,2.273739421472333,0.05006080105196451,1.0
5,7,7.31268875983381,315.0,25.657947687487255,0.056368386806018,0.030492122459978684,0.8388162206929443,315.36504877989466,0.6025049701885448,187.47780669810766,1.2049974950092863,0.6025049701877943,0.726210501675047,96822.98341051427,0.6025049701885448,58336.32873331786,3.5036831069124807,3.847138121861188,0.13655352133331927,1.0
5,6,7.221390190428863,234.0,38.27566895427082,0.00864433852986871,0.004966752249718213,8.882070204072358,5016.844962365889,9.976291250163042,4282.306448862248,19.95247421244154,9.97629125011839,11.599409293543811,184254.13656516158,9.976291250163042,1838172.9304213678,0.7993145636519511,0.8620625571021054,0.020883098466728773,1.0
3,5,5.423756397198314,230.0,39.84507653352403,0.007125607835362988,0.0030393729283628274,34.53987489818272,15607.567378527658,40.24817400421425,15403.82308848624,80.49579845683076,40.24817400425049,47.65047063093285,146475.39589426856,40.24817400421425,5895367.22128869,0.5744861601690596,0.6251449852037503,0.014417996152817282,1.0
3,7,20.49345681356803,231.0,26.045365722892228,0.02055698525005194,0.008551313941763153,54.42225534505171,5917.225930487707,69.20184453500079,6090.026987887573,138.38582055340805,69.20184453500015,82.18455278313014,7744.673142785252,69.20184453500079,535945.666801421,0.4089556120599131,0.44619913553413393,0.015701665179555034,1.0
6,7,37.89251719947587,567.0,58.70019339641252,0.013344320296236192,0.007513889797501761,675.2552593838877,45551.626984992894,473.7181050691695,28328.999204475036,947.1713564297917,473.718105069148,559.3801974809944,3576.205754403759,473.7181050691695,1694113.4133136084,0.22372996012269752,0.2438795248412401,0.003811400732733716,1.0
6,7,5.743733200229631,441.0,34.15174015743202,0.013197559437234897,0.005987244849716868,8.071119652759226,5037.607360934394,8.68259134281289,4226.752348539818,17.36510940945705,8.68259134280331,10.165461361989117,236981.73979654038,8.68259134281289,2057615.6023621783,1.00611211596385,1.0887161585080405,0.02946005419711833,1.0
4,7,3.2078500753804278,294.0,28.30093683286123,0.0061190338957859015,0.0026676697273202822,11.754898636212085,10394.81187012013,10.378518699528598,8410.743720332404,20.757005793255892,10.378518699522969,11.986258248435288,656746.9366117679,10.378518699528598,6816060.362483355,0.9907451066076269,1.0646937057933392,0.03500750213530873,1.0
6,4,2.8056786068614876,224.0,17.529945866999608,0.024674693226783735,0.01611514122672953,0.6703381493159976,506.8465094224862,0.5011327813836398,354.6564395217796,1.002263561645626,0.5011327813798987,0.583305275453312,500852.7628735422,0.5011327813836398,250993.73812249882,3.956873829510948,4.268882042501051,0.22572082421314396,1.0
5,4,2.182902212944076,236.0,33.1609022245099,0.02844364391818494,0.01707857273301478,0.5422991539982844,464.7319594442421,0.31075422292048693,274.3143031454662,0.621507648248584,0.31075422292291865,0.37200436983544016,779224.9103793212,0.31075422292048693,242147.43150521204,4.885603099074432,5.345769256618567,0.14733022238048105,1.0
5,7,52.84257690175684,420.0,41.81457011685526,0.010500668392411948,0.007658896836124985,1063.8306708322962,68085.04111938675,629.365287047989,27739.39611785445,1258.082953213397,629.3652870479917,752.272513117504,1942.6225852837276,629.365287047989,1222619.2210129998,0.2252465329763142,0.2471937514026903,0.005386795376512035,1.0
5,4,51.08825682312135,172.0,59.40517792798705,0.06767863282988147,0.27908977259008727,3.7404607886418426,301.9930989091392,0.28783389135045456,13.754062385776768,0.5754157808986227,0.2878338913504635,0.34267416863066147,2283.379625212866,0.28783389135045456,657.2340429553617,13.833112196754477,15.150015866708632,0.232860378156319,1.0
5,4,21.95308831401638,176.0,61.56724010371108,0.02002510590895789,0.014803175469996621,11.480659950571052,2039.5147934636873,13.243434080962881,1759.640088591516,26.4853679260534,13.243434080959029,15.420725020173512,17654.135959628264,13.243434080962881,233801.3858376933,0.8019030475004278,0.866741834782472,0.013024833436574521,1.0
4,6,2.5419901696053704,228.0,66.94580552375359,0.016925707087833426,0.009894195264318523,0.27247553968727034,500.6088756990382,0.3268830566297281,388.9785322579424,0.6537656515365806,0.3268830566160465,0.38978814281307134,1416010.4091520405,0.3268830566297281,462869.8107631309,4.325970652747774,4.724241268886902,0.0646189947062903,1.0
6,5,2.90606983160135,480.0,44.194136575116005,0.04571064710124696,0.0189307292222495,0.3517322455438259,354.9704765380771,0.3678706124233492,339.87536565855066,0.7357403629249131,0.36787061243083075,0.43122390666021226,853589.7374549257,0.3678706124233492,314010.5794758293,5.918716598879648,6.4079694960902485,0.13392538145461239,1.0
6,6,25.19761772237286,462.0,26.39702309495117,0.04287149800722927,0.01780435238371785,35.80748322018097,3301.6263281864826,37.596123651414146,3309.549144385909,75.182545208467,37.59612365141026,45.09198005007007,7749.104726155947,37.596123651414146,291336.29947231675,0.5476082632334278,0.6004855611585145,0.02074507649077165,1.0
6,7,3.7269574610975216,308.0,55.95808151279279,0.02429947070976702,0.014149181223390093,0.9849409779095839,727.7540805817987,0.6647360473535403,421.80767232967753,1.3294687929186046,0.6647360473474998,0.8095410794606146,402652.5827357027,0.6647360473535403,267657.68630442536,2.9883709429415326,3.29806167987791,0.05340374191095793,1.0
4,4,4.782253842012379,160.0,18.04175416376257,0.018023941987416848,0.01067755366666124,2.930769166175519,1213.4482747889128,2.635494663763805,1048.9298006353526,5.270956052320347,2.6354946637661083,3.1360023737532354,158404.8832766653,2.635494663763805,417475.22458977974,1.7834827620433709,1.945550850163282,0.09885306860158599,1.0
5,6,38.832587890307536,354.0,35.251667175645466,0.01536902587319465,0.007833671112655184,395.13575498985654,27502.12521197855,349.8353771324511,19856.521566682255,699.4536441564806,349.8353771324987,410.09549691515,3221.653975183468,349.8353771324511,1127048.5333985686,0.20036614026910726,0.21727868276706586,0.0056838769999376215,1.0
4,6,3.561134565840451,210.0,14.639670396529256,0.05537034954433403,0.028128924952164656,0.18804969187725412,108.87039903592877,0.17672017094779247,97.15553474609244,0.3534391725269836,0.17672017094833953,0.21338963341297154,302247.59025058046,0.17672017094779247,53413.24581764091,6.057989884683324,6.656996530261166,0.41380643966680697,1.0
4,7,2.8629217372431137,294.0,49.97571115242448,0.05413480377955496,0.02560770615951405,0.4140943555664964,231.12075106373516,0.23455361528483537,133.85181238698846,0.4691057900934775,0.23455361528559646,0.2797309866668053,325659.87316669687,0.23455361528483537,76384.7006044497,6.027753528131883,6.583591947311875,0.12061366189962576,1.0
4,7,46.06551564114823,336.0,18.1165673394398,0.017885508763857645,0.008164738683872323,206.2193575094953,14705.741797660774,249.7231579726467,14454.784333352782,499.2972928377578,249.72315797263875,290.17939728513636,3350.468938327853,249.7231579726467,836689.6839684923,0.1809578183776986,0.19533515098448342,0.00998852679910024,1.0
5,6,20.414468137549992,390.0,47.47977524755206,0.06081674443849006,0.03458832204738301,7.983678593997377,1237.676887500439,5.063328509934712,575.2469483232604,10.125872514322543,5.06332850993531,6.090518660675252,12907.330660937962,5.063328509934712,65354.05532268163,1.8152018484416843,1.9923905036236336,0.03823105393775577,1.0
6,7,2.104008002736311,399.0,67.35305166422998,0.029435369801319066,0.014426465063520457,0.2416336006012271,339.5684859952493,0.19990029217329752,251.71767284592607,0.39980033219518046,0.1999002921678352,0.2313515518792221,1585625.2690195728,0.19990029217329752,316966.9545543761,6.733389798943323,7.244018064785607,0.0999715622762095,1.0
5,4,22.841082767684565,296.0,61.9920398317623,0.04935158847301888,0.031074258941882427,13.544494316569734,1548.7949130090203,14.537049497912907,1157.6359154565364,29.069514977567344,14.53704949791709,17.486940225512257,6341.491958663701,14.537049497912907,92186.58249371088,1.113980585249786,1.2249919588536926,0.01796973592533772,1.0
4,7,34.50347853445478,308.0,46.18462486647806,0.014512677714339907,0.007992532623808977,359.0828712001934,21545.320746976,285.93401568128326,15235.394944212174,571.6666741971464,285.93401568128405,336.9951049031798,2839.0679467526106,285.93401568128326,811786.0988069896,0.20281137162934548,0.22091046560233635,0.004391317937856652,1.0
5,4,16.737271632271916,260.0,62.013268000189676,0.05690914241989463,0.0323314457172646,4.836835865126586,727.1510055375919,4.918359217854105,606.9680960140657,9.83607258745944,4.9183592178544,5.924730778639538,15229.69613552413,4.918359217854105,74905.11637327215,1.5864832389312058,1.744044725030152,0.025582964583101043,1.0
5,7,6.389495537908544,511.0,31.360175687210912,0.009308781292747684,0.0032829077746956933,94.1882341274469,29980.494694810102,89.42532162903296,26864.219155400016,178.84866146542404,89.42532162917152,106.54742253590493,90245.88782920293,89.42532162903296,8070267.544824103,0.3907515817919986,0.42655389276432487,0.012460120940947157,1.0
5,4,17.576635850364863,168.0,30.66944635647057,0.008710677140315122,0.00641478464775107,65.26668059650166,12966.163882571951,52.3317425629313,7987.240700617793,104.65899236404636,52.33174256294101,62.5040871227019,23295.023460654542,52.3317425629313,1219069.1707404184,0.344433583528206,0.3767148820371963,0.011230511940934931,1.0
3,7,2.1269258551398114,287.0,46.27692357959286,0.009165454103147673,0.003275264820073242,8.09389954403725,6487.5437725506235,8.33237998898819,6207.703787832643,16.66472995331108,8.332379988859218,10.08256325433663,555039.4302045215,8.33237998898819,4624799.441335563,1.166939814168655,1.2836507498325107,0.025216451827477372,1.0
6,6,9.041687473810725,450.0,21.854645054482972,0.009786081108909635,0.0042225676742499866,94.60041169579522,23785.59574597287,91.7502545227571,21442.64758197562,183.49714944954255,91.75025452279542,109.3072050340505,54618.81333780118,91.7502545227571,5011290.025474219,0.3650382324720257,0.39853277721523517,0.016703004398469817,1.0
3,7,7.569270490946765,217.0,38.065186714741124,0.006063827408399928,0.0031094220718013454,119.76828979194714,33465.47362979055,83.23749986056407,17897.010436238266,166.47139877444528,83.23749986060258,99.89842539122452,46229.897267076856,83.23749986056407,3848061.067322201,0.2776263753078235,0.3041332250143924,0.007293445777327816,1.0
6,5,5.433531711611645,290.0,31.376918942559794,0.012220684343749117,0.007362756038319762,13.779377331364003,5769.881457959516,10.11044556477799,3625.6394636795894,20.220733887637387,10.11044556476701,12.286326670767906,128596.34944822024,10.11044556477799,1300166.3909253988,0.8600110638316568,0.9485077052143209,0.02740903481970417,1.0
6,5,3.777039683493161,310.0,65.371266093411,0.010188129023837537,0.005516878542437171,9.06135114034702,5712.388756619629,6.96073800892452,4085.5674642696163,13.921435607689963,6.960738008890372,8.194074887321067,344503.94288217655,6.96073800892452,2398001.689444328,1.101474912755467,1.1950849362874139,0.01684952699526327,1.0
6,7,12.733155434865882,392.0,58.7624165928804,0.028255235866925445,0.014070527237867794,13.78282722057072,2553.9824901974353,11.62272279932624,1973.532758328025,23.244639385465003,11.622722799322693,13.76960222505642,28831.877164902475,11.62272279932624,335104.9160718856,0.8968333202994557,0.9773883399876441,0.015262022433708338,1.0
5,4,2.3694333164637627,180.0,56.118454657340195,0.005229202832522021,0.003334490950724772,6.11060102362815,6262.079373071409,4.526903448673091,4588.778805245475,9.053798086002196,4.526903448641288,5.202844186904847,1027523.5487973458,4.526903448673091,4651499.896643518,1.262661966840438,1.353742489331493,0.022499941856030492,1.0
6,5,20.051998617963196,285.0,33.862322421257865,0.07902651848631133,0.04510613660194368,2.5262674994569028,393.3087834145916,2.887117053055735,309.07598654398834,5.773730310071558,2.887117053055952,3.40978451581012,11460.45194417205,2.887117053055735,33087.666243744876,1.7422437032532883,1.8948961723256557,0.051450803686151014,1.0
5,4,37.921548714406356,292.0,19.84887127308829,0.02497517515810321,0.012698837553061148,172.56998409200548,11146.795321611264,144.15479157335625,8755.110616167465,288.2314426359771,144.15479157334826,169.327832892419,3688.6301354095963,144.15479157335625,531733.7083611712,0.3274432299473825,0.3556574266792885,0.016496818657458882,1.0
6,5,14.521664287693044,225.0,41.10169238008966,0.07270982809158165,0.04709524583102189,1.2965653045085954,197.52239628174598,1.1089979891241402,164.19941675194565,2.2178948065040194,1.1089979891245438,1.3288771778423647,21922.07720644025,1.1089979891241402,24311.539539366386,2.2125847383975255,2.4240625092621118,0.053831961904063544,1.0
6,7,9.686328550627364,497.0,65.3382170237379,0.03108463599549349,0.013968063853070594,8.945267977980917,2413.622968999588,6.57807749799183,1692.8373016094947,13.155956345355065,6.578077497994403,7.874890341100112,66226.60143416314,6.57807749799183,435643.716662542,1.1050465842663773,1.209718541195209,0.016912714099083924,1.0
4,6,16.202389402009228,246.0,47.59165350777305,0.006685257110868506,0.003600875183056203,120.56915179071724,28279.966012462985,132.99914053717276,22249.100262519412,265.98877642568954,132.99914053724757,156.55148260993758,27985.124108143147,132.99914053717276,3721997.454209152,0.25749444701361063,0.27958245940781207,0.005410495917557362,1.0
6,6,3.0902860631030116,414.0,52.59420680779361,0.013142025592152901,0.0061136226735211095,4.809295552610573,3880.199879633889,3.160363224424213,2607.2507342524,6.320717161917737,3.1603632244515296,3.68225421656129,680599.4564195847,3.160363224424213,2150941.4926315653,2.0095497266441704,2.169428872670424,0.038208575594420556,1.0
3,6,5.26489321295393,336.0,41.651926443148874,0.07673707203690494,0.026147788914688403,0.7747474092683038,283.110005518511,0.8025522069805283,280.3967820725783,1.6050912647339715,0.8025522069811627,0.9599043595920921,122067.33517395517,0.8025522069805283,97965.40924408959,4.397206713700391,4.809840763171796,0.10557030824737919,1.0
4,7,20.355220132034535,301.0,48.247601189111215,0.04046165314314524,0.019515383174038857,9.444386637137072,1347.7313206655756,8.848022066314472,1083.587871186277,17.694864324573494,8.84802206631931,10.399536429493285,14998.087271671748,8.848022066314472,132703.40713226184,1.0769391540983835,1.1691969329341196,0.022321092190204745,1.0
5,6,49.22344821387836,396.0,46.764628850202286,0.052649140372258145,0.037679581202990794,25.59223249156718,2152.3726541843157,22.223868617005717,1105.3517777790398,44.429776981965745,22.223868617004864,26.282654545077204,2473.783601318553,22.223868617005717,54977.04174260677,1.0380265675693814,1.1352490820907732,0.02219683108989095,1.0
4,6,20.443419570670795,408.0,64.30904839602853,0.007579455162039907,0.003209125135716427,517.621999105654,71834.5177206917,623.093381282089,69776.32908100971,1246.0873963956108,623.0933812820913,737.3617866438988,12540.358698631853,623.093381282089,7813814.504020779,0.16339485163568984,0.17804278880841834,0.0025407754540149666,1.0
5,7,3.734416124197965,511.0,15.183563980395121,0.06704124658831083,0.02454098142941084,0.5607128201114866,298.80366984798945,0.48775434218547986,265.698411111934,0.9755053969688862,0.48775434219011915,0.5824235245023979,296739.68131312873,0.48775434218547986,144736.06805921404,4.928144201803086,5.385526885198211,0.3245709774178355,1.0
6,5,34.09541820298628,410.0,66.7185552804322,0.06576207269796883,0.04761634689856816,11.908122173829893,924.0238928840478,11.078533851807931,686.0917862098355,22.151292075772794,11.078533851809258,13.015556288554949,3835.304605399268,11.078533851807931,42489.55190291065,1.1902090556552694,1.2949407566809543,0.017839251024734708,1.0
4,7,16.889457254550877,385.0,17.081657089981515,0.04472935467510778,0.018277272718310495,23.806123239570027,2754.6348347714897,12.688472911063709,1555.7256730360352,25.375257858287533,12.688472911067166,14.700297768655139,15033.057672640049,12.688472911063709,190746.5450497517,0.9356462199009256,1.008291889985387,0.054774909423142976,1.0
6,5,9.471447264800855,435.0,53.991096997650786,0.04253023816905848,0.01771140446010101,4.518802137469863,1263.16777144123,4.583599027624703,1223.5069541574676,9.16706939902468,4.583599027634893,5.39758677685977,71252.42456406342,4.583599027624703,326592.5439477436,1.6871934918857894,1.831409586095601,0.03124947603785863,1.0
6,4,19.029025443822185,200.0,37.642438275653,0.007726725800564226,0.005573413806726348,292.13341632485236,32851.287632654945,186.897166503285,18926.687014946976,373.7578872810385,186.8971665032688,222.54701559466085,10255.191306065653,186.897166503285,1916666.197052793,0.19790404068193423,0.2160715497265601,0.005257471347437604,1.0
5,7,3.693390150447887,371.0,53.953671032132306,0.009248235114214303,0.00412848732377166,14.001980925867665,8274.188358661231,12.086005113881232,6736.683056263802,24.171932426839795,12.08600511387591,14.594804170283751,310689.5767284562,12.086005113881232,3754995.813169717,0.8717534452182368,0.9581055855936375,0.016157444498986193,1.0
3,7,7.189385490583491,203.0,44.11962320835243,0.005796165917782245,0.002998021306378586,49.235377074900704,19735.057095011416,45.08188412585615,13100.918495114012,90.16270060497864,45.08188412581068,53.19550321877337,84449.9453246539,45.08188412585615,3807162.6495609344,0.347057899055104,0.37720685125752335,0.007866293359218927,1.0
4,4,5.55473812051029,124.0,69.55965341416747,0.022007448180493716,0.016100513379998037,1.1304776257471087,499.97199578400114,0.7679391976166468,326.5272871688833,1.5358699001176357,0.7679391976151231,0.8915726032703069,180794.53098526088,0.7679391976166468,138839.20705829922,2.9060543007509154,3.131631172490553,0.0417778720582157,1.0
3,6,2.267779908729642,150.0,58.58605785616662,0.009617063712524243,0.004956047553750612,1.4441771916622497,1414.8035861076032,1.6182188720621564,1401.1503936591073,3.23643342732468,1.6182188721108826,1.928858757895452,749712.8986660353,1.6182188720621564,1213199.5612498014,2.113907901055962,2.308081162033859,0.036082098342335514,1.0
4,6,16.086156369067663,204.0,59.14530503317117,0.05052690434431937,0.02871395449163535,2.0647214081327503,360.5043090245637,2.396887429288521,343.9755061558445,4.793542104773193,2.3968874292879216,2.869208674739614,20594.90349970393,2.396887429288521,49363.665305850525,1.5912158462976278,1.7432996136934888,0.026903502237501476,1.0
4,5,11.396865761394395,255.0,32.87625619304851,0.027482713315833383,0.013224846944503217,4.003626789804633,1263.3202379520794,5.849821108085983,1410.2705625123813,11.699440915436499,5.849821108094316,6.820496875308303,58119.2111386425,5.849821108085983,339986.9881041369,1.1828538208844355,1.277221859163599,0.0359789695620678,1.0
4,7,26.481043412429635,231.0,16.233047792460198,0.006217824378733271,0.003441663412794666,1145.3220395456465,78352.95329806147,655.2327696325249,46344.988388502316,1310.2036459175754,655.2327696325599,770.9538925126961,5002.813772106006,655.2327696325249,3278007.523852757,0.0976966042734685,0.10624932560820052,0.006018377172452229,1.0
6,7,5.4908754594078495,392.0,51.779282556612934,0.053434585899646746,0.02489980510357265,0.445891181154528,244.06402831487588,0.41063452992740535,208.27855541005036,0.8212658675426223,0.41063452992827254,0.4802783193088912,257263.50457995714,0.41063452992740535,105641.2782706676,4.714541642534642,5.099775225546443,0.09105073322288683,1.0
3,5,54.9812484770564,240.0,67.50839880402854,0.03191683254539464,0.35159631442728784,8.173207718693966,763.2960661530781,0.375550453335499,13.09004501663016,0.7504831815472975,0.37555045333549336,0.441295674671918,1214.9144542891531,0.375550453335499,456.2616740721419,12.321647724723846,13.534018035755228,0.18252021886184264,1.0
3,5,30.18790773763575,145.0,18.207383355703087,0.02826096732978431,0.017055338689223595,67.98349986016252,3777.1783923354756,38.152247587760584,2117.8559215619825,76.27974053411681,38.15224758776025,44.989951146591025,3081.4318531319564,38.152247587760584,117563.55098550231,0.4015451005407794,0.436793062667341,0.022053970781858872,1.0
6,7,24.55853335329987,567.0,35.62978025667056,0.015936784576556708,0.006669291115084165,231.44280867435856,26539.3300951682,204.42423354607243,20824.65456747748,408.8090731293317,204.42423354603582,238.13868063825146,10377.454937110271,204.42423354607243,2121403.2716776724,0.23632016157619049,0.2552916627748999,0.0066326584074833566,1.0
4,7,21.915795020206417,273.0,39.859281063161376,0.025252342123235877,0.01371626895012355,32.362723002480095,4109.2798450928,18.14638354161023,2092.6437095970296,36.290038249874904,18.14638354160935,21.125060530064363,13298.737474185658,18.14638354161023,241323.99082575785,0.7912607106005437,0.8545335381211057,0.01985135430181756,1.0
4,7,2.07602900223411,294.0,33.64388462498519,0.008935184330192707,0.004292134327911524,4.9712618957269346,4682.03251845087,3.5236151056279876,3117.168029834359,7.047221206313002,3.5236151055599416,4.262042214961504,782606.5899324078,3.5236151056279876,2757604.4020498404,1.4511284788791075,1.5960581127704057,0.04313201329318095,1.0
5,5,15.30676963898713,375.0,26.78093043484841,0.0629506087202235,0.030481529604965578,8.262195537223056,1140.399040750272,4.9276453669551215,679.5884519745942,9.854772610140813,4.927645366955355,5.721425284319855,19020.112920190906,4.9276453669551215,93724.37131014196,1.6669549589484254,1.7983413984814662,0.06224410175007652,1.0
6,5,4.896940391614994,335.0,52.88534284329694,0.020803098636714347,0.011359790500728722,3.756489972134966,1956.7789578336065,2.0799858528930053,1121.5605201451353,4.159957398257597,2.0799858528864412,2.4227648726650153,290753.3079922196,2.0799858528930053,604762.7673056595,2.382567109543265,2.5718090802644906,0.04505155836094288,1.0
6,7,17.983822144966034,504.0,39.89927961244159,0.006770234012928599,0.002855436156556461,879.684867414291,104833.06634612133,817.1268593237118,92439.52493234487,1634.1260309337029,817.1268593236983,967.671214359078,12797.832960292786,817.1268593237118,10457453.052993525,0.10654491493507538,0.11608563928271018,0.0026703468325741907,1.0
6,5,13.652584828240013,330.0,28.472790814196998,0.05698526411827278,0.029115895899783,3.0180857501693374,642.010839994395,3.0158155099903867,529.1163525482492,6.031435077848341,3.0158155099905106,3.5959922568707414,30781.715985799776,3.0158155099903867,92831.976494094,1.8144026657728656,1.9817893170412104,0.06372408934596516,1.0
3,4,9.334947254774358,160.0,32.49882177210859,0.005115791617621091,0.0026471106725867288,224.8231622306672,41240.32312304246,198.15217316801636,36767.91332318797,396.29283631976733,198.15217316798157,236.82207014789512,34430.258791839755,198.15217316801636,6822430.602340249,0.23009627485944656,0.2516640099086662,0.007080142057855208,1.0
4,6,6.538001490078845,294.0,59.703243209575966,0.006268804603177597,0.0026909743236624754,95.7888498363186,30978.275517888505,92.23124533674469,27385.23370782001,184.46039836176604,92.23124533673489,110.8296421402716,88161.05078061218,92.23124533674469,8131203.503691849,0.35575573123864923,0.3900640083768036,0.005958733765766155,1.0
5,7,27.68847372249799,392.0,51.37821677263829,0.007429090623987177,0.004085134571333559,891.0381457335482,90682.14513091868,571.2726815422701,47893.059656908095,1142.3828256453155,571.272681542136,683.5493487009343,7028.42885293748,571.2726815422701,4015149.397846656,0.1565820197535673,0.17175840529424305,0.0030476343787189555,1.0
3,4,2.0376864249222777,188.0,60.18045583036464,0.0755068759078453,0.034019351067460186,0.03997649817346874,43.70324394378133,0.040114213206374295,43.33188151015002,0.08022835765849562,0.04011421320714982,0.04623483221428585,1166859.4208907492,0.040114213206374295,46807.64759147796,18.098057289406803,19.430197147463698,0.30072981401837856,1.0
4,5,20.922549657676054,85.0,69.09357668025534,0.024943742569737803,0.02490000872148014,3.4910662946809072,391.36842534295783,3.58537359311836,343.09306379839694,7.1699641859132,3.585373593117972,4.293129148186798,9157.038608578257,3.58537359311836,32831.40441836177,1.2064467792642668,1.3232931464947444,0.017461055531215963,1.0
5,6,3.103009274480602,330.0,46.66678959041806,0.026075240969971932,0.012259304361851714,2.0211568264153845,1137.1181821084622,1.142294250936234,702.0313047545077,2.284582453358793,1.1422942509445566,1.3467343030218217,377708.68832112564,1.142294250936234,431454.46319788764,2.933368649618795,3.1854903173012485,0.062857734062364,1.0
4,4,16.738164623901174,180.0,29.961237050854006,0.018660633636738658,0.010244583269875693,65.31551532718753,6331.589385507765,48.81184691013692,4988.31329577572,97.61434715496519,48.81184691013402,58.0341360826416,10443.761918539736,48.81184691013692,509779.30793367943,0.43082453939832055,0.4702842229877488,0.014379397575175904,1.0
5,5,19.928681985209668,175.0,31.284854052010264,0.028097554418918026,0.01967138691423296,3.7526747589787073,838.1477637771025,4.306580548799986,671.0544343587562,8.612806370528402,4.3065805487991815,4.978716736639605,24280.093344520796,4.306580548799986,104564.17772056126,1.0607061196693817,1.1413864258202704,0.03390478082160732,1.0
4,6,7.80082112262906,282.0,49.59341608324773,0.008322848123103322,0.004304807458177415,18.111320815509668,10870.289306820237,14.340956524560097,6479.415129584863,28.681772544629425,14.340956524626305,16.553171563927876,204134.01279139047,14.340956524560097,2927477.0026253257,0.780430894812076,0.838466242993259,0.015736582725054495,1.0
4,6,33.54285217798871,234.0,40.02321793746054,0.013843046699473137,0.009210232790671865,199.79114155296708,15997.376514169382,177.68396847284257,9794.145421686799,355.2510142764971,177.68396847284708,208.64582722220098,3038.3416382475434,177.68396847284257,539864.5998601014,0.23716893928761126,0.2578951057935189,0.005925783870207703,1.0
6,4,20.68017229355492,216.0,21.989230077620682,0.014229996986478892,0.008840352726679658,89.48786186144171,9321.477552022845,72.80921083759394,7706.052773290917,145.60542338463588,72.80921083760788,85.94277747517604,11201.890163173799,72.80921083759394,815600.7826700907,0.32766274580338467,0.35603968128406843,0.014901055864473406,1.0
5,6,50.45409550337957,408.0,65.14769992003097,0.020430307248634007,0.14332537816371746,123.3296831899912,9448.152583087078,1.8998059671346315,86.26251338976249,3.7977698778631437,1.8998059671346947,2.2479233349659284,2061.701186231379,1.8998059671346315,3916.8322160509215,7.2449204799730635,7.917908677979292,0.11120761728911732,1.0
5,4,6.796464018167493,296.0,54.055383465479736,0.0654657778612416,0.031598844222204214,0.8098606920977098,292.8108423727528,0.7186362506688534,249.53356037919653,1.437260580799716,0.7186362506684908,0.8401727710718916,120570.11766727855,0.7186362506688534,86646.05730311554,4.1835938398212225,4.524642084484082,0.07739458258570868,1.0
5,7,18.361121387485454,420.0,64.49023458394691,0.008998820037845393,0.004462363066010615,507.882083809965,59320.17514261831,305.5484872620567,33347.76400635552,611.0456765147642,305.54848726206495,369.0727605731795,11911.683982834595,305.5484872620567,3639597.0216987813,0.2345767310384014,0.25812911772674246,0.003637399252022459,1.0
5,5,7.2256363241797885,290.0,14.370015184035944,0.035303266332858574,0.018519323619222733,2.617399584353243,902.0766587526748,2.026742009747509,632.8971698522657,4.053442451928416,2.026742009749522,2.368582714305625,97514.53815489916,2.026742009747509,197636.81103966048,2.2655994144791474,2.4490881415638235,0.15766158806819255,1.0
3,4,39.22757328998241,192.0,61.26785863924512,0.023984994263337733,0.022843452240962084,53.66223534733095,3249.6365830301042,40.287845448438425,2080.7153460292807,80.54549388338131,40.287845448439626,47.0660312302957,2667.333108580719,40.287845448438425,107461.10403800284,0.5962334048375503,0.6480808680240372,0.009731585501433423,1.0
3,4,4.3442723799400955,152.0,14.159961895778803,0.044950946441911284,0.024032400479626372,0.22024248367252047,159.91460149302557,0.2421048103788737,136.62346170369477,0.4842081002527195,0.24210481037967324,0.28370126915581534,318451.8184310827,0.2421048103788737,77098.7171160648,6.441433668052957,6.973724959006434,0.45490473176860735,1.0
5,4,18.791355611783107,204.0,39.16135253045445,0.015808026339758526,0.010523581207710513,43.67716272800415,6679.945530755279,33.76067634443677,4250.739468427411,67.51709369475697,33.76067634444388,39.23610719473382,15852.826188872425,33.76067634443677,535202.1341071329,0.53630307134191,0.5786630165232285,0.013694702472925199,1.0
6,7,39.142352503401206,658.0,46.81721858079547,0.007292181023915044,0.0033157218827869505,3475.428702540337,201880.05020601215,3833.9594058131106,197380.64654487258,7665.026803134432,3833.9594058131406,4556.563971263085,2650.416423307148,3833.9594058131106,10161588.975459982,0.060073070205777374,0.06572445907132991,0.0012831405202362767,1.0
3,5,24.049288932005062,130.0,13.89995564608285,0.029843141887743847,0.01726450103514076,21.687316474324085,1583.9991796408415,21.039795215140852,1480.373742418227,42.07109228682344,21.039795215137296,25.12334494074904,4950.621571480321,21.039795215140852,104160.06405160474,0.5964361126551645,0.6525802100473153,0.042909209773143865,1.0
4,7,4.858622607278258,350.0,58.3447346489049,0.07902487349027047,0.03144469539778657,0.2903550363105449,139.767850309115,0.2916788493258881,131.84248121421192,0.5833548434826531,0.29167884932625116,0.34374430775433956,204315.28569207792,0.2916788493258881,59594.44743035538,6.096383588393735,6.619080004793113,0.10448901044934586,1.0
4,7,48.88600207860017,273.0,24.79269953049576,0.015150309979854315,0.007905332398445618,828.281283285047,27688.424648841094,631.8307501774475,21514.33290884373,1262.5725650060579,631.8307501774493,741.705386878042,1159.4559459840566,631.8307501774475,732579.9201488085,0.10366470982972223,0.11253727005031432,0.004181259475282696,1.0
6,5,5.576005616806771,360.0,23.51883749901644,0.012532031586165211,0.006194837926732269,19.621632999437075,7615.888338130375,13.475070312982913,5433.1539994821605,26.949974852117442,13.47507031305824,15.733720494233385,162570.57807434126,13.475070312982913,2190649.970374027,0.8984093886267267,0.9707874173652441,0.038199566142004183,1.0
6,7,2.774724948006881,364.0,54.58079384411215,0.04846678171509902,0.02400626400023789,0.19389379985666028,162.96445748963413,0.1445237651407774,123.40198898065407,0.2890471338190462,0.14452376514112333,0.16876801068474617,729064.2194366186,0.1445237651407774,105367.10602240206,7.091477442711789,7.663324619194389,0.12992624224128568,1.0
4,4,2.1470360066706586,196.0,60.940563713230645,0.010367510120033044,0.006259135196314533,2.2695594488126565,2426.8309140969286,1.390240984492096,1436.0705709629563,2.780479363214769,1.390240984529004,1.648861393241195,1067017.1257352035,1.390240984492096,1483410.939352036,2.740423967753043,2.9845002610763953,0.04496879911791949,1.0
4,4,37.73146885562846,216.0,59.19882379457618,0.046074745660986564,0.14404177396013182,13.64080390771821,1226.4040297494448,0.6290129619229198,43.9491921420584,1.2577682810311177,0.6290129619229688,0.7421384890599114,4881.829450245893,0.6290129619229198,3070.734002101708,8.17876963380564,8.920692903445756,0.1381576374251372,1.0
3,7,6.560196974500538,266.0,26.415967798845283,0.06597380894929893,0.025567003654470233,1.0576277942983596,302.9115794279531,0.8237592354685428,235.75952437958222,1.6474983574622881,0.8237592354681852,0.9561247575774703,81910.18372667694,0.8237592354685428,67474.27032377527,3.433027651909351,3.6990797574438594,0.1299603208957356,1.0
6,6,10.805115776398644,354.0,52.94069575948955,0.033377983111228235,0.016483033120619873,4.089575218372197,1171.988900768915,3.9191870113057132,992.6988461032748,7.838251849356708,3.919187011307126,4.537924699111473,64156.85402034478,3.9191870113057132,251442.70896277198,1.467813873410696,1.5797315863175487,0.02772562491583032,1.0
6,6,44.89934199864101,516.0,56.78087623504928,0.04112175760871392,0.03416955465240385,43.00712958914832,3634.772612244092,25.94986830144421,1503.4171108886858,51.88427882284476,25.94986830144311,30.68592104621204,3356.5155335165023,25.94986830144421,87101.13604650498,0.9876095901724163,1.077407145823194,0.01739334888183342,1.0
4,7,35.04956722259716,441.0,59.02590651308066,0.047786412891811535,0.029783374084902614,17.977863473238422,2244.9268707783867,20.396169448401555,1313.1458550010711,40.78250002881051,20.396169448400407,24.27913318865459,4145.039863225948,20.396169448401555,84542.93542073562,1.570162754890813,1.7180130434171594,0.026601247615618592,1.0
3,5,45.64546880370943,185.0,27.370480159584083,0.005453318389926068,0.0029909045796852845,2797.9605438609888,153018.8646809068,2781.0919601776964,117053.43034904709,5559.04585008816,2781.0919601777114,3312.620480442373,1771.4854597368453,2781.0919601776964,4926663.969645831,0.07273545700479946,0.07968204005121901,0.0026574417613689657,1.0
6,6,4.953265240902599,528.0,17.332315423283756,0.007646702646994543,0.0030929737375643054,99.84257905570024,37595.02288023013,76.81196546062121,29040.55196179926,153.62285618047068,76.81196546078625,91.68103887652853,142939.40738128638,76.81196546062121,10979456.822733033,0.37020480990930416,0.4044157520567296,0.02135922413528092,1.0
4,4,22.66975105626057,116.0,68.40120151535221,0.024305895251653276,0.0215717057726322,7.372714049767441,890.5852954172167,8.827173549644067,806.4928701307315,17.652232432706057,8.82717354964644,10.436912510927554,8347.525109962578,8.827173549644067,73685.05285565136,1.0145121542089188,1.1064341530651718,0.014831788502738773,1.0
4,4,49.98474497668849,112.0,49.153687247013174,0.01057971659176596,0.029452970062365906,80.97368791427577,7440.2947861766,11.361532930309226,657.0283830945182,22.716273156727897,11.361532930309782,13.374218766981954,3344.216606379579,11.361532930309226,37995.42709946855,1.0497539634331088,1.1479733245607044,0.02135656595115145,1.0
4,4,5.407635200048621,176.0,19.181475240422603,0.005231238978821141,0.003037527453993311,37.45726112248096,16421.947802329247,37.03194136102687,14440.053998855123,74.06339562091895,37.0319413609168,43.72455335636083,152049.38728880705,37.03194136102687,5630683.994059166,0.4910575565611885,0.533622604190403,0.025600614676724396,1.0
6,6,13.042627947410608,390.0,20.179382349665993,0.03926710175713806,0.021710337747186725,6.3931214659257,1530.2459272132442,3.4091225342790215,745.9808057298325,6.818102673977859,3.409122534278039,4.0352933267840125,47881.757572557995,3.4091225342790215,163234.77872149265,1.8307904084675797,1.9927236979440761,0.09072579015273392,1.0
6,6,2.5542487712015793,408.0,54.02337234213356,0.027790673351398006,0.012750584931610381,0.4840226118349513,555.1579979763031,0.479622228116717,487.8000811313625,0.9592435289014511,0.4796222281258003,0.5688988299861113,1034391.9494554615,0.479622228116717,496117.3715438229,4.375563288617504,4.76574641841296,0.08099389391885375,1.0
4,6,7.173736703931139,222.0,14.453668954315177,0.07207056362519622,0.04383587185079281,0.18426228696850483,105.7848389800687,0.18496447525767026,64.83091237072212,0.36992593940129753,0.1849644752575436,0.21828396819797052,122853.52372527977,0.18496447525767026,22723.537549402117,6.045923206475318,6.567007777734115,0.4182967816396745,1.0
5,4,2.236176921546507,272.0,39.617258228346294,0.023113114815484267,0.013563237928293826,1.2180151681862548,1031.966242697243,0.5638932451809614,495.7288379238648,1.1277850310955082,0.5638932451761829,0.6648232749588144,772848.8820040906,0.5638932451809614,435804.2641077646,4.359395218344195,4.7340783136808975,0.11003778184793797,1.0
6,7,2.069693781166789,644.0,63.93931671970527,0.0653910724979182,0.024643030991269427,0.11645617085764487,165.00602571286404,0.104711218401602,136.5739657719966,0.209422313696803,0.10471121840059622,0.1231221696349412,1701176.6571926868,0.104711218401602,178132.28049101064,11.702743198722349,12.690903508444462,0.1830289061427476,1.0
3,7,22.14316697059384,224.0,60.094678985812926,0.03916688609559261,0.022877033263292306,4.8409624389015615,866.969375929316,7.085674124815637,721.3321229338346,14.169980958268852,7.085674124816191,8.509812180546215,10363.541624140096,7.085674124815637,73432.6787276193,1.0889923941805844,1.1959556612154518,0.018121278165703695,1.0
3,6,27.99594792315725,306.0,22.12316121196624,0.030899408207369514,0.011414134449220762,86.39697382333922,6734.151009343601,101.46467582892238,6890.714054497826,202.88536185640712,101.4646758289245,121.29537687102591,4612.099968781382,101.46467582892238,467965.228222986,0.4004156370958142,0.43858218321470516,0.018099386125669623,1.0
4,4,3.258923992613056,144.0,31.917845441473315,0.01464782081141837,0.009901204394931841,1.1439750389431367,898.1733134586955,0.888551277387428,614.3789225868312,1.7770988376798182,0.8885512773886806,1.0278888784406204,478087.7598351715,0.888551277387428,424805.4897048355,2.9870148093701316,3.2128684665455705,0.09358447501875779,1.0
4,5,26.914945569073044,255.0,58.576802722137366,0.027373095109102075,0.016730280907952536,27.625982073187526,2632.3283860737442,33.29595608482389,2685.3120037239332,66.58167574733018,33.29595608482528,39.57544403389319,6504.389293799053,33.29595608482389,216569.86028493196,0.590685303085347,0.6461494549876771,0.010083945788016097,1.0
3,5,3.3710061772737703,175.0,48.340690160609014,0.02185144958240545,0.010822362850216406,0.7151898963659518,601.7562038286701,0.8371086505978858,547.8621712567376,1.6742133924849711,0.8371086505902535,1.004427896054225,428330.46912325063,0.8371086505978858,358559.1410177237,3.159357705155882,3.460862164820556,0.06535607362367206,1.0
6,4,22.731329798786824,348.0,20.847200734346263,0.06857171081415729,0.03712183755801026,15.102097481984504,1292.6560991399617,10.09857909625179,874.3371838260833,20.19446420869859,10.098579096253012,12.10870158424879,7496.13422064161,10.09857909625179,75700.30434326906,0.9811844818973727,1.0740936555330467,0.047065526657535744,1.0
5,6,16.70892037003813,378.0,20.33991429434447,0.01629248280011858,0.008095424456159772,80.14624182610325,13733.39811168266,58.90100529697553,8226.485579272266,117.79597184225284,58.90100529697443,70.39914439483958,19506.675844932794,58.90100529697553,1148962.8172687711,0.45786819784167904,0.5005424119494378,0.0225108223769158,1.0
3,6,30.38504491210199,90.0,38.988459300010334,0.056007800639532986,0.0449231816703371,3.8767362149423423,210.92338310547046,2.9480949664179175,160.53980615519643,5.894202270971269,2.9480949664180334,3.4674900564576747,2965.3948568245014,2.9480949664179175,8742.265650845893,1.1011391541399842,1.1974729513255726,0.028242694733507778,1.0
5,7,4.405907733297624,455.0,57.39332876910147,0.017962641957358083,0.007716849682110273,3.246836064269622,2627.520919437726,2.9547031399490513,1928.1451351427518,5.9093924030383675,2.9547031399473966,3.406011943757845,425845.17860396946,2.9547031399490513,1258246.0863533132,1.9272022299975988,2.0693820754250347,0.03357885439527139,1.0
4,4,3.437579283712701,172.0,57.50730108087427,0.02250393275661618,0.012759297551318854,0.9371356326875661,573.5458280011557,0.8670127186166336,521.3976038577825,1.7340206424749447,0.867012718618932,1.029255359930375,361648.88060836436,0.8670127186166336,313554.1791609203,3.188734226519535,3.47457359051041,0.05544920673698668,1.0
4,4,12.47537723011499,280.0,29.75468302026374,0.0331124391827648,0.014358477999026342,10.214378107352056,2107.273896380457,10.494540941769372,2029.630003966158,20.988520738694184,10.494540941767456,12.132562101314297,37403.0361064394,10.494540941769372,392527.6937655064,1.237773442127504,1.3312807991166142,0.0415992817427948,1.0
5,5,14.60891575922767,255.0,48.98719025884834,0.005639376144164771,0.0033354148043608874,187.363578058045,45731.92287456729,143.7477998000856,27661.514058474364,287.48783587781463,143.74779980003842,166.90964108649624,37029.63941400157,143.7477998000856,5322929.193153257,0.28185904512904575,0.30383837049400364,0.005753729569703884,1.0
5,5,19.08592372843935,245.0,23.72150441929234,0.03886983502907165,0.022885378246771015,4.297340044423912,920.4903584793337,4.893048478051105,733.2349966440541,9.785661180569576,4.893048478050533,5.746540609188895,22455.738042812707,4.893048478051105,109877.01485389902,1.2000385635204023,1.301044485526669,0.05058863646710489,1.0
4,7,25.981689738178563,413.0,51.51531792233211,0.02082392102785895,0.008775399116042876,148.5739600004586,14339.8920358459,129.82796832488162,10770.858594851506,259.6182167060715,129.82796832487668,151.41970391303465,6882.783783976885,129.82796832488162,893577.8350931599,0.3180405982801854,0.3441507363029752,0.006173709318065053,1.0
3,5,10.785793183413908,155.0,56.56872151526254,0.04512419924034655,0.025093074699975997,2.473016148096345,452.16152913632965,1.7141016692037063,313.44471513836544,3.428100819294622,1.7141016692035766,1.995574605151296,33438.65094649767,1.7141016692037063,57317.24740331175,2.0292198548348654,2.191833689413031,0.03587176447477908,1.0
5,6,6.361677281224701,426.0,17.6645147787238,0.012889189372781253,0.004911287658909904,20.015013806720173,8512.688448717025,21.436637476995397,8556.473637515837,42.87300585761078,21.436637476924606,24.872648266816096,159322.20422972983,21.436637476995397,3415332.334108541,0.7197864477012811,0.7753640579207458,0.04074759237475546,1.0
5,6,7.733399403593449,348.0,51.29432959096608,0.02728083833848055,0.012562904549577439,6.935994425214994,1941.7084719384584,5.792860377049377,1585.4741108703627,11.585566091577094,5.792860377046638,6.8402257694172865,74908.68749492426,5.792860377049377,433935.56768612086,1.2792162695059406,1.3903271996473927,0.024938746245574,1.0
3,6,45.73099018300226,204.0,28.51448155623772,0.009608644661335528,0.0060409456632752245,1732.768895154357,72260.62299666702,827.9189810775417,30260.09974216458,1654.5993714301135,827.9189810775323,982.8147192189006,1335.872567183646,827.9189810775417,1105994.254672124,0.10541994017772115,0.11544717521013072,0.00369706669819006,1.0
3,4,5.2557771679132195,88.0,35.92865197498345,0.008405655732110523,0.005834438326344108,4.831676095178828,2017.6760901641946,4.557264927968725,1842.8099893431813,9.114474114368393,4.557264927959954,5.254562252127006,163513.10408606674,4.557264927968725,745172.5345147316,1.179800219769374,1.2668692355507098,0.0328373082460998,1.0
6,7,2.22296514149253,350.0,15.873409052104257,0.011331059508470107,0.0062118275989278765,1.9592242995862137,2306.0200696377783,1.350497699208189,1435.3855012672439,2.700993007416218,1.3504976991928885,1.5900321065384824,1129664.3227673117,1.350497699208189,1525609.0687748315,2.165555443586845,2.3498291724106197,0.13642661362020203,1.0
6,7,3.5105598173392707,553.0,49.77333870960439,0.0370945747190135,0.01510512141902968,1.2217794704740852,800.3808557125105,0.8955998866639857,601.1295049673754,1.791195797437725,0.8955998866669368,1.043656156752602,450513.7283724762,0.8955998866639857,403480.0440709593,3.732017518605696,4.028707130982293,0.07498025278914144,1.0
5,5,46.90556917389076,215.0,32.29538311591557,0.009617033580447243,0.006615826612807041,519.7803233086539,30199.108435483784,453.2968857659883,22918.11276505952,906.2392434577836,453.29688576599887,534.6351123848732,2556.184712498054,453.2968857659883,1158710.569617996,0.14920929975848354,0.16281792123352093,0.004620143356805429,1.0
4,5,4.263153723536074,150.0,68.14772353484025,0.032594743712339544,0.02108758241993165,0.24459205629504932,184.6881193471677,0.2576756013000714,143.42478619930665,0.5153495391871085,0.257675601300006,0.30491637895198803,309814.56145467795,0.2576756013000714,79831.65341435205,4.607545901436219,5.012084243687424,0.06761114916891728,1.0
3,7,2.203075183455484,294.0,29.886265251600957,0.05124775098137571,0.018686961271267576,0.13428237479573624,146.09197187404888,0.1507760598634475,145.90233882083916,0.30155179769082435,0.15077605986258563,0.17699157260159074,936396.3829491952,0.1507760598634475,141186.15709146357,8.967699564196074,9.71638936567128,0.3000608971613036,1.0
5,4,12.436940498411317,204.0,43.46753673825608,0.005360471936485829,0.003335220421437867,258.3332052634263,48660.60172264065,197.41519295156925,33112.831637305964,394.8163524790667,197.4151929513454,239.15064052232006,28134.00087210098,197.41519295156925,5554079.210665433,0.20402245893021967,0.22473809342002804,0.0046936742737174264,1.0
5,7,20.22900642391767,476.0,40.30575654752159,0.0055139644404664945,0.0023881284411115624,1850.212931077483,213633.64026251063,1467.8138666182253,145335.0566251244,2935.3283290351856,1467.813866618219,1771.5247215477762,9803.898264467705,1467.8138666182253,14390297.819500051,0.10109669666982206,0.11124837840435649,0.0025082446114273104,1.0
5,7,23.076915891844266,392.0,66.59924163603296,0.03455876140679878,0.018691756454906033,30.503624911923957,3610.682197994131,21.029731086971164,2003.5440011231487,42.054828926020434,21.02973108697223,25.04436184078318,9076.749100332472,21.029731086971164,190881.59272389935,0.9256741060677559,1.0114332437144695,0.013899168869318293,1.0
6,4,27.595681260791437,268.0,34.6598221329019,0.00671643403914043,0.0040284449125020235,953.0606498026544,79271.32702319256,708.4581115515593,58398.458672148096,1416.7077232055806,708.4581115516294,826.0433233943307,6794.764596930307,708.4581115515593,4813806.094778637,0.12003936540524318,0.1298148446656524,0.003463357802153639,1.0
3,6,6.025201213116663,210.0,40.64141390940213,0.04508244927372545,0.020291151929967912,1.5872424884593306,430.083978536418,1.4266576475248254,382.9757437364548,2.853275700010579,1.4266576475231336,1.7253924663996498,72061.45039022763,1.4266576475248254,102807.01929094907,2.57517291495623,2.8330271028325353,0.06336327079310793,1.0
3,6,2.633474813404156,156.0,38.16499566963212,0.010658653753435396,0.006154704242231377,1.0215617927502778,1255.2230571542304,1.0035381966147943,889.3292351785409,2.007073837562758,1.0035381966200594,1.1523016053372923,785339.2873897032,1.0035381966147943,788117.9721978104,2.393743966048102,2.565132840165407,0.0627209285380007,1.0
4,5,15.2094594215146,90.0,41.564145263982894,0.005297683416484202,0.004286190040049125,65.30838722070041,8758.297119838655,59.8448916542385,8310.668441742533,119.68357723635398,59.84489165424279,70.49239286851227,19284.915595349426,59.8448916542385,1154103.6843648208,0.2550368551291709,0.27702214992427915,0.0061359821911259466,1.0
3,5,3.212962073494637,225.0,53.68997729915709,0.005849553412536007,0.002543389956493719,13.86399888236902,10678.690975246507,14.96822255661784,10955.72503084223,29.936389233028255,14.968222556593636,17.254232172533992,535724.8397618991,14.96822255661784,8018848.630664536,0.9394727834349511,1.0087425333167839,0.017498103569689914,1.0
6,4,2.425286462508499,308.0,36.88230570993932,0.0280791750795374,0.014631165856246997,0.49195244355377726,497.9066915096951,0.5274241083915779,479.7409366010391,1.054846941822518,0.5274241083902108,0.6398537197252249,827358.2514673017,0.5274241083915779,436368.68810055655,4.6290000236180955,5.098622314768538,0.12550733839751885,1.0
4,4,8.153692424528623,276.0,39.220858651436465,0.008611852568441231,0.0038898184916651077,96.66799772018017,24873.55769005533,89.78744405744429,22065.886822771954,179.57191489617324,89.78744405744781,106.77076515932656,60396.469840051905,89.78744405744429,5422844.657030782,0.38981896895115337,0.42527461471649525,0.00993907278816998,1.0
4,4,45.4108482915911,216.0,40.66954432663701,0.07610980962526463,0.06372145571098109,4.578235892380897,436.89436761075245,4.5027598464958345,265.05106700051454,9.002921437129837,4.502759846495919,5.282466253158932,3464.9864814308567,4.5027598464958345,15602.001997237745,1.5600626410227514,1.694051069189129,0.038359481692077126,1.0
5,7,23.566044906468875,399.0,13.219447645031813,0.0327255387588873,0.013726542491900275,65.75464872080364,5321.403836516769,50.44915436727455,4262.447730044466,100.88417643929195,50.449154367274176,60.057271084634316,7138.555670451376,50.44915436727455,360134.09697798453,0.42362803595957965,0.4624970032591381,0.03204581971462244,1.0
3,4,5.617829286879731,100.0,18.35729458381427,0.02359131020957239,0.016149890955811184,1.7236790958770651,516.8627686673244,1.2300690669992074,373.068707936881,2.4601113893989126,1.2300690669998637,1.452034134977657,91985.34711425839,1.2300690669992074,113148.33010243405,2.323864487826779,2.525379344632583,0.1265907934971934,1.0
5,7,7.68637645203051,399.0,19.893857998142156,0.06105168488985554,0.027141179346923373,1.0475689812852993,391.5067452481428,1.0757322884811835,312.9215004930567,2.1514391516317346,1.0757322884829073,1.26547445284452,84617.93048147236,1.0757322884811835,91026.24000337595,2.6989738019098795,2.927783422879223,0.1356686974523459,1.0
5,4,4.32376247941567,280.0,68.49589394279003,0.007238611986710758,0.003855729238838493,42.87795221972962,18505.298938845415,26.626947090617538,12107.338038073134,53.253636611364506,26.62694709050636,31.132382227355595,206754.31666898058,26.626947090617538,5505236.250701729,0.5936148318292049,0.642019180134499,0.008666429440646634,1.0
4,6,31.35678718950475,312.0,66.99306940436527,0.07602798761730736,0.049767375236190556,5.237640774992404,570.0235249369114,4.213578649043472,322.3577716310409,8.425717727961825,4.213578649043168,4.9495124272998225,5852.940113507831,4.213578649043472,24661.823496406672,2.1900086164405757,2.3804338638718794,0.032690077285783756,1.0
3,7,29.08530133859947,294.0,40.04041034672413,0.05629811620463592,0.024169419507783934,17.662762361938633,1703.479010511914,16.06161980033314,1165.3525878852995,32.117138603279585,16.061619800332025,18.88851603145395,5264.243955436733,16.06161980033314,84552.28494842668,0.987279112328952,1.0723330020617867,0.024657067791757168,1.0
6,6,28.933569138749895,366.0,39.21577382284582,0.016791082203859307,0.009011603993395569,214.73244382006425,18322.002381101145,175.43621036647497,12489.13478088162,350.80319982106784,175.4362103664703,207.65341010835982,5067.878915916406,175.43621036647497,889089.4716045337,0.22050879710416926,0.2403629710084051,0.005622961772992176,1.0
3,4,21.850003731001227,144.0,16.946212028351557,0.060624535151921524,0.03352651321655938,5.67583279799263,520.7628246518698,5.805478364825357,472.98777105720177,11.609207774062885,5.8054783648249515,6.985123701250653,6637.794498756068,5.805478364825357,38535.57235268513,1.3492708081753455,1.4812204153381485,0.07962079111945325,1.0
4,4,20.70925244418865,196.0,60.525663895626316,0.05767176300007367,0.04400879255026563,2.7602355357094823,420.73729562497135,3.855735889692167,341.38218371315185,7.7104881879723965,3.855735889691843,4.606430579278726,7839.117035239575,3.855735889692167,30225.564896270487,2.461107545898965,2.698984929521994,0.040662214794422245,1.0
3,7,6.3174351646774625,168.0,56.416076063308374,0.009470476528851579,0.004734446475118136,9.46943748039988,3915.365778808147,10.341972389678823,3610.647384481803,20.68377508538745,10.34197238967673,12.175795213701642,121888.68921724516,10.341972389678823,1260569.4584988924,0.8116793449923451,0.8809550093552792,0.014387376819357369,1.0
5,7,3.948462747288122,434.0,18.483771553569806,0.008628303693688937,0.0035061932167501997,22.803782361248032,13152.21218434234,21.510946721581377,11312.025473379272,43.02173787315889,21.510946721650814,25.372353278369097,276542.3822082587,21.510946721581377,5948688.4499410475,0.6790052582437339,0.7374052755715789,0.03673521154899777,1.0
6,5,3.8422907717366215,285.0,13.476218913115556,0.02618015587619247,0.0152795956364462,2.981435619536777,1228.333422841016,1.6937405610381235,707.7084214367177,3.3874617194997296,1.693740561039019,2.0514342102426486,174588.22562871705,1.6937405610381235,295707.1592270337,1.9292734822161617,2.1236008993528515,0.14316133439614293,1.0
6,4,24.19373652464867,368.0,24.54201433027169,0.009224359156786172,0.004361982064599114,648.3858525077536,65014.560679812435,727.216942956935,64324.48787382486,1454.248013995166,727.2169429569855,855.7218041826994,7823.925331724046,727.216942956935,5689691.061659684,0.1394949112821254,0.1514804138397783,0.00568392265626149,1.0
4,5,4.259011087244268,220.0,32.355224241730866,0.03229364512872715,0.017242995547112096,0.8535234648206792,488.2330447015248,0.6331365869739021,329.7483216991731,1.2662685056870029,0.6331365869756674,0.7347472059621506,271250.3867774857,0.6331365869739021,171738.54409964816,3.814057371574423,4.108333708894825,0.11788072748558355,1.0
5,5,6.630514559960707,285.0,59.98123272576294,0.07123211892503367,0.035193416709362005,0.6426526056175369,196.06489387616463,0.6353069903278465,187.80544015770812,1.2705994408154873,0.6353069903271351,0.7664156151824351,87387.45042494521,0.6353069903278465,55517.85812189584,3.978558626355363,4.370960404589714,0.06633005767896641,1.0
3,4,48.49320459456689,136.0,32.98661075482102,0.0066035176101899165,0.005330843838243868,264.64571558079314,22510.663328277005,403.2292026014038,23657.43423975753,806.2241849244723,403.22920260139915,467.78714933756254,3442.162184617775,403.2292026014038,1387980.3129281315,0.11822484466485911,0.1276178106708213,0.003584025213853789,1.0
6,7,6.56225391783327,616.0,58.460353059342374,0.07785007388705859,0.02971038893877038,1.2106549388139005,431.36764347690183,1.0606420364338454,355.58897959671367,2.121265200079882,1.0606420364337488,1.2683251023020083,112398.08571267537,1.0606420364338454,119214.1345215579,3.330293156877664,3.64346452318408,0.056966695933175854,1.0
3,7,19.2105676212548,203.0,51.64321839283083,0.021874651003046107,0.012014261903702647,12.07635848471145,2536.765057345879,13.010279062778125,1754.6278236404164,26.01912759896366,13.010279062771303,15.323790852736327,18188.496447317255,13.010279062778125,236637.41451194597,0.7621048447735541,0.8285532247204788,0.014757113682894526,1.0
3,5,6.712449614432664,160.0,14.451005264296755,0.016214660597277164,0.007978212856205265,10.348085427124385,2632.1004638922436,9.159904548611028,2340.6953958745103,18.319528549755823,9.159904548622876,10.89810684427465,65299.20675609026,9.159904548611028,598134.5009858031,1.011356169053568,1.1035420834855085,0.06998517754001972,1.0
3,6,25.51620603537323,186.0,28.63580829817292,0.020854942627383643,0.010172177134684025,38.0213006295373,4332.244145784516,48.735688223166626,4167.494633751608,97.45804854345381,48.7356882231633,57.97172630717354,7312.331840452988,48.735688223166626,356371.52476065105,0.4202920823265881,0.4591577054153947,0.014677150997459514,1.0
4,4,12.32174543397974,216.0,25.25280870522668,0.017777325925381414,0.009124105613392422,15.4800383784445,3964.5923250070136,15.277537400664507,3390.1802077604098,30.55445431006743,15.277537400668159,17.71872287469851,49242.35979213051,15.277537400664507,752301.993421252,0.9124156339280156,0.9829027235042339,0.03613125354009311,1.0
5,7,4.81187518916259,245.0,15.5868900557598,0.03857104897132641,0.022116916047008158,1.2376035928980036,412.13603132108705,0.6833640919535747,242.42956005887172,1.3667173243551454,0.6833640919529828,0.8213953524040069,125853.9461722595,0.6833640919535747,86004.06764478018,2.9245201483417596,3.207293831869907,0.18762691838331572,1.0
5,7,33.145310182450814,343.0,38.00054282379985,0.06521950857674888,0.03511098327956271,11.56521458552987,902.8013932797904,9.363338118834893,662.3566633460192,18.72293468799038,9.363338118833912,11.037576417465322,5004.058826443434,9.363338118834893,46854.69475853,0.9196007225641187,1.0001271177443738,0.024199673326460225,1.0
4,4,3.376471289859446,204.0,37.977743350431574,0.013336209017617133,0.006915081932694198,4.72522218188688,2572.605197287236,4.096573131243363,2287.4638290155144,8.19311998512422,4.096573131258374,4.906061128182201,311793.49230244244,4.096573131243363,1277284.84306272,1.5496850480644255,1.6958423894977024,0.04080508506693079,1.0
4,5,2.733436271285459,170.0,56.3036774107837,0.019652788146945804,0.012405600370373478,0.46423802809418,500.1849319666202,0.41096358294684254,324.97553327120056,0.821925851469708,0.4109635829506493,0.4780331195032366,625308.9604274828,0.41096358294684254,256979.2108260437,4.2374290956678315,4.571019121911732,0.07526025457897086,1.0
5,5,27.68797834088014,310.0,44.68683584486819,0.05702648089745345,0.030994429980836107,14.970148202366373,1278.952515835593,17.593293078444013,1156.3616019260721,35.17844317316795,17.593293078444226,20.718720987942216,4320.0925337175795,17.593293078444013,76004.65407169115,0.880207504379179,0.9587267285905134,0.019697243891575768,1.0
5,6,16.795084156698543,396.0,64.36662730672433,0.006940443193471235,0.0034861145999688656,881.6230047005544,97483.32541359033,496.86114768345806,56562.861176763894,993.6456230015262,496.86114768337615,589.1177704829339,12959.631805681145,496.86114768345806,6439137.53252578,0.13597169129347272,0.14828864209525217,0.0021124563610507505,1.0
6,6,8.435860935410716,312.0,23.05183658384906,0.007485477717094494,0.003879754597818774,78.13460186862007,20951.10668805983,52.41696261593585,14529.694381454894,104.83256087829866,52.416962615946055,61.11082238037223,76836.79757394911,52.41696261593585,4027551.545961921,0.36741348149714986,0.3967156883499505,0.01593857739537217,1.0
6,7,39.88050358506953,511.0,25.794714221003773,0.011778335052693031,0.005559310858465244,1264.8564168572868,81480.78292870213,878.269403842985,49841.190291164676,1755.9935502303008,878.269403842934,1051.709674348054,3220.4851713662015,878.269403842985,2828453.591540967,0.1396171018406535,0.15303851763867987,0.00541262448749938,1.0
5,5,2.664970341903146,210.0,20.841122986235415,0.019445273528949807,0.01086136270247966,0.8952944875882689,685.362255797248,0.5983329371753499,497.1479040134396,1.1966641410025174,0.5983329371774726,0.6942095255305114,690375.5531837604,0.5983329371753499,413074.4324904963,3.4583832140207935,3.725290602928606,0.16594034862252352,1.0
4,5,5.501782290471036,245.0,15.057651974016162,0.05865843925124838,0.028239353029085104,0.9451139524984438,296.62633644213804,0.6712007515842844,220.93198500747738,1.3423891133146073,0.6712007515830447,0.7943841943276211,108345.85993655876,0.6712007515842844,72721.82262046385,3.8352890760282072,4.1725366774812525,0.2547069810516588,1.0
6,6,2.4949681920821973,468.0,22.35651155687369,0.03290599499842568,0.014603775583441418,0.8647226364293148,768.6441375826918,0.534470089495673,479.7926327492146,1.0689388525459294,0.5344700895004693,0.6294233476332088,805861.3711672466,0.534470089495673,430708.79916886403,4.318377419439082,4.686681418158324,0.19315971583730204,1.0
3,5,37.31879793181241,260.0,23.424740694519247,0.007530600576094856,0.003331398610681071,1946.847782019278,122601.75896578288,1975.5746264161758,104778.6913737241,3949.7451141312654,1975.5746264162171,2343.126830516076,2812.9308812888235,1975.5746264161758,5557154.8749366915,0.0927078266976712,0.10125839804105503,0.003957688492977099,1.0
6,4,5.473053775711563,252.0,43.682611522633586,0.07224879366341404,0.04580832799300263,0.18712592288328117,111.11913535044184,0.1408129131052713,70.15257536756376,0.281624691542254,0.14081291310467023,0.16392136775980434,248200.28263270893,0.1408129131052713,34949.80483106342,8.567964970365871,9.244643222179793,0.19614131737353865,1.0
3,7,3.0650812141572974,140.0,26.001020865535324,0.010706683762142268,0.0058435374061918885,0.9458036796999065,953.2707304497807,1.2837515737616254,942.5420058980612,2.567498384626548,1.2837515737592438,1.5167817336112568,539062.909074714,1.2837515737616254,692022.8578811842,1.946227779199643,2.115495359848738,0.07485197559221192,1.0
3,6,20.99002361637979,270.0,19.475278446434007,0.005740458260355951,0.00215707459009833,1569.957674526482,142007.62088274313,1368.1159928250966,124298.64425526404,2735.9005392084023,1368.1159928250327,1597.5357866353736,8254.427247687441,1368.1159928250966,11293013.929172434,0.09263049784431425,0.10021099659462693,0.004756311859627107,1.0
6,6,6.445872076004505,342.0,65.62848302002752,0.02296877413831592,0.011475311366048973,4.746272857381817,1654.7723538167925,4.178464073800736,1450.3650610097145,8.356858785576753,4.178464073799794,4.859692157516407,120481.76284521043,4.178464073800736,503428.71759689215,1.4043803512814912,1.5148600185244223,0.021398945803042916,1.0
3,6,28.31249461425001,144.0,18.96664515415006,0.05288354908237161,0.028858341344029596,9.605822868205768,608.4153290594827,8.324690953383676,532.5913414277309,16.645315226202964,8.324690953384211,9.84282341420091,4093.096312403336,8.324690953383676,34073.76184319214,0.8396331834920873,0.9148177162844037,0.044268935105182185,1.0
5,7,8.823077660845202,462.0,63.49518391012676,0.0474445012788151,0.018419981164877773,6.46904195893761,1365.1009549610912,6.16252658815121,1199.6090195964987,12.324727927649002,6.162526588151526,7.39799226573453,37893.248055621174,6.16252658815121,233518.14865417464,1.4482935351506527,1.5877758899376817,0.022809502169497085,1.0
5,5,5.871085490159389,295.0,64.41955694138014,0.009031117775925598,0.005519707003711057,40.17244518417572,16273.713352689616,19.126310627489804,6714.161764540203,38.252310844391175,19.126310627474712,23.278963520271976,123231.34580067277,19.126310627489804,2356960.9988272786,0.7852383643409843,0.8663737249438528,0.01218944062368401,1.0
3,4,43.938063434302634,108.0,67.0023784043422,0.007453704929038623,0.30866787631551534,50.27649110453235,8245.787770005007,0.12403757111580865,6.498833843991535,0.24798480626151964,0.12403757111580674,0.14903558295758443,2745.139129009593,0.12403757111580865,340.5003899373164,17.03674022095833,18.728535723189072,0.25427067854436397,1.0
3,6,2.7951491875846437,288.0,37.30013283321027,0.010426192378776547,0.0037554367569088056,9.361153796381839,6155.681191669764,9.32840208807342,6137.98768394985,18.65676108379669,9.328402088001958,11.069594020353803,432949.76710996253,9.32840208807342,4038729.511539475,1.2305045385054294,1.3405270934214673,0.03298928033333561,1.0
4,5,8.561789907179783,230.0,15.500228026849438,0.02454896870890992,0.011254895322137273,5.3229096040159165,1564.109554007801,5.853439688273671,1578.9387308749558,11.706718487318728,5.853439688263546,6.865238740436894,72762.60854364083,5.853439688273671,425911.54067166813,1.2810995039017825,1.3875207450236164,0.08265036499351278,1.0
5,5,12.208292436609232,450.0,68.5061078080005,0.034530730410412325,0.013910594010573919,15.738679138551511,3103.584895657521,16.302841807504784,2986.1639156624724,32.604711808708075,16.302841807501984,19.17238441783415,33550.62829585715,16.302841807504784,546970.5856497529,1.1267545573463442,1.2228348941851714,0.016447505096979922,1.0
3,6,33.39403350102535,222.0,35.183078920331134,0.029494444347960072,0.015674457075937197,30.75661765072958,2706.6823513836907,34.10549430225328,2451.715595016888,68.19779149475737,34.105494302251316,39.91383602446915,5167.630853355097,34.10549430225328,176244.6046252505,0.5311846515524815,0.5757479596531648,0.015097730723206476,1.0
6,7,7.4251134279792605,448.0,58.093698723414306,0.07882118980145407,0.03552079281258164,0.7710224050914573,252.25969421388174,0.5971251251788705,188.5353412803492,1.194238270924122,0.5971251251767613,0.7007625268150453,99690.7474470129,0.5971251251788705,59527.85004847274,3.564359862664335,3.8623639273936794,0.06135536109749786,1.0
6,5,4.816922255038081,295.0,56.796165735957004,0.02138182711832904,0.012380746014860418,2.958388723276161,1535.6619486817729,1.8437551129202758,918.7558557455271,3.687495375489274,1.843755112937248,2.1930162878097517,248309.74554072393,1.8437551129202758,457822.3629286424,2.109792623810361,2.3013122901823024,0.03714674391258555,1.0
5,5,12.395555608195727,335.0,49.69138592331304,0.02685216264966841,0.013679975846913255,23.280699690865955,3897.17467904508,15.77671530367262,2588.1657685010296,31.552258197535682,15.776715303676879,18.71026920549699,26912.31147253454,15.77671530367262,424587.8762659399,0.7506790053828324,0.8178792794449287,0.015106823676468368,1.0
5,5,3.8514517218246045,300.0,44.72123190756636,0.07884984641382395,0.04635566440153601,0.23124856192541404,134.60829161090683,0.11280103651019052,61.77388016002794,0.22560132077787734,0.11280103651035293,0.1366671482063098,299904.91399787297,0.11280103651019052,33829.585153459615,9.15842055847677,10.07943271193791,0.20478909385604965,1.0
6,5,14.32679031565062,440.0,42.03141840429608,0.008364949262266703,0.0036865958442964543,222.8948143843386,42767.80498734169,248.01425277772182,43557.9253622584,496.0124246148696,248.0142527779854,293.02370752319644,30844.738594034232,248.01425277772182,7649934.794523558,0.20837016148905557,0.22663079745435585,0.004957485837969194,1.0
4,4,2.4154263907355045,136.0,50.56194314902721,0.03713127980357987,0.02470595699112441,0.040703023116194996,62.761042412132156,0.0484837729942013,56.152042812579644,0.09696747369545307,0.04848377299352164,0.05660510054081113,1341338.2299876413,0.0484837729942013,65033.13825116458,11.671388215169644,12.611177702031728,0.23083345868985253,1.0
6,7,2.4974054599097144,504.0,17.954128548276515,0.02762844801950433,0.01300822819844754,1.420695516061891,1174.7712950995215,0.6301327771839264,561.0800472997646,1.2602639648272898,0.630132777191969,0.7398666427608346,792839.9193021901,0.6301327771839264,499594.42021216906,3.7336866166260787,4.046075788379038,0.20795699477068127,1.0
3,6,3.1396088997313227,90.0,38.96316277858392,0.04863652177512778,0.03203828929685634,0.049024008931163016,32.31510739936599,0.05160658706427966,30.07399365512225,0.10321287020591421,0.05160658706388235,0.06189129725883789,339603.32251069736,0.05160658706427966,17525.76843046695,9.05327986827674,9.915315261503455,0.23235485065018563,1.0
4,6,3.152937668108493,228.0,57.763535373742506,0.07119839987530434,0.035104813732484655,0.12575157455227995,76.25064872895041,0.10031450861831774,60.61723062540153,0.20062846778692373,0.10031450861826995,0.11916313813897411,365144.4316054282,0.10031450861831774,36629.28423121346,9.147088508024279,9.969371002566161,0.1583540281743603,1.0
5,4,25.602176727744727,192.0,58.1353425326069,0.006451599579319641,0.005041481129187376,327.8829221406489,31569.685103556087,250.47152812471427,23412.9928670748,500.88573158435725,250.47152812468818,290.26115568580525,8737.700105467418,250.47152812471427,2188545.097711901,0.15006601942788222,0.16199260102273916,0.0025813216692361163,1.0
4,6,2.604494282239475,306.0,63.954672803020486,0.01162846500652986,0.005180385178265237,1.3654579967692981,2141.9547521966942,1.8501756187451157,2021.3372762292465,3.700348137280098,1.8501756187443699,2.1499655363120374,1193580.3569468502,1.8501756187451157,2208333.2754361546,2.3147176630836075,2.4951731340915146,0.03619309679236271,1.0
3,7,35.703757667528976,224.0,48.15991450564378,0.03895988193970403,0.02237078298940846,19.136786572821908,1604.7331989876443,26.864294601839465,1419.5109323674856,53.70935282494527,26.864294601838214,31.513009085881492,2792.071916211704,26.864294601839465,75007.04250663365,0.748769654475911,0.8150342056653387,0.01554757025966406,1.0
4,4,4.048847041490049,200.0,16.220672373025025,0.07936088923460694,0.04173641229567754,0.07247306142440266,51.273383118477575,0.08425627980214989,52.87297626322132,0.16851213167815973,0.0842562798018541,0.09739299903295506,393788.4341669752,0.08425627980214989,33179.148492023145,11.23298190872218,12.0768740162688,0.6925102517576662,1.0
4,4,2.6009431101952636,168.0,45.45346095839671,0.01805793782106589,0.010027514134889184,0.8412788733347055,684.3734086739618,0.9060208765612967,666.6812719642851,1.812038406484031,0.9060208765554648,1.0640787884364633,541452.1730574912,0.9060208765612967,490566.97244956705,3.268427591470853,3.542247286142745,0.07190712263830527,1.0
5,5,28.77697500183438,240.0,45.47989600406352,0.021987408131411264,0.014717859786685928,66.63801414934807,5867.446950223454,38.34978604222507,3157.8872724765415,76.68826211214837,38.349786042219236,45.002986011212315,6780.5879753762565,38.34978604222507,260034.0980961635,0.584945268537242,0.6347461789395453,0.012861622825280396,1.0
5,5,2.489402946550584,385.0,36.03589351439954,0.009912711462708052,0.004554395628188849,6.785759023799748,6607.763550114354,4.824880463165998,4557.034513102861,9.64975010907627,4.824880463258791,5.594166886353918,892054.7688389755,4.824880463165998,4304057.626245233,1.7103968865815495,1.8419051627834218,0.047463701320409724,1.0
4,4,47.263422859185994,200.0,48.35652053373158,0.07801239777371978,0.2457734983041213,2.2536309757528805,157.15774299824446,0.7006614598573434,26.041942046518013,1.4003092565086903,0.7006614598573147,0.8193073185624778,1381.434433354906,0.7006614598573434,967.9178667716506,6.803249518678237,7.455568189647746,0.14068939294200378,1.0
4,6,14.515781914295125,222.0,64.77215371489838,0.012596754925737707,0.007101688946900636,86.152015896309,10776.925090960862,68.01008854828477,7715.871402285261,136.00961022778017,68.01008854828804,81.15056169549618,12871.325730921166,68.01008854828477,875380.0026937646,0.30828779227159947,0.3369873244045462,0.0047595729737282075,1.0
6,4,3.7588317554394433,248.0,44.27362853108774,0.010531291126618051,0.006551010003335862,3.5420696821885156,2942.8936308838743,3.234214251708527,2346.578608977262,6.468416215966442,3.2342142517584667,3.811492332877217,526420.3162486416,3.234214251708527,1702556.0892002666,1.578694688200008,1.7137101588205068,0.03565767569946275,1.0
3,6,4.428841491986391,246.0,18.661015573829214,0.06657232630658505,0.029961472821738767,0.2703236631056194,155.2336866194083,0.2470025278877673,116.82615919678359,0.49400284750607787,0.24700252788772825,0.2988289423423593,223705.88130578434,0.2470025278877673,55255.91818588956,6.541559671023292,7.196257888190037,0.35054682019543343,1.0
6,4,47.242303963924364,340.0,29.468440650180057,0.01482388780176708,0.009700415413826675,621.8978550389369,33677.973932481684,771.7599307687035,28733.153554566048,1542.4071133770055,771.7599307687093,913.9623969272377,1386.1241638042682,771.7599307687035,1069755.088694409,0.16703403669214958,0.18289106890582937,0.0056682346607684845,1.0
6,7,26.981937409041876,546.0,62.579536610877305,0.010040246390388075,0.005420774290091238,452.5351172252573,53864.55792646481,389.5992902860703,35004.34168448655,779.1020673440397,389.5992902860957,461.6064570733104,8072.489981567132,389.5992902860703,3145036.3676599674,0.18650322989107226,0.20362521588688393,0.002980259042996095,1.0
3,4,4.834991424008866,128.0,45.508984040844474,0.016488747237192895,0.010534339110350453,0.4826769370251176,537.3663878846257,0.8628627153742915,537.7920664883143,1.7257209882746318,0.8628627153759045,1.0029825872528293,388459.16804230853,0.8628627153742915,335186.9325490245,2.7123139261961393,2.924562332755383,0.05959952706836584,1.0
6,6,2.4341321192182654,438.0,38.97115741983654,0.03331970005872688,0.014551215376786863,0.7748510627937557,630.6694603400853,0.6442126385773762,519.706354996952,1.2884232974721939,0.6442126385897732,0.7834147290625317,650815.0287327254,0.6442126385773762,419263.26688571996,3.9727441556527046,4.381109711897737,0.10194062528998832,1.0
4,7,25.090938640563806,231.0,58.160359121819305,0.0072501383709839325,0.004154125398079401,226.78045958444383,27568.016659126446,213.30061804020846,21805.871064269028,426.5604212586927,213.300618040244,248.6521072700286,10451.115611827709,213.30061804020846,2229229.4192125215,0.20070744305009375,0.2171167282804413,0.0034509319763604556,1.0
3,4,24.955033781037557,144.0,27.930185448169837,0.009078530052868364,0.005105338496488491,188.57228621794047,17754.345605380437,202.62830729320038,18011.241440883172,405.2053298549512,202.6283072932271,234.87342429126275,7901.0909871257045,202.62830729320038,1600984.6924908431,0.21154115777310953,0.22802532335170672,0.007573926000801797,1.0
6,4,4.384428780232188,240.0,13.70696056603096,0.007245480072217165,0.004797028854928662,22.474449121058946,11514.328439895102,18.10510778756653,7552.028999311935,36.210007460132516,18.105107787605174,21.873622323466112,173990.31264580943,18.10510778756653,3150113.36444478,0.6350146268801068,0.6980728118727015,0.046327894781708276,1.0
6,5,17.3481231233741,450.0,59.65492928171643,0.019210927891603228,0.010015334873470526,115.44587633867032,14657.03375979371,81.0493604285324,9328.159253926813,162.0864844453125,81.04936042854258,96.97959014112867,13246.243053640743,81.0493604285324,1073599.5275784722,0.43396439401717773,0.4755703105079237,0.007274577293819423,1.0
6,5,46.87098454002591,360.0,13.216657316488055,0.038494652168088665,0.019651270094916982,124.3604797787886,6454.114064133498,93.33656088359893,4524.135157837351,186.59370185029974,93.33656088359432,109.77915789764664,2349.4572792282675,93.33656088359893,219290.2623861039,0.355724769282846,0.38733769064315365,0.02691488178626467,1.0
3,7,18.002100176965115,168.0,41.08889600536073,0.02042530458561756,0.009704109445074353,23.494364307352342,2672.8403346526584,26.070486021905786,2777.330888885165,52.13637811919769,26.07048602190674,30.26602446742659,11348.984251919212,26.070486021905786,295873.5353024887,0.5796364132049164,0.6251044029020931,0.01410688700736309,1.0
6,7,10.00440372871997,546.0,35.43790369177131,0.05670468132693639,0.022017834315676537,4.459188643973115,1000.8696914555265,3.763105354618942,848.6716812329527,7.526062736687246,3.763105354620219,4.4764528805039525,50861.20752996695,3.763105354618942,191396.0823984039,1.5575968477655875,1.6993907585995291,0.04395284950580364,1.0
4,5,21.521474686682346,275.0,62.12522463276936,0.032094318460469215,0.016443641247083668,13.827418850173736,1955.8366476061033,14.981230180617127,1876.9750995183501,29.960551704902485,14.981230180617722,17.32009697075702,15697.195554466554,14.981230180617127,235163.29979162334,0.8883854003582415,0.9562685459533354,0.014299914497043806,1.0
3,6,2.894687851995595,162.0,52.17383424775017,0.06659135219190633,0.03708289404906625,0.048170457704651684,44.356905742425376,0.04877276338930456,33.61398773463372,0.09754532141781609,0.048772763390146814,0.05754711432298308,474990.9652544158,0.04877276338930456,23166.621960411005,11.468574194305083,12.459277541812176,0.219814670699607,1.0
4,5,4.636289612778487,140.0,16.08361324523952,0.06587286418424933,0.04297530198674092,0.04964311406695555,34.160426656206596,0.05386829304519547,30.707677343456346,0.10773625455146624,0.053868293045134165,0.06219762195152848,324958.20661905233,0.05386829304519547,17504.94390159629,9.52800661693967,10.2382465809584,0.5924046090675428,1.0
5,5,3.8361905742686147,410.0,56.825769757014456,0.008700899516221078,0.0035598930883374985,40.23190247264221,19072.588860569205,30.140863382575496,15223.958148385498,60.28149047797569,30.140863382587877,35.81914549068692,255119.57678067035,30.140863382575496,7689524.309966665,0.643053663457618,0.7011153525161992,0.011316233219669512,1.0
5,5,8.55457445847286,285.0,51.96320713696674,0.010489147222061984,0.005176045719195485,32.00796736133005,9950.747113396039,27.33769857733293,8194.097492385803,54.67478858715857,27.33769857733254,31.559027035907977,89841.78090833784,27.33769857733293,2456067.526122924,0.6149091239925703,0.6607319737149829,0.011833548348387499,1.0
6,5,20.81538175935098,275.0,41.28161049277111,0.06215979842943459,0.038852053515761584,1.7721988517973892,398.7486142363567,1.6515896583999832,263.74829037080553,3.3030497958171443,1.6515896583989493,1.9091698770899546,25502.044352901325,1.6515896583999832,42118.91272130952,2.182508933763791,2.3497329787739387,0.05286879333707133,1.0
5,4,32.706029267765025,252.0,13.474056071410462,0.00905396936428526,0.004627293996330849,534.7157567647239,47533.36444373579,681.6849367269199,48847.21289359121,1363.1044025445897,681.6849367269754,810.9483886824462,5134.665812638019,681.6849367269199,3500224.3396020266,0.13665411062162647,0.14923135552955985,0.010142017362654595,1.0
5,7,2.8800859023117162,420.0,46.37889644861919,0.006654931369861799,0.002653613954737072,13.21495983479217,12123.838119921205,12.854160907273739,11249.980610971033,25.708288251363552,12.854160907038963,14.853465172834893,765977.6252656538,12.854160907273739,9845999.646536142,0.8668125669234275,0.9317776412159888,0.01868980578017256,1.0
4,4,2.0853939648251725,196.0,52.00679514326564,0.02589207704133032,0.013571819030046495,0.31983039248978107,329.55102367756854,0.26632326598491524,286.13078362426444,0.5326460705222923,0.26632326598780615,0.30775789904920836,1154279.419693365,0.26632326598491524,307411.46491190966,6.172611940465603,6.635478339391643,0.11868856605106332,1.0
3,5,37.251302272138005,200.0,43.6548054128164,0.024130892812031714,0.026603677616150845,9.776894677652555,2607.935810349603,15.885020217222566,1040.7350880114416,31.762640774655328,15.885020217222932,19.16477634102991,4292.446095330067,15.885020217222566,68185.59300565618,1.1631237134743972,1.280671113636912,0.02664365818322767,1.0
5,5,24.524047438920118,325.0,52.70889878516784,0.01575212920404084,0.008194424924155069,104.63798055393919,13085.993343924023,138.47659410241312,12513.122296434174,276.91927455327146,138.47659410240794,161.75398281635287,8165.421944947289,138.47659410241312,1130719.8203454025,0.37946249859578823,0.4108973002798628,0.0071992112782020045,1.0
5,7,22.04049365983948,448.0,55.506591712144434,0.015496874325503045,0.007325752121530705,160.17830696336915,17600.231971588255,154.33473485352388,14793.778199040104,308.6358792768318,154.33473485351738,183.5196918308238,9188.208588348722,154.33473485352388,1418059.736261671,0.255611706644717,0.27917581272132147,0.004605069393745375,1.0
6,6,13.05822947611998,420.0,17.756173787218312,0.04219904405738893,0.019598577352606148,4.1730911597581635,1060.9735294073978,3.947330810645429,920.2558193016106,7.894516371512833,3.9473308106381473,4.646952139322968,54351.31998406372,3.947330810645429,214542.63997234334,1.6747038756616852,1.817241652011121,0.09431670897855325,1.0
5,7,20.739916671186542,329.0,17.829841149281332,0.0064892618952089465,0.00328432536365703,1501.6757265768083,109016.23479882865,912.4041903741486,69182.24867359821,1824.4910392055306,912.4041903742328,1098.4589673683342,5749.297814364402,912.4041903741486,5245683.417535014,0.09782460880940452,0.10747568058657236,0.005486566480899216,1.0
3,7,3.230170082917283,203.0,66.17600595996056,0.011373819684923783,0.005166570098668563,2.1958824750625556,2057.2117589339837,2.403234071326197,1733.4842482211257,4.806458904619048,2.4032340713054947,2.7659635570740724,520292.6063690355,2.403234071326197,1250384.9186851755,1.818175157837827,1.9505963317115358,0.027474839731758727,1.0
6,5,3.333870213632391,450.0,53.00063354975957,0.016454514084326737,0.006981044697848053,8.415030965696207,4685.000577951541,6.2351847278990515,3674.2206907622876,12.470333543321242,6.2351847279355574,7.310192357136358,347241.6630789379,6.2351847278990515,2165115.9145200616,1.3984705089001477,1.514435312952157,0.026385920605782865,1.0
5,5,23.902241987687656,350.0,38.099544181518425,0.04214969129941239,0.018817408543342615,25.685130059491772,2511.295158312164,26.800734789163418,2491.6834713563817,53.59526897265241,26.80073478917107,31.40561703191468,8643.553816266582,26.800734789163418,231653.593465622,0.7516305067360902,0.8149803347976019,0.019728070843973405,1.0
6,4,5.651337057906783,292.0,50.89655225292281,0.07163248772671135,0.038055221097311825,0.3003071421043693,146.24443519389072,0.30169017706278073,133.12232147982263,0.6033772552113457,0.301690177062622,0.35156643406537275,194706.0405499826,0.30169017706278073,58740.899848717214,6.338266398705217,6.84275683405539,0.12453233309808785,1.0
3,6,4.940574321905402,252.0,47.99836216545569,0.025770118575012435,0.010214957769050249,3.9096544764287167,1417.9720134205927,3.9188732969322535,1383.5849808791124,7.8376837158783745,3.91887329692334,4.755930928298425,124649.1247581352,3.9188732969322535,488484.1265006331,1.6436533903157284,1.8111153843891579,0.0342439474215781,1.0
5,5,6.800706212505267,220.0,66.05637030013386,0.05337875619324988,0.03125849458093593,0.5000949767204939,196.10275035711354,0.42519104546148523,150.02869671865523,0.8503752607746697,0.4251910454617197,0.49984127262887756,124503.18279369739,0.42519104546148523,52937.63845533459,4.439571522263766,4.813798368498384,0.06720883242739678,1.0
5,4,2.1507581967474163,224.0,65.38751834384716,0.006925355592013803,0.004371166102630781,6.74798929441591,6877.07487088781,4.2469835598781245,3885.8586633465447,8.493956973577616,4.246983559816348,5.152056219081779,837168.4271878506,4.2469835598781245,3555440.547115828,1.4517448005086675,1.5988308205764892,0.022202170036099464,1.0
4,7,48.598857253510715,322.0,16.072649745591427,0.00812902011100496,0.004057724182913729,2365.8557068192904,132598.43511328576,1453.862569713757,69636.97369999228,2906.458272423285,1453.8625697138486,1735.749277636706,2294.209465004366,1453.862569713757,3335465.268252871,0.09447032147539185,0.10343391607200333,0.005877706723578926,1.0
5,7,42.69090890563786,574.0,46.40317202532911,0.005411397173810649,0.0025073882949950823,5585.388043084434,384685.5786447818,5115.648996414777,280605.27275703405,10227.898640051777,5115.648996414846,6036.99742793545,3008.7782316998073,5115.648996414777,15391853.341429746,0.07109369682565389,0.07749050863878959,0.001532087004458391,1.0
6,6,2.8845364794403405,426.0,29.863121061242097,0.03202734096261074,0.014288784944111519,0.6760141331671542,575.5267566701185,0.6008505407987301,496.7415317636819,1.2016993234228324,0.6008505408104231,0.7095666501801131,683483.4950316572,0.6008505407987301,410671.42761677736,3.768004755375297,4.094863855034652,0.1261758524049788,1.0
6,4,2.125537579903156,256.0,58.8159808171951,0.009147760429311317,0.00536124564457691,2.3067918570819637,2825.0294239363284,2.0227418780250854,2292.2823665291853,4.04548060595528,2.022741877993143,2.3598677544546045,1284266.9169489334,2.0227418780250854,2597740.475474772,2.221009681984707,2.3989707532368274,0.0377620104455588,1.0
4,7,27.537832592576823,357.0,37.96533553464558,0.010961028981723485,0.005237581903051642,690.2073748848095,52748.40968632522,466.59574815625336,32068.675389929977,932.9939820990892,466.5957481561929,553.1635075090419,4723.680217872531,466.59574815625336,2204049.1053091274,0.14844871452102468,0.16221018478706392,0.003910112012194824,1.0
6,4,5.78539074744569,252.0,43.677101532209605,0.07329848792179725,0.051022356246338794,0.28468125686690327,140.16827759184525,0.1459822146287467,65.19879497648107,0.2919629655697568,0.14598221462889793,0.17565463342996002,199470.7600135327,0.1459822146287467,29119.183300454755,7.258622924054097,7.9631158741429555,0.1661882924786398,1.0
6,6,13.415985086575235,468.0,29.41159965461055,0.047950532876482516,0.02120171813689403,4.27225992841187,1071.1267437476183,4.385625690001945,943.521206539543,8.77106187880676,4.3856256900040975,5.13039545292342,46284.99351154481,4.385625690001945,202988.65660580422,1.527618937112774,1.6529244269505967,0.05193933533204832,1.0
4,7,3.114859229602887,245.0,63.76593909943417,0.03967989136479217,0.02208985023384088,0.3272957130241221,243.91888583293226,0.17673811851332757,121.86658672562008,0.3534754935815357,0.17673811851465823,0.20705551062654604,475454.3664647356,0.17673811851332757,84030.91016792352,6.3620541639727,6.8872273657392205,0.09977198256348041,1.0
3,4,32.784770331262045,172.0,30.995062422476227,0.062075884412627,0.035423157587534525,21.991549247244965,1143.2454935199264,14.661347066936623,766.058492656636,29.311957486044392,14.661347066936079,17.124975151521944,2730.0846554963628,14.661347066936623,40026.71865635028,0.835515569941764,0.9062989881711527,0.02695640868707803,1.0
3,6,34.559678381446695,210.0,56.19713340555208,0.031957737455121454,0.02045898664359837,26.76124399925319,1667.2548179267912,31.756878739205128,1769.1559647141505,63.49329909690718,31.75687873920486,37.43108666056297,3103.534807432439,31.756878739205128,98558.57854253429,0.639507455344028,0.6973375002496026,0.01137971666150585,1.0
5,5,4.711160621280097,390.0,13.101294608934746,0.01856713039793968,0.008824560071540944,9.386683700946863,4325.120994906621,6.143655199065719,2715.2377095954616,12.287247492033478,6.143655199052213,7.360498661946298,195326.8946444884,6.143655199065719,1200021.0917999733,1.634145360699012,1.7881744415028196,0.12473159405060374,1.0
3,7,26.231551702521678,266.0,66.51264312681265,0.024378490323678097,0.013061863742331538,56.437363491983945,4606.505915144473,64.02334450019941,4116.649432263521,128.01572534206167,64.02334450020051,76.08770253711371,4134.386316341973,64.02334450019941,264697.2394280726,0.49601332619178207,0.5424088383605294,0.007457429187501777,1.0
3,6,3.2516019222879784,180.0,43.3103865885932,0.011371025970651637,0.0052330436755308974,2.6709587958281333,1852.5594314466646,2.652858541548717,1831.3590366190253,5.305705949795984,2.652858541553876,3.0615013527080954,476561.3376798169,2.652858541548717,1264249.8152357847,1.7142622310557252,1.8415915278754036,0.03958085729733976,1.0
3,4,3.379018691360862,120.0,58.80772592045814,0.006451661415037962,0.00402567152100972,2.0097593511534986,2634.5254594347703,2.9805997169092935,2519.0938790657747,5.961191088309168,2.980599716897747,3.4280261100537293,714301.2227688524,2.9805997169092935,2129046.0223728037,1.6074449063706064,1.723885207497523,0.02733390691802632,1.0
3,6,21.234476401477476,108.0,39.627380286189954,0.05455490527948997,0.0372065303233401,1.6758983802280505,168.65502041202953,1.6539441038557752,159.11161464583176,3.3075308182108554,1.653944103855868,1.9470163779471863,9254.694975840372,1.6539441038557752,15306.748188274849,1.627834252361058,1.7697319707293429,0.041078522996090015,1.0
6,4,2.210360104139313,276.0,16.55844004806844,0.0269551861789913,0.01719923394149546,0.43409304937525345,484.07284976294204,0.22883076081902032,251.45820850026826,0.4576611426300347,0.22883076081589243,0.2710820436071347,1207543.6129678392,0.22883076081902032,276323.1236775793,7.754507382799655,8.440298547013901,0.4683114689722373,1.0
4,4,12.402650728434221,124.0,51.01385415900853,0.0164271106046238,0.012242517314754337,5.473698819606357,1691.8276831575192,7.359917978668395,1331.8861545588625,14.719386486571183,7.359917978668045,8.576576556705534,32748.262258367016,7.359917978668395,241024.52416550304,1.0876759876354982,1.1745065199118385,0.021321188245162725,1.0
5,5,14.20133635531957,310.0,21.379584250763575,0.07635420020288947,0.03676737481804791,2.34406299686639,418.2874818016241,1.8853077273800143,318.2655658830986,3.7704831479516265,1.8853077273798597,2.208578613714993,28498.02819901593,1.8853077273800143,53727.552778698286,2.1921092831207227,2.37337856189306,0.10253283026504274,1.0
3,6,5.6958850479023955,246.0,19.252545437616586,0.0483786889934965,0.018634705228854076,0.966231789341496,384.82448240362527,1.0697948901258723,385.704989921025,2.1395733207142698,1.0697948901272036,1.2600033876061005,129989.86016015532,1.0697948901258723,139062.48816751086,3.37435074543373,3.662234513938497,0.17526777206512936,1.0
5,6,42.349116408311986,450.0,45.20868206306401,0.013926909140007195,0.006928128640414953,619.2260075236937,41335.024168294236,699.8244670398932,35810.311349383985,1399.1145969690642,699.8244670399184,820.704503431373,2618.411801766977,699.8244670398932,1832428.6436625412,0.16026294720440576,0.17420420770094355,0.0035449595053632928,1.0
3,7,10.733674036625894,210.0,17.334367967662978,0.05565266080772694,0.027442210564810342,0.5298627903896606,219.39167078227638,0.7127199258576026,182.39469023049753,1.425418086866342,0.7127199258583158,0.8351054395106018,65491.74783729861,0.7127199258576026,46677.27366288427,3.0908499210303435,3.345943325206861,0.1783076214140764,1.0
3,6,13.849236849873565,240.0,20.67575820524281,0.01322371586702302,0.005682177911629095,57.9884574348439,10727.970503642206,60.93914555417511,9413.084702403492,121.87318327235269,60.93914555416449,71.5210031280858,23860.042459899247,60.93914555417511,1454010.6003925987,0.4575800622424062,0.49589600582395466,0.022131234932239452,1.0
4,4,10.01335800660415,216.0,16.428879966570214,0.005086601877536662,0.002551102039386451,145.5085429352656,40667.855659808534,153.3163921766505,38369.42518879053,306.62788861416817,153.31639217653577,177.43221993654987,62631.58527520394,153.3163921766505,9602448.690698497,0.2630414114028191,0.2829735915317757,0.01601091565207492,1.0
6,4,3.9777162818236818,272.0,38.09738928496296,0.042136988402792966,0.023439407052587513,0.5458510665886702,322.19969479274766,0.46036730147881694,260.5988512129411,0.9207317295507818,0.4603673014785907,0.5486928782802422,320432.12875589094,0.46036730147881694,147516.47442246234,4.827309633444533,5.270378665750387,0.12670972274076198,1.0
3,5,5.957383405240801,105.0,44.54984598291796,0.0629195823920036,0.039280863917418536,0.19505066834210838,60.314910071656385,0.2052888232004242,58.22508531386212,0.4105725425242314,0.20528882320088418,0.24909386653389373,80443.25898193182,0.2052888232004242,16514.101970807737,5.498590468603518,6.059202625269628,0.1234255775140475,1.0
6,7,5.174252461700757,413.0,19.473404507792896,0.024694972101402517,0.011269291268731432,1.6866493961846323,1148.7021363792146,1.6005586799850506,926.2886565123653,3.2011078023267765,1.6005586799849538,1.8468596265366157,334926.4832549463,1.6005586799850506,536069.489930572,2.4027899883718398,2.5809884566096346,0.12338828515631603,1.0
6,5,53.33057740097995,295.0,16.014131839541637,0.022690457096755278,0.014235712350566788,537.5359003861176,19049.714363483337,268.2204517795081,9594.513656316374,536.0219938186939,268.2204517795086,316.19305525038493,1279.5644078487537,268.2204517795081,343205.3435541715,0.17324636741225,0.18874919133273946,0.010818342770506922,1.0
3,7,21.09783599183117,196.0,21.004512543629758,0.05411668722384603,0.024944266853156528,5.166667931473987,627.8645988420511,5.2562907904365,524.4108861285116,10.511525539045227,5.25629079043586,6.111205017758008,9953.701903965853,5.2562907904365,52319.55164856597,1.2473819044606218,1.345458231473463,0.05938637718297954,1.0
3,7,21.689279976637376,175.0,41.401368842870646,0.006225209726898927,0.003331056840665718,206.32717319554624,30217.562266121888,223.75262818823998,24332.86344627303,447.46741984897307,223.75262818827238,262.79101730154053,11826.33419517586,223.75262818823998,2646173.3580030524,0.17483526983403327,0.18975979095492645,0.004222934524159823,1.0
4,6,11.184900438578662,300.0,47.086819965511395,0.06785536720765838,0.030644063130962157,1.832177554735704,398.4130537867659,2.105613960380741,362.34199590543835,4.211085715968019,2.105613960381363,2.465812426583998,29612.825113242754,2.105613960380741,62353.17796475734,2.517181178500409,2.7252009071190018,0.05345829640532342,1.0
4,7,2.2859865765879803,154.0,61.87646611602196,0.013070576325997672,0.0077204501576382655,0.5503868753647766,515.6854646350907,0.4932887362953595,457.7184888141574,0.9865763267182579,0.49328873629522113,0.5676223366252299,860982.8741365985,0.4932887362953595,424713.1539547893,3.1695428738664173,3.399957016382426,0.05122372159915113,1.0
3,5,12.738949617293994,210.0,33.10301193936898,0.06472609481425998,0.02980957753908565,1.2709990660656931,311.7078007091368,2.1255797264666216,343.82136412076454,4.250996980429682,2.1255797264673832,2.501082803887156,26164.408422359826,2.1255797264666216,55614.53609756057,2.5616160759450604,2.7801319105770803,0.07738317228163047,1.0
3,6,2.5117032079085106,216.0,15.561173226862623,0.005990898834581655,0.002816796727044995,8.453144515486713,8607.727898879542,8.769477193268333,6918.288036362325,17.538926205671817,8.769477193229744,10.548866424613378,622371.7523570128,8.769477193268333,5457874.888029271,1.0314754638265586,1.131235161539555,0.06628519898782209,1.0
3,6,51.257439382341076,246.0,14.016463752525096,0.06860084942294464,0.030005034627646993,33.288873587705496,1656.8318651964094,31.55371877349088,1306.564808102914,63.07065290656876,31.553718773491585,37.48576003759692,1714.5920741926955,31.55371877349088,54101.75612033272,0.6448660066206444,0.70531576435283,0.046007753311135303,1.0
3,6,3.8365974732326507,162.0,52.661792757134045,0.0512688178148022,0.025549668043149065,0.0855133419610261,70.27752279388687,0.10518173930391699,70.71970623356285,0.21036301326825432,0.1051817393034831,0.12091708128269968,452064.28754589317,0.10518173930391699,47548.9080412631,8.368411618995996,8.973093683641219,0.15890859731246681,1.0
4,7,3.149136660976147,231.0,67.80350909515566,0.019476959062794622,0.010346944825312164,1.1630661806412808,867.355459679037,0.7588566302804033,523.0135154024001,1.5177100654845244,0.7588566302849111,0.8874341767023604,475013.9430026378,0.7588566302804033,360467.4801231893,2.9869117211300797,3.2299809383433873,0.04405246514510389,1.0
6,7,3.3441890117189677,378.0,39.00039748391092,0.017290298798153966,0.008246374260352855,1.354531980335185,1266.977312243786,1.4424827811337313,1165.4384086107902,2.884961142694831,1.4424827811455074,1.7104523351335459,652765.7782331159,1.4424827811337313,941603.3952146295,2.3396751807528497,2.5477547874823645,0.059991059878762784,1.0
3,7,2.012724667052983,273.0,52.727674205000305,0.011863125507803511,0.004581129078627442,3.9313878659200276,3191.786643371388,3.087055073083844,2613.1649972452765,6.174101529695397,3.0870550730775084,3.6746342187358714,716547.3757896029,3.087055073083844,2212021.211536209,1.8381764699575434,2.005587032854215,0.03486170208856328,1.0
6,6,4.736296201734817,420.0,40.41599042897445,0.05494653189247249,0.025448645934754877,1.0142917429492737,418.16693888811636,0.8056673125910436,322.2371020897902,1.6113245525412623,0.8056673125919483,0.9606880872166396,159970.388207224,0.8056673125910436,128882.91276106014,3.548407073626994,3.874604168161569,0.087797107925954,1.0
6,5,9.722475450346725,370.0,27.95268112861492,0.009782038154037848,0.004959403122725505,38.91882455432496,14692.541727706788,36.49073715406312,11288.60517662852,72.98071171528373,36.49073715412946,42.35529100461699,95700.73956877927,36.49073715406312,3492190.5330537725,0.5124743532689185,0.5522383131232502,0.01833363858411074,1.0
4,6,11.456423656981547,270.0,19.9474375685573,0.0710124228087777,0.034757522748287445,1.8639540370347976,348.2144679649712,1.366684681674538,244.4006528974583,2.7332838927643492,1.3666846816742309,1.603577083149501,31979.234974733634,1.366684681674538,43705.53057163909,2.5878544709229065,2.804305629012246,0.12973367942768166,1.0
3,5,8.75719731485334,260.0,28.800073344822305,0.018905473425316587,0.007244948729297239,16.231913387905575,4512.077850148439,17.067028796416434,4423.639360435369,34.13354950611102,17.067028796429433,19.752711311645747,67180.55460202346,17.067028796416434,1146572.459951961,0.956106092994924,1.0288353423492378,0.03319804368369129,1.0
5,6,4.872722390906034,354.0,16.843744575063923,0.055016780644836984,0.02564883968626272,0.9977373096756004,384.54570212991854,0.6699586361208029,267.3237195817321,1.3399088564276975,0.6699586361219935,0.7968166955235109,159213.17795170436,0.6699586361208029,106666.24355298255,3.5947787662947004,3.9205485362393793,0.21341921627192914,1.0
4,5,13.07233843043365,150.0,48.38882709794226,0.045887362169506514,0.030345390802993137,3.0884396378094965,450.5612982256852,2.0897203940162052,286.77804207168305,4.179218876593597,2.0897203940159783,2.5243874117057374,18832.82316360388,2.0897203940162052,39355.33464188382,1.8256516295952883,2.007648442804982,0.03772878449605827,1.0
4,7,22.345385205752265,259.0,58.68029790491544,0.00796011147064171,0.004150190147491585,204.18397216122483,23214.141051812712,225.80026554325084,23810.92636658489,451.55992307688507,225.8002655432396,263.92884064659984,11119.971837846424,225.80026554325084,2510892.5938191935,0.17951335015251588,0.19441598298618717,0.003059175848824017,1.0
4,7,9.736358477736555,469.0,49.78526188156296,0.03359841546253954,0.011384703200315215,16.727774458862324,3291.7397577278125,15.747871743561552,3121.7872665790223,31.49494203435962,15.74787174357181,18.852772768750917,39297.31440579638,15.747871743561552,618849.0671288951,0.9522531950198317,1.0424344666559904,0.019127210725238365,1.0
4,5,33.16737764577269,230.0,51.31268145127722,0.005683459315873069,0.0041722071728784605,1337.7146736071563,86552.90087086945,1173.1981974557948,60300.44938987147,2345.50854675701,1173.198197455879,1375.9891093245872,2641.7901915045077,1173.1981974557948,3099343.4907294875,0.10052948937099869,0.1095569167597941,0.001959154862457425,1.0
5,4,6.669516886943701,228.0,52.49050632513409,0.016058152427303483,0.009754176329020444,8.813611275198676,3030.9984356741725,6.78544462374214,2203.09025066786,13.57076051258901,6.785444623734181,8.101602405334658,105416.34544483306,6.78544462374214,715296.7744531867,1.192232431026744,1.3026227973203577,0.02271329645101682,1.0
3,6,36.760862103360616,216.0,62.28531315542578,0.005985798467268482,0.005523519140873808,639.6289631619626,48215.66469694074,662.1415678043085,30603.04915186078,1323.663480701776,662.1415678042555,793.7041032487799,2136.130072263472,662.1415678043085,1414420.515082466,0.18823677679827708,0.20689352311947362,0.0030221695494819785,1.0
5,7,47.01713560751568,455.0,67.55221656029926,0.03099560497557012,0.031888572155952324,48.22732272221826,3645.9619054734944,33.00055787531555,1571.7813908490507,65.97203416022893,33.000557875314655,38.649250468520236,2268.515347748579,33.00055787531555,74862.27202441858,1.0448853751382046,1.1376331088854719,0.01546781776147207,1.0
4,5,45.06592870852329,200.0,39.40753705284046,0.03494084344659169,0.028550646984320756,25.585030617850865,2215.2607615199936,18.282505088299537,1030.04334185055,36.5534945039937,18.28250508829963,21.62135539824553,3174.238774930564,18.282505088299537,58033.03655414573,0.8141059226656433,0.8876124714222645,0.02065863496046534,1.0
5,6,33.32891847344188,234.0,39.83562965500648,0.006143072966796944,0.003920958151445007,334.6804015737981,42574.77936275381,426.64354192821736,35949.81240169062,853.1669207618586,426.64354192817234,509.4634872465696,7100.074481351771,426.64354192821736,3029200.9246780705,0.15068969862126894,0.16509187011594154,0.0037827869152893003,1.0
4,6,10.531722438375194,342.0,57.52084774554858,0.018985775640006527,0.007454701030413215,29.69133140625604,6609.121171059068,26.372768114780747,5626.507109514575,52.74437742594446,26.372768114803186,30.864791669684692,45516.23295621925,26.372768114780747,1200389.0572127118,0.7072287848928741,0.7654499820644691,0.012295173186970373,1.0
5,6,2.922428894158278,276.0,59.473811258927725,0.03516620598626511,0.019596678465214113,0.49047333884698013,355.9394972525664,0.3369978980209798,220.68741319026702,0.6739942243911887,0.3369978980198598,0.40659518410387036,428845.38825437275,0.3369978980209798,144519.9944177146,4.4055608378617235,4.839903232244513,0.07407564345727712,1.0
6,4,24.49593513793372,292.0,13.871591593189397,0.00567339573496199,0.0031446613704649035,2298.054084027742,170458.90418604348,1469.9448988604759,113988.61728133056,2939.40099009135,1469.9448988604152,1760.1427150929069,6013.410619667124,1469.9448988604759,8839382.265133101,0.08214798123805898,0.0899751605273473,0.005922029976602799,1.0
3,4,2.24539778104222,92.0,57.88862649169262,0.006048501756619486,0.004301726208237057,1.819967845538232,1900.259878270279,1.888622346260908,1676.085524793135,3.777239896613924,1.8886223462699172,2.260216523717426,787593.4629740898,1.888622346260908,1487466.613941879,1.8707986202228795,2.04670301189369,0.032317205185224955,1.0
5,6,6.231055810161271,354.0,13.770986289712024,0.017766369749708796,0.0078825140878355,11.009090809780865,3838.1834022163735,9.204376728121284,3204.8709125447567,18.408601615394915,9.204376728098223,10.816794588251826,121236.19889792004,9.204376728121284,1115903.6477418984,1.060778762547231,1.1500439935907076,0.07702997739092322,1.0
6,6,2.3522393399722255,498.0,48.543964710862646,0.046644257196301574,0.018691921296335078,0.34656417439838283,348.2117395747843,0.33444692302799806,309.4007695456102,0.6688930644741415,0.33444692302246876,0.40296986903262566,855831.7018780558,0.33444692302799806,286230.2793229307,5.960274845206565,6.542872071662089,0.12278096526946508,1.0
3,6,39.11731369775635,102.0,14.949141168953826,0.06207743341091777,0.04286188204380869,5.644256980602545,268.2977385717006,5.052371640965284,234.28521649343375,10.10004624289856,5.052371640965494,5.9317566079018835,2150.300683721473,5.052371640965284,10864.118193982631,0.9314742541830872,1.0125391331115892,0.06230954966948605,1.0
4,4,4.385721717051059,208.0,59.907243075672646,0.05260003197672099,0.026248504521328195,0.569047619127325,230.7476503903615,0.5153372345160298,216.9451081391609,1.0306686533266893,0.5153372345159808,0.6235991432767709,177221.6102905756,0.5153372345160298,91328.8945436228,4.464494949033342,4.912180807686695,0.07452345859738453,1.0
4,6,8.72348862741843,258.0,38.16989727320723,0.044064623756023984,0.021983879410067464,0.838808177378214,397.6511653401994,1.0080084202841242,322.75169639330437,2.0159971761374713,1.00800842027943,1.1707853456588078,102520.03536229457,1.0080084202841242,103341.0588930191,3.3420566197284765,3.601645194450712,0.08755739099340938,1.0
4,7,9.636681374709912,357.0,41.863945234993054,0.024491063775320024,0.010204977068401355,29.30185960934332,4832.036242721373,22.36633536235991,3644.0426341118414,44.7309856031785,22.366335362366193,27.115698046514737,26544.664092501687,22.36633536235991,593706.8591740858,0.6368147987092856,0.7015832122323843,0.01521153334055548,1.0
4,5,2.6517938777790317,245.0,20.16714102826929,0.00828249342072902,0.004139209129653899,15.642811829795601,9245.821674340032,8.493346532968367,5390.4011761899355,16.986650893966043,8.493346532938084,10.159698858899782,402795.38779710105,8.493346532968367,3421080.810442157,1.0594691896980857,1.1588343638509806,0.05253442658099008,1.0
3,5,12.896469904685441,230.0,59.19005969856982,0.013965278811854803,0.006567804655931773,99.73970014094694,13036.608610095094,70.01560294083257,9342.804895715708,140.02334202580042,70.01560294084301,81.8534863860321,17805.939486055366,70.01560294083257,1246693.5890441448,0.3920637002157183,0.42443854158740907,0.0066238098459831685,1.0
3,6,3.4119219644712917,150.0,42.379942098011135,0.018496617231346397,0.01102681762525719,1.5316400381713413,858.174623155641,1.1490583783285417,534.3569020624652,2.298106130111439,1.1490583783200996,1.3887472806724546,216261.2252743546,1.1490583783285417,248496.77280909335,2.0854337203569098,2.292640653030801,0.049208036092498054,1.0
6,7,14.19762980611981,553.0,38.00369297876253,0.010161071606491733,0.004492443428117591,323.34839780252315,52522.904344743234,253.3541007130458,34625.72106827861,506.68107497958397,253.35410071307427,306.29209957964974,18678.490519234998,253.3541007130458,4732272.168177934,0.24564029357512598,0.2704505991273352,0.006463590096688664,1.0
6,6,28.40124389837137,342.0,52.57688430835608,0.037729578640486545,0.02135285184089919,17.22919193532278,1669.544128192666,17.421255244272537,1590.4801480815672,34.83833064795512,17.421255244271332,20.234544067285498,8334.846728789895,17.421255244272537,145203.49228413875,0.7742070046394207,0.8355870685981972,0.014725235525536371,1.0
4,4,37.44398427056177,208.0,29.191754897913608,0.0086386697626025,0.005032474614790501,1305.4262380586645,72299.54139728412,996.1315454374532,49365.47620700948,1991.452210826949,996.1315454373708,1186.879158485944,2455.914677204018,996.1315454374532,2446414.0828657625,0.11296936339432499,0.12358770315465821,0.0038699065468790687,1.0
3,7,5.9567627513575925,364.0,47.02423264405033,0.02174037027611337,0.007375776102483653,15.179670714671039,4402.492072248666,15.07839641173804,4182.203020448858,30.15640082937869,15.078396411769853,18.29878813344071,76930.73986381879,15.07839641173804,1159992.191914958,1.0312954525988594,1.136495707054306,0.021931148997267953,1.0
6,7,5.832271960332534,287.0,46.21541494960289,0.012667898264416794,0.006966794277672161,10.029478445891858,3685.099367321052,8.5797928920501,2952.456813615832,17.159440877076367,8.579792892083026,10.319275892701544,118416.8484382178,8.5797928920501,1015992.0345291952,0.8146855050399936,0.8935551874771066,0.017628003685099314,1.0
6,5,3.7216231159095834,250.0,39.94326384498422,0.03850062228893511,0.021632087410443965,0.24015547866580406,202.29514591882227,0.24853464376874818,176.99864670627264,0.49706830748208874,0.24853464376809595,0.29320187663364927,507184.5584135388,0.24853464376874818,126052.93355031872,4.884503963745025,5.305367320075724,0.12228605010099555,1.0
3,6,9.37865780891989,132.0,57.64895291261355,0.00529791164741141,0.0030727112756516813,44.99612525749287,11949.742103148224,52.65395537059381,12032.071012522016,105.305894075455,52.6539553705708,62.130035286479426,52217.824091405666,52.65395537059381,2749474.9792583925,0.30411211811420813,0.33051656178424893,0.0052752409670856065,1.0
3,7,5.586525053785753,154.0,41.398793703005865,0.01684167729039053,0.008375263724957565,2.040921494000936,910.455136791771,2.328703630114963,924.5697800439204,4.657377714794034,2.3287036301187403,2.7255470916151103,157634.3818714559,2.328703630114963,367083.7572949876,1.6565716809846622,1.7922167959705833,0.04001497466010423,1.0
3,4,30.977609047987926,168.0,43.85075899486665,0.02829870776635728,0.01960192356007963,21.048143231129078,2478.6469393324146,30.821026816812118,1987.4737990146655,61.62723309279628,30.821026816811237,36.13690185720936,4158.231053472285,30.821026816812118,128160.9508095702,0.7851303993878471,0.8539826123262494,0.017904602277916275,1.0
3,5,20.842336684789736,275.0,53.26262444248106,0.007342261763357953,0.0030678026979170264,584.979193260619,70991.12674764593,622.9206834568201,64956.763480019414,1245.7268051854721,622.9206834569018,722.006181842478,10873.847866342627,622.9206834568201,6773544.744707635,0.17193236251098298,0.18542428327753258,0.003228011467903816,1.0
3,7,9.881322779919243,196.0,28.842165523882237,0.010858583597405621,0.005795806861028142,23.01654149371843,7705.635827759507,26.70784025741586,5161.285303686486,53.41425024184936,26.707840257430284,31.95843552598484,37345.49266015148,26.70784025741586,997417.4523018223,0.5029316340912663,0.5500165461411448,0.01743737423858908,1.0
3,5,6.797874012605835,125.0,30.354772681761247,0.013218277432215741,0.008610296367816026,7.124534829113939,2006.6505581947472,4.746599578300095,1359.0797602344467,9.493083363516138,4.746599578296939,5.47754660661598,81983.16815458433,4.746599578300095,389141.2713902558,1.1136322432755565,1.196487528266467,0.036687220653926544,1.0
6,4,2.8639893939983736,340.0,36.54405488570928,0.010957302912880199,0.0053951039934175505,4.880995516051902,4316.343026011944,4.401819220636584,3852.750857365848,8.803626949574864,4.401819220636171,5.083028754631778,766085.8603567679,4.401819220636584,3372171.4647763353,1.7425884457958345,1.8726123630972062,0.0476845946966132,1.0
5,7,16.384340693158272,462.0,40.10701687177742,0.02760086187542138,0.010716580660922058,48.29326829915732,5736.696763979964,47.463446991211875,5680.47681399641,94.92026712051612,47.46344699120049,56.14849523322252,14323.562007170582,47.463446991211875,679845.6260526773,0.43911971151566853,0.47807136565490155,0.010948700396230892,1.0
3,6,30.86024838306076,186.0,47.38794345720628,0.00524554657032541,0.002939133834157795,654.0403622066061,58211.465453156336,792.4709793554101,57561.57424381912,1584.6416053729292,792.4709793554294,923.298981303739,5275.924736838255,792.4709793554101,4181017.243207646,0.11552220955847084,0.12501946280608317,0.002437797488780944,1.0
5,4,2.036624371239128,140.0,58.6103576347958,0.0085845356405404,0.00680559238124762,1.6244077686444454,1787.5878273916867,1.1299700104089336,1015.8482346810256,2.2599372246083345,1.1299700104180703,1.3655936332791747,808209.2667751175,1.1299700104089336,913252.2335904761,2.038068336895496,2.240480113456159,0.03477317694587032,1.0
3,5,5.006430726399483,180.0,40.7980094446266,0.07116998548832336,0.034844563003249215,0.16105694516423766,87.76662123773883,0.1722114456863668,77.01485137633618,0.3444211692466618,0.17221144568628136,0.20003984394066726,199997.67093558758,0.1722114456863668,34441.8880457238,7.777526391635169,8.383240756780847,0.19063494757486327,1.0
4,4,34.31660032908447,236.0,49.16077848062771,0.015343771041474288,0.010758480105077252,143.4533043500592,13344.949488025504,148.36439740153958,9490.240690494227,296.6562913813922,148.36439740153955,176.68687302223464,4091.617808912813,148.36439740153958,607050.4106167572,0.3663507488402386,0.4018964180560352,0.007452094132004088,1.0
3,7,6.809266420123802,161.0,42.05481180835684,0.0573140474536178,0.032920542179098504,0.19301092294134867,104.13988421123628,0.2626011907768475,82.3374028322808,0.5251970393392491,0.26260119077688526,0.319448203508006,98310.73560319356,0.2626011907768475,25816.51623554645,4.489772692543417,4.951982375506262,0.10676002339525963,1.0
3,6,45.70066029955406,270.0,32.631815779195435,0.01985221050246484,0.010806732496676108,551.9859749485852,20006.868022212373,354.2160933350367,12664.875668459512,707.8784625834592,354.21609333504625,416.27291116803167,1278.3956480701188,354.2160933350367,452828.3121959099,0.17838478654847956,0.19424511201949624,0.005466590880370488,1.0
5,7,45.44965548139594,567.0,53.184184680796136,0.013580556899913764,0.09831230315507361,146.08251663389453,25535.36090744821,4.43137844941585,210.67648007280093,8.858837474273924,4.431378449415733,5.296181125890864,2260.239314271717,4.43137844941585,10015.975787786145,7.636342913416798,8.385898827173618,0.14358296473376503,1.0
3,7,45.16658541284566,252.0,22.190757271462836,0.013350408889199125,0.0059086203825131954,804.534775877913,35987.371097418894,778.3766448561257,30710.419124916018,1555.7538675054311,778.3766448561123,914.6209879393363,1556.6532912009247,778.3766448561257,1211662.5660092214,0.13076702266636614,0.14231105979885764,0.005892859854518423,1.0
5,4,4.10021766607416,248.0,47.24355076976213,0.006354269528059137,0.003295102980436021,16.98463364554796,11160.0965996838,17.379363660742904,10777.32564816135,34.75863693400238,17.379363660760866,20.340812936749177,384551.28747142,17.379363660742904,6683256.671172695,0.7658758649904925,0.8285940726468058,0.01621122571254076,1.0
6,4,6.57380977895907,268.0,32.276480988504396,0.011573553098641184,0.006631255382419369,27.822019750447204,8255.948087600593,17.26936222931392,5531.052502143848,34.53838776170822,17.26936222929613,20.078546311105136,102580.06354645641,17.26936222931392,1771492.274889796,0.7327992397703922,0.7902024691012878,0.0227038145834853,1.0
5,5,28.190905047902568,185.0,49.18113730175767,0.020270526598573747,0.014721087453622096,34.23873451307484,2931.1578211400647,29.91795965393781,2445.516562692986,59.82696525404381,29.917959653937263,35.028317568246536,6681.550768527033,29.91795965393781,199898.36631852895,0.44463385835404295,0.48233786452734184,0.009040739656464843,1.0
3,6,6.626133391140021,96.0,43.53477083881901,0.03044381460752531,0.021044165478938504,0.2879731532972748,123.5159167971529,0.35103925977934874,121.98888332743952,0.7020727058549953,0.3510392597797775,0.411892558100171,120761.6759072201,0.35103925977934874,42392.08932018415,3.595431744362802,3.8954575549495347,0.08258758861220039,1.0
5,7,2.819985071928123,385.0,36.13673008436818,0.022734599917924342,0.009698614862853061,2.1368438847634676,1358.3660892650073,1.6674345512771895,1075.5195545634685,3.3348610868958155,1.667434551272662,1.9783055053074279,416043.77576050884,1.6674345512771895,693725.7665468918,2.3415002813174652,2.550672961480096,0.06479557712750379,1.0
4,4,15.363103514851048,184.0,60.74667541463444,0.046086687648841794,0.029503330569677567,2.8545116236760926,558.8019178907127,2.11923013596828,360.2165536881706,4.238313574679766,2.1192301359684356,2.4553397386057023,28891.566606826935,2.11923013596828,61227.87862852246,2.474727398497177,2.665681932009594,0.04073848291458914,1.0
6,7,8.824671713080033,602.0,50.79222165273746,0.010466896724865265,0.004079046515037955,89.55980346855219,27509.548339691864,69.73235410491354,20550.136718492195,139.46310238377018,69.73235410499461,81.70493624062249,86848.19112154665,69.73235410491354,6056128.816658899,0.47465401058108514,0.513982460125171,0.009345013766601082,1.0
5,7,4.718847337644064,378.0,18.487951695024545,0.013724807616261674,0.0056679915999604214,9.278233073709563,4372.53609982721,8.87480879254387,4192.704163418576,17.749538057709167,8.874808792540023,10.458106870383284,223187.78881080425,8.87480879254387,1980748.95052655,1.0194501020175448,1.1067017052225558,0.055141322242414664,1.0
5,6,2.4646945567847,354.0,51.794396046939525,0.039716308686501674,0.017597622686308417,0.4078368081763411,336.00446785560155,0.38363072781201746,298.09891285113036,0.7672601849112457,0.38363072781384366,0.46641958274462714,603801.2571328849,0.38363072781201746,231636.71572769975,5.168018940785562,5.698292421406771,0.09977950000810822,1.0
5,7,5.8532392666401964,511.0,33.94333463124863,0.02310314355681466,0.00879253664001827,13.253571709989675,4643.126361773019,10.309115006700988,3431.3704245921786,20.618043909653355,10.309115006679741,12.469261154619627,110787.92753793267,10.309115006700988,1142125.4863426033,1.0037752035735785,1.1039682258366386,0.029572085785864163,1.0
6,6,44.31262303468787,348.0,69.57448176062418,0.014845923756924166,0.14618248742754444,104.71798094824328,10218.862425378702,1.348968918564307,65.80475872631817,2.696804553129409,1.3489689185643159,1.5954283453587763,2379.6370150632392,1.348968918564307,3210.0563707854535,11.883540469482938,13.006553906832591,0.17080314748687717,1.0
5,6,39.45187300803156,342.0,49.90742308027771,0.03438133581863395,0.02321237733884041,37.88407956881211,2924.644388034316,34.31304376696021,2077.8539423168977,68.60737815898513,34.3130437669577,40.81261489061272,3667.0053603955275,34.31304376696021,125826.11542492945,0.6473840849763218,0.7094724516545247,0.012971699298819406,1.0
6,7,2.7852913239922756,294.0,46.83604212229333,0.07193304838817181,0.04016501446837013,0.05505504398136311,52.28401750184021,0.03810199418200008,34.05281928568245,0.07620389296017702,0.03810199418207094,0.04454025636178694,798749.7487438385,0.03810199418200008,30433.95827951176,13.012653378292104,14.06973641341515,0.277834180444087,1.0
4,6,43.629598577457315,258.0,47.02130245781612,0.005759643461046072,0.004275766090358608,691.4340270235541,84653.73065751897,744.6287966538256,45454.04636279383,1488.8580279380346,744.6287966537814,878.4246677113872,3726.1938633417467,744.6287966538256,2774631.252559034,0.12399161737739829,0.13511065270712558,0.0026369243490997297,1.0
3,7,25.527481720959216,259.0,15.3831477870457,0.005584685978183746,0.0024069825954641942,2657.020914965638,166567.79578946426,1719.309898952377,113964.88265432199,3437.8373569788732,1719.3098989525054,2033.6971086764245,4393.734072612367,1719.309898952377,7554190.484406784,0.06978356735116761,0.07603602262986117,0.004536364619075755,1.0
6,6,4.529730126515718,324.0,32.98219247649005,0.008440497211857039,0.004398031228268086,15.903774567810377,8445.966472099979,14.153653077059396,6915.592329671957,28.307187584133874,14.153653077098031,17.1309570226912,238738.06812865485,14.153653077059396,3379015.7925803512,0.7212553078091022,0.7935483233134307,0.021868021912831243,1.0
4,4,12.5962232268687,208.0,67.86859170841149,0.009983146638007052,0.0063132100890887785,81.30872500128802,16360.217503190846,51.3229891509145,8963.463563605748,102.64261318715499,51.32298915092306,61.58130031573228,30501.965789706977,51.3229891509145,1565452.0593066965,0.5542542833182641,0.6077669745684824,0.008166579994757296,1.0
5,6,19.271091403114617,414.0,26.8506466682857,0.05136381666832476,0.020451650735747715,11.26484203156244,1592.1174222097839,12.088197434701172,1526.2329825067106,24.1748783578687,12.08819743470113,14.120475230215213,15941.11078142523,12.088197434701172,192699.29445431166,1.094882010247946,1.1841346743399772,0.04077674641412461,1.0
5,5,39.84215813038218,335.0,60.557125138985135,0.07304658301602897,0.1690111596056345,9.703580225186629,745.1985828901519,0.9188274151590798,50.59433523936683,1.8370489528096952,0.9188274151590803,1.0913391836149977,3032.0467869182708,0.9188274151590798,2785.927711865508,9.14112974909644,10.004185969348086,0.1509505236273446,1.0
5,6,2.3805291440904455,450.0,36.869107445711045,0.030728359364658883,0.011506064966419127,0.9817996229861791,848.272492416881,0.8206279119291736,736.2320029522103,1.6412537847796147,0.8206279119407501,0.9568013152855425,804890.5238302366,0.8206279119291736,660515.6299023859,4.011274643683037,4.331202087519152,0.10879771498644362,1.0
5,4,15.94643736400658,252.0,60.285094433944266,0.0361256647376363,0.01962124678032453,10.236639552242945,1453.8421012464048,10.64618521326338,1435.949579872195,21.29120009259914,10.646185213262187,12.600594402426454,18192.414689066718,10.64618521326338,193679.81625629758,1.06781444863253,1.1634255922400536,0.017712744064829464,1.0
4,7,10.855882764979047,413.0,42.72587104954724,0.0070867952146438234,0.0026183702208738995,277.6518564106531,55284.32292469234,257.8646390541722,50749.49755671842,515.7159634302881,257.8646390540811,299.2771698157935,38732.8907467739,257.8646390541722,9987842.891941536,0.22793735095981543,0.24567972022291218,0.005334878970530218,1.0
3,6,3.0193551376628207,156.0,30.647431082200562,0.06240013128592163,0.035441328543349075,0.019470626996727816,30.723187872349325,0.025322823099775092,24.59265618595228,0.05064559250194127,0.025322823099779696,0.029218472992726324,943162.73741393,0.025322823099775092,23883.543153832576,15.406896941744687,16.551247491568894,0.5027141394142074,1.0
6,6,5.178164850660968,444.0,19.351272654412362,0.013924721731457831,0.006154090076176218,15.140726558654018,6977.682337560604,11.907784716204096,5237.102625667171,23.815446309489687,11.907784716147852,14.037124320724265,193428.3913821819,11.907784716204096,2303303.64258069,0.9615966665787002,1.0439194776395895,0.049691649937010356,1.0
3,7,4.769316923380812,266.0,65.15135103918816,0.03595503730313331,0.01376402113443917,1.2273804458448345,542.3770978402415,1.3108061668355167,556.387140305056,2.6215977827955608,1.3108061668308524,1.5433386495777777,180167.8166023669,1.3108061668355167,236165.0850676729,2.771575794384441,3.007682942654505,0.042540572838118955,1.0
5,4,25.537044442335397,244.0,30.026196577240082,0.005744904945666719,0.0034743924000121733,851.4396207559313,87984.80345661816,814.022723527385,69648.03040776085,1627.8230840261015,814.0227235274469,959.9432885151193,7320.565351463803,814.022723527385,5959106.545158774,0.11894626442055194,0.1294338016038923,0.003961416295752671,1.0
6,6,3.6089772635884945,396.0,69.24114225792452,0.0346646939079651,0.017369594168103297,0.6952244928500209,532.9964879386807,0.5050269225246986,359.81194736506075,1.0100518551833926,0.5050269225195204,0.5918158155641035,507600.56681642757,0.5050269225246986,256351.95213109307,4.12481946821798,4.46610449702921,0.059571799853517036,1.0
6,6,29.08056533783934,276.0,58.56000293819784,0.016363734482316355,0.012675552891952449,103.96405726094049,9536.016446911328,54.360046733965234,4305.689735176951,108.70276681096476,54.360046733976,64.7532327807926,6273.729946356711,54.360046733965234,341040.253080228,0.42556586580992617,0.4654873604613414,0.007267176305627125,1.0
5,6,4.129139876809987,402.0,52.22618640467749,0.008967116922810834,0.004049581476851067,16.51409215816262,11486.502979995952,14.522387467498564,8448.174677299172,29.04468910938282,14.522387467506615,17.46912891422696,338415.0977970339,14.522387467498564,4914595.175059946,0.9218111289924319,1.0111360068358786,0.017650362633214827,1.0
3,7,2.4674362212433145,336.0,15.835212130312028,0.03531354209264642,0.0116484014929409,0.6609307782859826,529.9833151949974,0.606880645013581,499.36914544299043,1.2137594973933117,0.606880645022274,0.7049118889989631,677075.0901465398,0.606880645013581,410903.76743076055,4.80210140191127,5.175445986446252,0.30325463040176187,1.0
4,4,41.15344537156075,160.0,35.69720900028142,0.032736087073669984,0.02472793476494133,45.52377534792485,2172.0175763746897,40.67372566699496,1776.0435426232752,81.30480939659368,40.6737256669944,48.21952405167994,1906.6865710920383,40.67372566699496,77552.04652554085,0.5292898404855749,0.5797062883515792,0.014827205131958699,1.0
4,6,5.880748765928599,246.0,45.47930884802255,0.0527426605959044,0.026403186619953313,0.6734892631370816,265.0055362891516,0.4886604536482548,183.68505526540872,0.9773139905686122,0.4886604536495772,0.5736889442278998,141297.10339617683,0.4886604536482548,69046.30664476013,4.515265212250217,4.893042697499023,0.09928174650452151,1.0
3,6,4.225514751549271,228.0,55.852293051629516,0.01865183439038127,0.008510302157853266,2.6389307419181387,1611.767200481059,2.262376045101113,1179.627401345702,4.524735447137544,2.2623760450967807,2.6521376910842824,271869.26742275053,2.262376045101113,615070.5180164191,2.178416153928346,2.3587370041189706,0.039003164147882546,1.0
6,5,3.2471931510467336,265.0,40.20493244106022,0.027424849905780174,0.016082124253755197,0.4069991091064271,377.1536395343078,0.29914122355965417,266.0608524407325,0.5982816908119771,0.29914122355789274,0.3454402293036161,791060.0001350995,0.29914122355965417,236638.65634951385,5.134462995127753,5.517758795653298,0.1277072907075467,1.0
4,5,11.923383732241039,180.0,21.19424430952151,0.013096579224724602,0.007792438951728592,4.833864484154104,2223.75036561989,9.425685006860425,2542.9532316844516,18.85111102188531,9.42568500685324,10.907395537808211,72786.51092848869,9.425685006860425,686062.7247603383,0.8883543662570896,0.9558214527507405,0.041914887517739745,1.0
4,5,7.247084561859095,210.0,27.008847170304072,0.011254647095294066,0.005867143025545559,18.56837059379674,6272.477086241322,20.56408148214333,5516.816267931058,41.1275915187341,20.564081482150932,24.944861738175046,71971.14447870017,20.56408148214333,1480020.4794231004,0.64612910830996,0.7118497873512116,0.023922868837599694,1.0
3,7,47.428911039172775,252.0,22.80374832019705,0.03724938464838685,0.018737027699770238,125.55343738050978,5299.164563246021,96.51379156874793,3421.476876974522,192.87411243657166,96.51379156874847,114.16319524204165,1256.7487557801367,96.51379156874793,121293.58746964742,0.28753993276143625,0.31386719345885744,0.012609327586147976,1.0
4,6,30.935281026295712,294.0,61.57818644421522,0.014667414471649067,0.008462079638210695,206.82053516903238,14774.510697730757,201.4470954942614,12695.116457287264,402.7927694235628,201.44709549426486,235.5220185537824,3971.47065867936,201.4470954942614,800041.2290316382,0.26214592926175684,0.28435977455531064,0.004257123250929767,1.0
5,4,2.6539015653741878,240.0,50.834540063613616,0.005068067882506099,0.0027246511373096765,9.907904124608809,11166.199253255283,8.886635851843181,9123.345238905138,17.773254840532278,8.886635851740476,10.298613868340034,1053982.6212567955,8.886635851843181,9366359.74928029,1.188490313525925,1.2795243074763198,0.023379582308380588,1.0
3,4,17.428498859209373,200.0,24.513027623600127,0.02720554551941553,0.012286631006615348,43.29015590768386,4338.3543257226665,42.55998139432095,4124.280537011892,85.11089937832648,42.55998139431684,51.35609865067974,9390.60425309452,42.55998139432095,399663.94229313394,0.5895027646006789,0.6481472786375567,0.024048549761071947,1.0
3,5,3.7533400329880386,235.0,34.31114561236587,0.006148575684235876,0.002437140527749576,27.751485070866746,16050.008158127317,28.3233019959661,16174.089407610885,56.6464302839051,28.32330199611533,33.060008773218,326100.8365635653,28.3233019959661,9236252.475127045,0.6560734661805405,0.7088434115765908,0.019121292934739232,1.0
5,4,54.75914118940328,264.0,55.148269534886644,0.07816178847708333,0.40329702735737927,5.361532623126717,382.2894584655905,0.3385282647832726,12.751476643460531,0.6765796729022184,0.33852826478328135,0.4007071259527681,1418.8323735246595,0.3385282647832726,480.31486142763504,10.519654277731902,11.53372047541126,0.19075220975115453,1.0
6,7,9.10135060825179,420.0,51.303177968194746,0.006056925830928732,0.0026784510616144775,221.45256935982778,51566.19338031499,180.56119488121055,42257.71648431177,361.115796759412,180.56119488123252,213.51492148876238,54772.581455693486,180.56119488121055,9889802.75436845,0.207003522462235,0.22516678165660017,0.004034906426080782,1.0
6,7,9.694661931084678,385.0,40.148265705884654,0.054507968786918416,0.02762945845225363,3.823591636518632,744.2215458748459,1.9757117910335007,409.8907460188157,3.951331779578085,1.9757117910332973,2.331944890702035,43041.66307171237,1.9757117910335007,85037.92123647334,2.225430792238636,2.417554557204743,0.05543030945698976,1.0
4,7,2.1615681791531074,273.0,50.83607450241931,0.019412467160288355,0.010482528385759741,0.26758758432562024,487.3300642060803,0.2470716376284633,320.36161876091273,0.49414298137470125,0.24707163764339876,0.28916681138401534,1681261.1255747168,0.2470716376284633,415391.9395768188,4.972613904539708,5.3797115604099455,0.09781663814941217,1.0
6,4,16.062162688194302,204.0,58.557054098905866,0.006256173424847901,0.004379538696138395,148.69693549629227,27746.10504560763,118.05537118046956,19134.693921053586,236.10175509306686,118.0553711803856,137.69862358014004,26270.69348107271,118.05537118046956,3101396.4700763808,0.3082898202474748,0.3332247103456261,0.005264776805997746,1.0
5,4,10.491336896733733,200.0,50.91270613677023,0.07938884129134387,0.04977647279779619,0.3712571901013536,107.2332519795092,0.4113801117534616,99.22512528505075,0.8227460815634509,0.4113801117534192,0.4878895827706128,58177.72416588391,0.4113801117534616,23933.158668923388,4.147988838436868,4.5198269350381315,0.08147256653955588,1.0
3,4,12.974214787820461,132.0,58.922567266685135,0.015015806293865055,0.009952692594792282,6.878495351852948,2471.998119848022,10.793915985131997,2062.0983961352963,21.58724049518689,10.793915985117142,12.763976907489054,36497.29703794967,10.793915985131997,393948.7579120356,0.9726782738706231,1.0585400685114679,0.016507737510286252,1.0
6,6,2.346473160745486,294.0,53.80232661511885,0.07821695091445198,0.04775428953206421,0.023138057625155965,37.64715566995292,0.025791188176343446,25.92240517675478,0.05158232529127816,0.02579118817635725,0.031273701413497196,1010201.2201815535,0.025791188176343446,26054.289765674206,14.896903429913285,16.403498295419546,0.2768821418538273,1.0
6,5,2.44492086334067,355.0,44.46029471248514,0.025267614615952495,0.012110591109065214,1.0550620192046292,870.6353480693069,0.8289109177322973,683.1290983136603,1.6578193945882862,0.8289109177367772,0.9640019298903577,679187.7587566562,0.8289109177322973,562986.148423522,3.470747880790355,3.7429966717137892,0.07806398727752283,1.0
6,4,2.3283245382186664,252.0,29.51268738105562,0.04512512726574903,0.028996566661664586,0.11698018746294678,135.33283482577633,0.07234379239011263,79.08484176865288,0.14468746370452845,0.07234379238871447,0.08347167092255775,1195044.1686882868,0.07234379239011263,86454.02723660014,12.064446564275181,12.959766159713526,0.4087884782739042,1.0
6,5,10.630659987583657,305.0,29.108294132580948,0.06031210275052044,0.030586033769565913,3.399249725651773,561.9966024568424,2.474376851415184,437.6532921214475,4.948595522216587,2.4743768514133992,2.9374933473174942,31284.46347253061,2.474376851415184,77409.55222537363,1.8793755499787248,2.0481989294730045,0.06456494981872324,1.0
5,5,5.8608623508238455,325.0,30.163153780713692,0.009570700729890896,0.004707899168099588,31.460035474528567,12941.950277373564,23.468919723230453,9000.504831116514,46.93752031278563,23.468919723218956,27.623244501957476,147077.94047198,23.468919723230453,3451760.3779949658,0.696118927058687,0.7553845536754186,0.023078453006587965,1.0
5,6,10.133506439556196,246.0,63.66645587806787,0.012559841133532817,0.006938866102656513,34.562054066978305,6949.228183082411,21.367251492489768,4580.4333063061395,42.733573048245695,21.3672514924885,24.638047343351232,45953.204782178276,21.367251492489768,981893.6834666866,0.6181797282896001,0.663931601875199,0.00970966138705003,1.0
6,5,15.703058206916918,350.0,52.685697316522635,0.03548275845103998,0.01889283268318998,13.729887984710723,1994.4690000874632,10.315258979844714,1541.4954109134014,20.629594184095364,10.315258979845256,12.116594928052383,22331.824192532677,10.315258979844714,230358.55003833614,0.9971835773819534,1.0815021470058865,0.018927026274154088,1.0
5,5,3.1812949338967584,325.0,45.22495162764387,0.050350020760001064,0.022844785969743247,0.2745063116394055,210.53649921801835,0.24069440963123778,186.73144509616355,0.48138801943369514,0.24069440962694746,0.2799598465723297,601870.2949552337,0.24069440963123778,144866.8153188289,6.995727168338438,7.544964002460961,0.15468733335387985,1.0
4,4,13.457438197723306,152.0,43.86139876481284,0.07755574323622608,0.052864548082918794,0.8074455825131777,153.72838104150435,0.617353742418203,99.75189078185926,1.2346601943976165,0.6173537424182316,0.7317921123891579,26108.029963503977,0.617353742418203,16117.89000513576,3.141562468502253,3.4248056413645407,0.07162476703826703,1.0
3,5,8.394056044613087,235.0,58.13350760132607,0.018567042922002838,0.007743922925837132,9.759390750068816,3188.9884204923187,10.859126955559008,3140.25337877406,21.717994206191896,10.859126955548076,12.582112641584914,83625.66070153778,10.859126955559008,908101.6663005005,1.0681238567480569,1.1500038979995277,0.018373635117171085,1.0
5,7,5.103523952480608,336.0,56.984004956591,0.058804218637246414,0.028155936631174366,0.49428077263565495,219.7358090464687,0.43508867247875527,177.5847416884855,0.8701721216039221,0.43508867247873645,0.5208468195965646,166592.61394669526,0.43508867247875527,72482.5592468334,3.9160306810503442,4.285132581990497,0.06872157694134484,1.0
5,7,19.18862067050715,448.0,29.818709827467888,0.029553050581845684,0.011435118840850442,38.929085123871566,5049.400168029681,33.05262981743321,4328.2975970135485,66.10140495334733,33.052629817436994,38.27679955983443,17148.3440320636,33.05262981743321,566797.8672737881,0.5491277987477765,0.5912520626356106,0.01841554520383509,1.0
4,7,4.29345450922261,371.0,37.349227487153684,0.07745652186323686,0.030670897607882226,0.2738452172634127,155.59787590338513,0.2611168723113966,132.58324552415704,0.5222317190140825,0.26111687231202274,0.3119998567436477,257814.548973413,0.2611168723113966,67319.72866431098,6.621850619076674,7.239191959138055,0.17729551759415285,1.0
4,4,3.644527850799463,160.0,57.31592918494218,0.00886574711164859,0.005212597451922199,3.9079941315435622,3001.623415332501,4.165784735623305,2667.7113417923697,8.331549155071716,4.165784735618541,4.834216026943529,410094.5727523276,4.165784735623305,1708365.711333607,1.4147733045665245,1.5242047781500385,0.02468377159168883,1.0
3,4,7.030852021075461,152.0,14.430589386367272,0.05545009105756345,0.02759811700910027,0.560787563560336,182.05021579876825,0.5989240492252526,185.59819487081893,1.1978356248109965,0.5989240492258978,0.6904350058826041,96029.35053860291,0.5989240492252526,57514.28746905124,4.490245437524911,4.821514057670221,0.3111616107493775,1.0
5,6,20.00706967193334,312.0,67.2793142502916,0.015849589106516192,0.009627172086766519,50.76913745200623,9473.95115332393,42.684716436922706,5317.693816786887,85.36393274883692,42.68471643692452,50.40118900243889,15520.362275530406,42.684716436922706,662482.2627293278,0.556425872356568,0.6051740197985952,0.008270385608963848,1.0
4,4,12.656414066570445,160.0,42.089262170342366,0.012298414697089428,0.00756866130914511,36.512912177968516,6796.22007941624,28.175384271654504,4777.233108689213,56.348808473390875,28.175384271659897,32.683685173034505,28748.36639337677,28.175384271654504,809996.2703157088,0.5597542191939143,0.6031255345079607,0.01329921672013385,1.0
3,6,41.0812974712979,186.0,24.056812768615163,0.01410518577083856,0.008392534723054327,411.14839963159204,24306.15456806332,317.0439380524166,12881.205610490495,633.7039812264869,317.0439380524313,376.99676601935244,1650.72267675941,317.0439380524166,523351.61807222967,0.14530506741021637,0.1590965220583082,0.006040079739897352,1.0
5,7,45.62386948928019,581.0,59.62982317700418,0.03420961862822617,0.020240487354684616,114.45441946348636,6253.828470882281,121.39071103129744,5363.64212668248,242.6571297179729,121.39071103129258,141.9983913740989,1952.3095366408506,121.39071103129744,236992.2428060157,0.4005177188898423,0.4334448547460376,0.006716734975063604,1.0
4,5,5.158841918018183,235.0,64.36967484740529,0.0729308415245437,0.037056049448547186,0.3952490250394349,160.4366376511542,0.353814413739687,121.1658589869373,0.7076227936586514,0.3538144137391525,0.42892455325093476,117276.09280142804,0.353814413739687,41493.97202021838,5.32257043342677,5.861844299972147,0.08268754574330928,1.0
5,6,2.09311271061965,306.0,50.40234908938915,0.02106704505598504,0.00986790736656085,0.5590633755549363,649.2073609899846,0.5304962380404049,565.5341146582042,1.0609915424915293,0.5304962380437009,0.6106573204939595,1136456.9761886396,0.5304962380404049,602886.1505628474,4.1266241986326655,4.427542015962289,0.08187364821655534,1.0
5,5,8.507107044882776,360.0,27.916515244247897,0.04148960013984249,0.018180256265467994,2.8527960906898224,922.6822077149822,2.757813831094712,833.340860272182,5.515567256936303,2.7578138310956644,3.187959960120309,91309.3944325983,2.757813831094712,251814.31087510206,2.054497179393699,2.2090813772493583,0.0735943279961141,1.0
5,6,17.271355026233948,378.0,49.91051024492258,0.009574792093189486,0.0043464591698272,189.25079106090635,28987.842617692342,185.83008208846465,26815.987467857307,371.6423169967469,185.8300820884704,215.6345004573557,20823.58742155675,185.83008208846465,3869648.9599242103,0.23121532997616545,0.24924282267969278,0.0046325980007324635,1.0
3,4,20.830593917991983,168.0,21.510127074805993,0.008863411268610856,0.004420244847030418,326.9651141352217,29101.784100605757,329.7936971840047,28734.84099135257,659.5005218819612,329.79369718399636,384.114727686689,7591.592597502158,329.7936971840047,2503659.3902449585,0.20777125234711546,0.22443821839120315,0.009659229423636003,1.0
5,7,10.270362467500254,602.0,37.68327164733885,0.014507762641256942,0.00470727028391712,155.6806117691624,27777.700083472235,158.23351004976965,27047.081388743452,316.45618907086885,158.2335100497275,188.48666728651116,29217.55644522537,158.23351004976965,4623196.511405281,0.32873555539192695,0.35902800197166707,0.008723646886831332,1.0
3,6,10.159167943244753,168.0,16.308674335300196,0.031768830666996116,0.016424685377542884,1.0728573709467657,454.7916391657509,1.9423832794252938,484.3658409502857,3.8847040875172776,1.9423832794262896,2.260388569445353,62183.78507074203,1.9423832794252938,120784.74437278553,1.8950684258684323,2.044354859014085,0.11620002870291844,1.0
3,6,15.153952176221162,234.0,24.872170495070065,0.02270825826418076,0.009688996858527352,29.959558687711517,4473.3668739861205,29.92465661866636,3872.35492700487,59.84573934654139,29.92465661865668,36.09469164586018,16745.26256254747,29.92465661866636,501096.23217364214,0.5917456918668532,0.6503439242558365,0.023791477787760567,1.0
5,6,26.25170088362774,264.0,28.652971208988173,0.017164450845607505,0.010029207650617253,93.55037827831613,9558.38173739261,59.05948937880262,5512.650510588471,118.10542285953616,59.059489378798226,69.47067045899968,8712.474993103822,59.05948937880262,514554.3243182986,0.33141458305173305,0.35984854891321855,0.01156649970554437,1.0
3,5,16.664268763519267,110.0,14.844856600756543,0.008055931804926407,0.005469047733401733,71.68182135706351,10890.929574955866,63.421512290126444,7353.883688532497,126.83359105618854,63.42151229013868,73.52486913940459,13444.98512559801,63.421512290126444,852701.2893836814,0.2919047965196161,0.31434758616623537,0.01966369931150023,1.0
4,7,10.321968765469867,308.0,55.42479093356269,0.005168744624268155,0.002411216887370546,133.4785907054387,44194.01416996766,149.04836241531987,36648.98495745412,298.0917944486536,149.04836241514698,177.477694462157,60460.186694521275,149.04836241531987,9011491.818142908,0.23864042192779625,0.2605225355293509,0.004305662103693866,1.0
