n_T,dT,N_obs,Ea_true,Psi,cond,D,coverage,cov_t,cov_z,cov_znodf,rmse_Ea,bias_Ea,reported_halfwidth,true_sd,R2,n_ok,relerr_Ea,SE_ratio
3,35.62815868950058,210.0,43.7506993807689,295.1404279870061,2324.1041118418307,14228.413967446097,0.965,0.965,0.7575,0.6125,0.1663812664476411,0.006940715326711242,1.896667632427905,0.16623643492169365,0.9999882344546396,400,0.003802939582739009,5.821152071873358
5,6.782510901268443,365.0,46.64870546345901,1.0063921786512546,79578.25599644113,283.89939136608956,0.98,0.98,0.9025,0.8475,3.197168812978377,-0.08848913891502667,11.010213466195143,3.1959440062328444,0.9841053547619982,400,0.06853713905271802,1.7576828126976567
5,23.020145243580927,343.0,33.21622612317595,8.744305394873878,11526.770339849842,938.8130915392874,0.94,0.94,0.8475,0.77,0.9931247457382218,-0.014841559509437668,2.6992559608740345,0.993013841146706,0.9980907458489241,400,0.029898783265004603,1.3868602345148386
6,9.009486123760892,284.0,50.45690446336848,63.1010422885547,79200.73667604494,17758.289981178914,0.9325,0.9325,0.8025,0.7325,0.4075506824537724,0.02352459389614159,0.8180080509217279,0.4068711740226349,0.9998635750734475,400,0.008077203442982767,1.0257572249771099
3,34.18536294668022,176.0,41.3348791547106,553.2441190175309,4007.9853603445854,35025.13914975894,0.9575,0.9575,0.61,0.385,0.1839833727389829,0.014137605427774655,1.040525684475317,0.18343938932841025,0.9999960513536126,400,0.004451044166607073,2.8940373886247803
4,18.503945816917742,441.0,18.91822212011701,52.636611458670515,9711.625680263502,5187.210720422155,0.965,0.965,0.8575,0.75,0.5023407253790049,-0.007881772104915443,1.9397218918974761,0.5022788887090428,0.9988598898400531,400,0.02655327346245884,1.9703277376875483
4,3.889172221271693,275.0,47.605309835048246,0.6643879383016041,546977.3167387154,491.36746560981607,0.935,0.935,0.735,0.5675,4.355925091450603,0.3075585502176781,11.500936611526601,4.345053640695008,0.9934853670131805,400,0.09150082431022556,1.350460842840298
5,7.1625500618506495,462.0,41.725515636792686,2.0979214794283614,95443.90069852334,648.1317840951518,0.93,0.93,0.8225,0.7225,2.466218942109214,0.18143287893619223,5.842490693562347,2.459536131236786,0.9942555022960695,400,0.05910577507482146,1.2119612966439175
4,2.278398699882258,150.0,14.829152545053068,0.8176617449797295,1211144.5112835593,899.8531930531644,0.8925,0.8925,0.6425,0.53,2.561922156887925,0.01695474102657347,6.154185891436252,2.5618660532334627,0.9811097208848389,400,0.17276254655176296,1.225626436235355
6,54.93179563983483,352.0,32.615429566188276,55.65365030896895,1524.2513556719528,2172.8109929891752,0.8925,0.8925,0.7375,0.6225,0.7523429502972893,0.0453675047769274,1.1621109922544048,0.7509738373421173,0.9993350136676775,400,0.023067086967857302,0.7895265348481895
5,42.83320914369312,184.0,24.221791616183086,251.00567558627282,3000.752011507824,13749.870077538146,0.9225,0.9225,0.81,0.7225,0.2010660969805155,0.0034580690914464986,0.45248481787047234,0.20103635768968967,0.9998982701117276,400,0.008301041482256789,1.1483475109048022
4,14.313617541304774,215.0,63.33771942147363,10.572185310710772,18504.28857723428,1438.1393293135507,0.9525,0.9525,0.8525,0.7775,0.9373543719224797,-0.0743067622845158,3.868113474109167,0.9344044753964841,0.9996016051959906,400,0.014799307276679193,2.112069595847512
3,2.576106270425022,180.0,19.2654229832263,0.22370794260891813,566119.1655641226,168.31984891710226,0.945,0.945,0.72,0.54,6.552094961076973,0.5348815525170934,56.268380117944886,6.530225884588309,0.951735774682996,400,0.34009608648518347,4.396227283773813
5,3.594553422537612,315.0,62.58815178065641,0.9430220550233088,619536.0020793995,742.2584056063255,0.9075,0.9075,0.78,0.6625,2.607549203158263,-0.04980490115763967,5.615799402327365,2.607073516169418,0.9975815721479382,400,0.04166202594217132,1.099011500415028
6,47.23858456108157,400.0,56.90225391826586,752.9813675774192,2588.9899747907525,38313.287112267746,0.9275,0.9275,0.7925,0.6775,0.21133165450466623,0.014718424985318262,0.31478437672774795,0.21081849103347453,0.9999841076578239,400,0.0037139417150016947,0.7618130319279556
3,7.066775834961668,240.0,41.73101776814767,6.362501875015928,59449.32337913891,1551.3199635903477,0.945,0.945,0.6475,0.47,1.5930556999424188,-0.014345315687132328,10.974827627294331,1.5929911095285079,0.999588054109923,400,0.03817437927810046,3.5150239176900864
3,17.373625040734513,176.0,44.92691160752717,365.41164940684706,12531.271551990567,40905.33552080264,0.91,0.91,0.555,0.3275,0.23421762628528014,0.012557116778497157,1.2005346028787458,0.23388077150745495,0.9999955742732733,400,0.005213303516862235,2.618931221160472
6,8.139957859501298,532.0,31.378330694938448,1.4800032513033237,85737.47146965246,433.359184318233,0.955,0.955,0.885,0.845,2.613908700387932,-0.03363143485830845,6.608691190149033,2.6136923347159855,0.978494960305603,400,0.08330298784216633,1.2900451880577535
4,8.461064446461853,222.0,55.29507317353651,42.66830533596243,95481.92842815998,13184.570449721296,0.9175,0.9175,0.7575,0.6175,0.4295102065290454,-0.02949388699178366,1.093687542179166,0.42849635721058255,0.9999579466601507,400,0.007767603547265099,1.302237087108693
5,13.24672163515577,287.0,44.244863557237565,2.2726435562891267,19597.084687473398,318.1464346211685,0.9475,0.9475,0.85,0.76,1.9301594758454363,0.10992639968461487,5.180115455834393,1.927026670507782,0.9960711815061387,400,0.04362448701753768,1.3714994656501955
6,2.8974485176858433,390.0,20.889124205458447,0.7256775734583018,620556.3350024618,571.6553976103884,0.9225,0.9225,0.835,0.785,3.499527439526475,-0.057673590031869136,8.212499824512333,3.4990521655173366,0.9207336055492297,400,0.16752868167694787,1.1974816986628545
4,44.44222451615922,335.0,33.03133966589676,30.83886956824011,2032.0718248720923,1390.1702084866945,0.9575,0.9575,0.8325,0.725,0.743165600056102,0.054890043029579436,2.6604810698457326,0.7411357448423042,0.9993061255859619,400,0.022498802881536897,1.8314975500615205
3,2.1006823402092145,222.0,13.991927067006836,0.12215805688957387,1445144.486584432,146.85128501784308,0.94,0.94,0.6425,0.4175,8.540118464810515,0.17052798359788476,53.95719404676009,8.538415754682337,0.9129777110133751,400,0.6103604188266701,3.224155560825848
6,7.6314720229965385,525.0,37.19453538964396,1.0148032796510635,117155.5837580271,347.3468448534253,0.9375,0.9375,0.845,0.7925,3.208792309962383,0.02730068189903129,7.658544298973204,3.2086761695817136,0.9788791711427369,400,0.08627053077414712,1.2177671893920008
4,36.151538828258296,255.0,43.242555023808606,146.93922592555901,3172.631045072284,8276.51549498575,0.96,0.96,0.84,0.7225,0.30845630203205776,0.02166402035833963,1.0976407990596795,0.30769458962615104,0.9999305957835602,400,0.00713316550935131,1.8200541534617185
4,9.656886601567951,196.0,46.28313717372969,197.28088129973625,29305.600124647066,33772.27438199295,0.98,0.98,0.905,0.8325,0.20886574767591348,0.007550517601362436,1.0937139538928995,0.20872922707701924,0.9999397791060529,400,0.004512782849872711,2.673402911652814
3,3.148476176692135,136.0,62.523600123482,2.1434966211717814,307029.5744047819,1187.716824733939,0.98,0.98,0.805,0.6675,2.095956988895045,-0.041636478965176645,24.078482630093585,2.0955433908457652,0.9991018710412648,400,0.03352265360208947,5.862412666356892
3,4.955076835380325,155.0,60.180494797332514,21.41235090702766,228009.38573838756,10224.467865202738,0.94,0.94,0.695,0.5375,0.6220638804893032,-0.010645250905153834,5.462725687707616,0.6219727888280775,0.9999489322835828,400,0.010336636190583066,4.481072151017148
5,2.623947639043104,330.0,55.22635659525525,0.14406003340224555,432391.41735258343,94.7288017014699,0.9625,0.9625,0.8425,0.78,8.742263772212084,0.1529134927793821,24.660659306265014,8.740926342594237,0.9418471760924052,400,0.15829876006999116,1.4394319938948774
4,14.817356606657297,231.0,20.98143978723126,27.19421756585932,18455.8733989305,3694.399603657946,0.97,0.97,0.86,0.765,0.41106017754419344,-0.007004865002934188,1.780816626320698,0.41100048835610226,0.9992132648107721,400,0.019591609618437797,2.210654091974928
5,2.940592158515642,228.0,22.914643906301755,1.7757437174450816,350971.68582473445,1052.0014240269843,0.9775,0.9775,0.895,0.825,2.358820530394184,-0.05036948529714091,7.320039099097729,2.358282682283869,0.969858663394187,400,0.1029394364599087,1.5836582501862762
4,2.827268671908488,378.0,39.1082503311323,1.6911487825620455,463197.7765009239,1150.9727731255957,0.9775,0.9775,0.865,0.76,2.5408290507469404,-0.020011883954513296,10.77290021298828,2.540750241487775,0.9918151438308296,400,0.06496913130179854,2.1632892402951853
3,36.299557585630765,195.0,64.97031183766023,24.63211675104273,3063.8003794515125,1363.427241969848,0.96,0.96,0.76,0.5225,0.7530898897936148,0.07346148439171107,6.1530569178065875,0.749498360518771,0.9999452712955383,400,0.011591292522580813,4.18855453107336
5,4.098572188852671,301.0,27.44793337113316,0.10552326575497477,293695.2663466685,57.18691868869297,0.9625,0.9625,0.8925,0.8325,8.681058130121519,-0.2712797386795025,28.012286427873057,8.676818400884677,0.7615823865970053,400,0.3162736521085897,1.647145556245203
6,22.928445402854496,276.0,54.11617025851969,12.975818645850147,7396.80419429688,1115.9810709598914,0.96,0.96,0.91,0.855,0.8854284328848039,-0.03572381542968662,2.8010002584823024,0.8847074763852656,0.9986037484974297,400,0.016361624051646706,1.6153155734262852
5,26.903408542152746,216.0,67.22865092654756,26.211214325960565,12136.468741133713,2887.575261416043,0.565,0.565,0.255,0.1825,1.3399563678585895,0.12042639379698614,0.9341476202072241,1.334533833007555,0.9999417511586253,400,0.019931329119226182,0.35713289306653123
3,4.143564071231894,273.0,25.977882801114745,1.2252313964028394,127247.75248665697,437.06212926148567,0.96,0.96,0.81,0.68,2.878404733456355,0.30952919574742904,35.886563458701296,2.8617137324624036,0.9889410995500876,400,0.11080212946887415,6.398079215506986
5,44.53734403989504,255.0,62.07383888358726,0.4576488489937008,3097.34647735395,25.46990171790607,0.9125,0.9125,0.7725,0.5225,10.584192407425371,4.012463126564313,4.647187470813016,9.794144606618929,0.998360759848159,400,0.1705097122682371,0.24208484874917857
6,3.565843266176966,240.0,58.547371504366495,16.351644229698422,426786.007533054,10682.342924711416,0.965,0.965,0.91,0.835,0.760979048809324,0.04512798522202985,2.0738022554655937,0.7596397683616517,0.9993542003591294,400,0.012997663759381065,1.3928475302438643
6,11.8562044439559,275.0,55.70363233783781,1.7086662286606444,35413.92103547668,321.5468379100991,0.97,0.97,0.9025,0.8125,2.2526137663972126,0.19087501582924993,5.713235060813045,2.2445123098112916,0.9946512588326557,400,0.040439261711611565,1.2986856140693954
5,3.9542863934377586,168.0,66.45061176675452,6.671931075380974,309432.9935337714,3711.37519292263,0.9725,0.9725,0.8975,0.84,1.082234092130568,-0.011248595189832874,3.5080065909897225,1.082175632361,0.9991855532203207,400,0.016286292381013315,1.6538898378374791
3,11.887968620396457,160.0,69.90561844845197,107.05943448302713,16600.02694305358,13793.654429124921,0.97,0.97,0.82,0.7025,0.2700423266601137,0.003708806998893017,3.940966081220722,0.27001685676759607,0.9999802718301147,400,0.003862955977697865,7.4465609454348405
5,36.61100221266984,315.0,37.64533473848711,81.98587366841315,3141.628126646051,4595.326961475852,0.985,0.985,0.91,0.845,0.3908972764529226,0.026454031574129094,1.26056115102805,0.39000110891097167,0.9996717648257106,400,0.010383684437086028,1.6490810659435364
4,41.036270704263416,265.0,16.343352725316237,17.496103896956516,2486.09052130083,872.3681835192493,0.9325,0.9325,0.7975,0.6775,0.7691226843935892,-0.09118651667072415,2.4874486840407166,0.7636980573670855,0.9974204181398834,400,0.0470602756558145,1.6617908860796353
6,6.13240833710892,240.0,39.3221404883455,1.7128105679081698,279537.27077745163,905.5849455627227,0.92,0.92,0.8275,0.7675,1.8253318882345952,0.10964428207463073,3.9861970129143094,1.8220358486084767,0.9949227499101109,400,0.04641995236184044,1.1162096441373541
6,31.575252946100115,511.0,38.99980128387803,856.7225161700597,4613.039041114445,58188.0423362666,0.97,0.97,0.9025,0.81,0.12868570803114174,0.004227249728177736,0.325696852996424,0.12861625795836185,0.9999636271150707,400,0.0032996503519195776,1.2919973447484538
6,10.747000876994772,588.0,16.725137587397743,4.83749458460433,28596.183759737538,818.0399837997991,0.9675,0.9675,0.8975,0.86,1.4881437988045438,-0.0016693285877858299,4.184885237099694,1.488142862517737,0.9685496444402135,400,0.08897647574067481,1.4347718776946714
3,9.669727020272697,225.0,57.70428685136186,5.207896803429431,30532.324260418623,910.0019080843122,0.94,0.94,0.66,0.49,1.7027662356809985,0.08281351870798623,11.617273705521217,1.7007512382751453,0.9997517475741072,400,0.02950848764610999,3.485036687676796
5,3.5262114604467403,200.0,25.54767465786185,2.079646702746839,415207.50856720906,1340.0535733763788,0.94,0.94,0.805,0.69,2.154375250517517,0.12052017716100914,4.545519217083621,2.1510015357826906,0.9907162658940952,400,0.08432764544598369,1.0781686666029517
4,3.784549427679134,312.0,30.93530180297136,0.39092320178859974,252320.427435255,196.36661464870096,0.9225,0.9225,0.735,0.6425,5.354201976218985,0.1273425169662368,15.961507752329233,5.352687426472799,0.9714010387236418,400,0.17307741202333154,1.5214089214277031
4,10.212656822595786,315.0,66.85756617723914,28.279065068652194,61611.658342573115,7019.343512339387,0.96,0.96,0.8225,0.6875,0.5588001495732221,-0.01589472569912008,1.9837504274002007,0.5585740459939086,0.9999056920273863,400,0.008358068974450029,1.8119666895714304
4,2.98274794687618,345.0,17.784823470294853,6.461229358513504,522880.6332538193,4672.1463269911,0.935,0.935,0.8125,0.705,1.485716595444901,-0.051041069164307035,5.289365482000398,1.4848395910801113,0.9909266402369266,400,0.0835384505180174,1.8174729946420645
3,42.613310124381776,210.0,31.196909559748736,146.8779290346825,3144.142412645289,8235.835145745574,0.955,0.955,0.6325,0.4525,0.23067050426967062,-0.004002304478882994,1.5349948271775649,0.23063578017923073,0.9999850858135766,400,0.007394017789739314,3.3956597085777234
3,4.448483338211723,91.0,27.494783963028176,0.23471591530076633,206161.98823127203,106.57291273562065,0.955,0.955,0.7425,0.5575,3.8707504005727764,-0.08350360214125932,39.26314041566903,3.8698495851859342,0.9879351672050014,400,0.1407812625761205,5.176484009733891
5,15.149360051936954,444.0,54.07155077317417,64.34272305967716,14922.231289394049,7859.88732661343,0.9575,0.9575,0.885,0.81,0.44489916516262146,-0.014618900478865075,1.4247776185719543,0.44465891974769445,0.999792025307981,400,0.00822797124922379,1.6347976485588795
5,37.96845825872838,318.0,55.725123571400985,6.929959508374329,3640.621160889001,418.1368484458514,0.9475,0.9475,0.8,0.655,1.6887499734833233,0.08285708154946544,2.9732472008461173,1.6867160925825753,0.9991521595774548,400,0.03030500186005898,0.8993587387026634
4,14.304760011238336,192.0,38.287057409400916,1.9837900894341223,23503.92479508785,304.1346560724183,0.93,0.93,0.77,0.65,2.16524964672976,0.05557877211078772,5.932010438653045,2.1645362165494038,0.9974446677922979,400,0.05655304411558434,1.3982376062586939
5,35.53846214415698,444.0,59.919916502872354,39.443872241166375,3569.6330965709553,2356.629627135043,0.95,0.95,0.865,0.775,0.6827611307367016,-0.05103247136745671,1.7963351042709528,0.6808512675401206,0.9997333298218792,400,0.011394560783541353,1.3461053035713868
3,8.735554368031224,203.0,42.12694156262084,2.2887379652478588,49721.463113950784,510.3498877502994,0.9525,0.9525,0.6825,0.5225,1.7579727105107532,0.030613817396579323,13.852427860302116,1.7577061316058875,0.9993223463772726,400,0.04173036648999459,4.020902645649248
3,7.055466966548126,301.0,35.93944940485713,24.624557137008694,57546.139695536614,5907.129970523243,0.9475,0.9475,0.695,0.5725,0.6681379686049549,-0.024129536420519456,6.448778467408481,0.6677021121455933,0.9997996587120055,400,0.018590656776023333,4.9276361954942285
4,10.723596830848246,148.0,62.39479062690479,8.997414679336309,34973.46963422462,1682.624068746474,0.945,0.945,0.775,0.6575,0.940969057710557,0.018475826474587613,2.7719962513587753,0.9407876547897378,0.9997828681356264,400,0.015080891341348757,1.5032975767839425
5,5.606274176232958,427.0,19.199915830452685,9.148607461161976,157032.43848148215,3625.3478323053077,0.97,0.97,0.94,0.875,1.1233444421774128,0.04176181284641298,3.844437683752747,1.1225678985071077,0.9885286151996753,400,0.05850777951826715,1.7472865565116773
4,16.832524781107153,348.0,36.39108540783404,603.1673846622646,16476.43556306201,77422.90843683112,0.935,0.935,0.795,0.69,0.14715899951952016,0.018096214832152225,0.5102720169447978,0.14604211087331878,0.9999787740808284,400,0.004043820014443447,1.78265614096739
5,5.107685128411195,228.0,58.378761939489834,0.8248750116452579,146200.39103979454,315.40052697145234,0.975,0.975,0.9,0.845,2.880133365400869,0.021451506208248858,9.401164130142824,2.880053477867509,0.9924607123986218,400,0.049335293687559796,1.6654247388659127
3,16.409506789492678,84.0,51.42627951670949,0.779342855883835,13730.232804998062,91.32033777175042,0.96,0.96,0.7025,0.5325,2.7436383641483406,0.13444273812156765,22.338546306100604,2.7403424281269957,0.9987914768677739,400,0.05335090132773214,4.15904865980653
4,25.553887355766424,426.0,59.53554755511838,15.17200754296704,6566.196036285184,1229.4191461625996,0.9575,0.9575,0.76,0.6225,1.1879754514723262,0.002022796874555226,3.48175530737963,1.1879737293365042,0.9996347172677144,400,0.01995405266698003,1.495324118037005
6,2.3045454157288994,196.0,45.50552520159851,0.01613920857580144,1095842.3950420415,16.89492558657638,0.9525,0.9525,0.89,0.815,20.5364008691028,1.0366206553721564,48.83180843632816,20.510221312149262,0.6196405674283476,400,0.4512946675842651,1.2147205824132423
3,6.640657401806531,184.0,51.903372177786586,4.697083795888382,62465.569998518746,1173.947463211622,0.9575,0.9575,0.7375,0.605,1.7002140993833779,0.059230510753279585,17.010909519153827,1.699182076864612,0.9993417720760202,400,0.03275729549054289,5.107772490733237
6,6.023336904044116,330.0,39.6793701570279,4.815048558792211,147389.5054647918,1848.561705796049,0.9375,0.9375,0.8125,0.74,1.5726275763505155,-0.07714826831516845,3.1307345980920975,1.570734108178105,0.9968775844892142,400,0.039633380523102286,1.0169216814855293
3,12.74203472443153,217.0,57.933708010434245,5.98994866120621,52122.6727493458,1367.5286663134002,0.925,0.925,0.575,0.3875,1.1687127769435188,0.059294067968576114,6.365894150724164,1.1672076801044315,0.9999248188235833,400,0.020173277649223244,2.7826283482390264
4,9.781108411120615,192.0,26.80183323808678,72.7626335039252,39477.57025952359,14457.180946614437,0.9525,0.9525,0.7975,0.7325,0.3661832210685039,-0.01106577701572924,1.325213805845821,0.36601598321814166,0.9997378747111186,400,0.01366261844164222,1.8472676707550066
4,17.152755236163266,220.0,56.00702718585353,12.068957369495754,15796.472644856814,1516.8750679553843,0.9275,0.9275,0.675,0.5575,1.0549334245318986,0.038766216306304654,2.5548834631415187,1.0542209022154188,0.999778074147098,400,0.018835733255957526,1.2364694802116645
3,4.655420138939389,205.0,37.91391905070766,17.781405447633816,146352.22864804603,6802.456212160595,0.9525,0.9525,0.71,0.56,0.8004215259246503,0.00640619902804092,6.647062776120792,0.8003958894057107,0.9998104651585642,400,0.02111154810596428,4.237101419602949
6,3.176350019650224,462.0,22.181776733196973,1.1002341627976666,573571.2160141078,833.2566727736205,0.9325,0.9325,0.845,0.745,3.1700761871415954,-0.03362798423724048,6.664569305751332,3.1698978202709207,0.9538151513703589,400,0.14291353777794089,1.0726814095942736
5,2.1697585633419365,504.0,25.073199857465795,0.3424030039845744,674064.193384479,281.11770270004695,0.9525,0.9525,0.8625,0.7625,6.162080664294538,-0.15904734752948899,17.27522776148808,6.160027764102728,0.8737413822753481,400,0.24576363205830376,1.430820128183103
6,14.674459782736099,476.0,53.31853139060913,8.915305973575526,34328.450350803636,1651.822404136778,0.94,0.94,0.86,0.79,1.0310372909708696,-0.050203784633270555,2.3484494372141236,1.02981429169586,0.9989831302342158,400,0.01933731601528064,1.163499572725312
6,19.302695362852184,588.0,69.92862741873837,10.97977471464003,8400.835745968912,1006.3630344569216,0.8925,0.8925,0.8,0.715,1.3957186250488673,-0.083187647638605,2.492433223955937,1.3932373435953602,0.9993417107950762,400,0.019959188054574407,0.9127300598888329
3,17.692119875542755,148.0,50.85691627439577,8.163313297265706,20009.072598365026,1154.7286585491395,0.9375,0.9375,0.6475,0.435,1.110046848717694,0.035487781933215015,7.520613915990921,1.1094794381517592,0.9998637098011367,400,0.021826861124030712,3.458421836743451
6,18.628023319168335,332.0,16.517582938212193,41.50255330527157,35689.6775764621,7840.542771390427,0.9275,0.9275,0.795,0.7175,0.5151120597487279,0.0390827794221703,1.040894416891783,0.5136272680175916,0.9979834604097704,400,0.03118568023394359,1.033957138016744
3,16.166452766530035,155.0,49.312551090748215,3.640190067354207,20302.139792753103,518.6745839216384,0.915,0.915,0.625,0.4625,1.4886426411493678,0.04874321637076276,9.03385267765238,1.4878444179100174,0.9997880294667006,400,0.030187905679628483,3.0978430631078715
6,32.44489024276324,236.0,43.5666209547636,91.52530045543541,8471.53241774889,8424.073584746882,0.965,0.965,0.8775,0.8125,0.2561535320440378,-0.020620409833992888,0.6942078651460009,0.2553222095253644,0.9998680295232159,400,0.005879582268039767,1.387218475656322
6,2.5492721960752514,268.0,52.8782715555858,0.9143115952074553,623512.6781037647,721.966209827651,0.9625,0.9625,0.91,0.8575,3.228154702981453,-0.20162571623445846,8.931092514783291,3.2218519297035075,0.9852875783341286,400,0.061048793918840695,1.4143045533754874
3,3.487384969598363,175.0,28.84846931095605,0.7957734001464569,310718.37205059046,443.5809478193324,0.9725,0.9725,0.81,0.685,3.2362269312981327,-0.045075976886079595,45.265045574625006,3.235912994375327,0.985450051871261,400,0.11218019564279207,7.136907280141496
6,14.318575217819497,380.0,66.9250422091455,3.818336469070082,14112.413935541783,453.6018829188047,0.985,0.985,0.93,0.8925,1.5634518816063478,0.009583525173831368,5.017447181761282,1.5634225091585678,0.9970008691552606,400,0.023361238633521512,1.6373833794222428
6,13.641314563037906,380.0,59.15201471920428,16.918899512852995,44327.9515844615,3562.1396572508893,0.9175,0.9175,0.7525,0.645,0.8912342203387265,0.0527836700945015,1.3650834133946734,0.8896697812526468,0.999718989657792,400,0.01506684471474779,0.782842290430919
4,4.016917652875456,100.0,38.36261041138037,0.26343075006075733,204320.61296247094,119.07554004113234,0.94,0.94,0.7925,0.6675,4.275641345721617,0.15303428477099457,14.49247080412971,4.272901756994746,0.9849711865591636,400,0.11145334740967565,1.7304675318370835
6,10.43468799263626,480.0,27.205272588887215,3.387090898445096,46260.661417367905,728.5053924089575,0.945,0.945,0.8825,0.82,1.7741545937719436,-0.12045221709521638,4.482057373159622,1.7700609554472797,0.9861426121890406,400,0.06521363048193271,1.2919125518589387
6,4.267561908096642,370.0,61.52842836687554,0.3173408899003689,352758.5723969461,188.47980485277918,0.96,0.96,0.8775,0.825,5.9249570561848754,-0.16736291106004203,15.105392308597327,5.922592825244401,0.970041629904167,400,0.09629625221135402,1.3012599444046387
6,4.712135591459081,276.0,55.47486026775222,11.261071880677088,242444.9921526732,5544.8057932938045,0.9525,0.9525,0.8625,0.785,0.920686141610354,-0.07718702325945774,2.1790578891324572,0.9174448946905229,0.9991899451862098,400,0.016596457154945784,1.2118049112085787
6,2.6222444089959254,438.0,22.38962933583588,0.3330909311162749,1174490.8984901118,360.98373684978395,0.9325,0.9325,0.8375,0.755,6.278715007806242,-0.21402321002738822,13.97965363356558,6.275066231907111,0.8317836998847824,400,0.2804296093351041,1.1366376194388332
3,5.877888389053515,216.0,66.50342754953182,45.923881245850694,77361.6807115513,12773.253561498019,0.945,0.945,0.6675,0.5175,0.4753374806623148,-0.013388114506482439,3.9067808134497675,0.4751489018322128,0.9999786414964107,400,0.007147563639607642,4.195012362188048
6,20.987826150746105,360.0,55.15946690975736,6.241957410725436,8716.790364486105,582.7725696052431,0.97,0.97,0.9,0.84,1.2400513651347231,-0.002161707296426041,3.4389103802907623,1.240049480945843,0.9979936510618628,400,0.022481206483802436,1.4149000820958957
4,5.1106722195408905,160.0,22.407708437813753,4.3593355019138516,127094.77872291731,1554.1185671569424,0.97,0.97,0.825,0.7275,1.2286017801639826,-0.03436489004908187,4.812861046383209,1.2281210805755358,0.9950666976849909,400,0.05482942548871603,1.999429363304123
6,5.071812016660382,385.0,43.61672652788252,0.548522163064507,187581.951285727,237.56896441642286,0.96,0.96,0.8775,0.7925,4.453182050383624,0.5294971483518983,11.263573052766278,4.4215905671767155,0.9670973741510771,400,0.10209803451290353,1.2996954055287682
4,7.661257706725483,116.0,52.35416491401751,8.604308270676487,74972.55633919558,2355.9557071321296,0.9725,0.9725,0.8925,0.8125,0.7343222013560855,0.06369134443306747,3.675220131796671,0.7315548564863442,0.9994705714332432,400,0.014026051271414229,2.5631875662029193
6,8.83464188968945,285.0,31.50783325519196,11.959471610475337,54826.87122537705,2800.3268447272417,0.9625,0.9625,0.895,0.8375,0.8007567404648195,-0.0068039986861795935,2.155564270534279,0.8007278332877661,0.9975618528004102,400,0.025414528951554237,1.373472537519328
4,2.803127156599629,260.0,32.42050293715691,4.282731097992241,803163.8610489446,3838.1583327304984,0.935,0.935,0.7575,0.595,1.634467458842498,-0.10703510214077898,4.824326086936729,1.6309590310381088,0.9975454669620316,400,0.05041462379564897,1.509167804856094
4,17.22698494410843,156.0,37.26575505326779,5.38007253073199,12329.363748856633,597.3907083065027,0.9525,0.9525,0.7575,0.6225,1.2136840420503316,0.05887921771623581,3.5728542671989167,1.2122550027319974,0.9990185765140083,400,0.03256834700693674,1.50371400909494
6,9.036159875837388,444.0,23.11448325562634,2.3275558488387924,78756.96367813507,653.1976185729499,0.92,0.92,0.835,0.775,1.9866118633032455,-0.0014752169765233792,4.576008032696033,1.9866113155703269,0.9797275609561849,400,0.08594662668133325,1.1752162879405856
4,7.979386704524265,330.0,61.991143800060485,1.8476240989490653,51847.61971420427,420.7053450270938,0.965,0.965,0.8525,0.76,2.4020363892533214,0.0483375068935222,10.420879240717767,2.4015499788104457,0.9969310707889538,400,0.03874805725476835,2.2138931813731118
4,3.6878979479004457,294.0,38.65960861471809,1.4025035570807314,307789.8742191163,778.0923321093603,0.94,0.94,0.835,0.6975,2.7805413029054193,-0.019922450885997645,10.492803676300774,2.7804699302660443,0.9921058496958087,400,0.07192367958548966,1.925383621360194
4,2.832988876385098,266.0,66.20180846170858,0.37020377471529115,441677.4899866633,246.03306428410593,0.9725,0.9725,0.88,0.7675,4.243354699940905,-0.15340417117432859,17.89337847071667,4.240580888248318,0.992083439818696,400,0.06409726257546695,2.152835889832199
5,48.17487475185057,231.0,28.84253834810412,150.49618351689307,3060.1281398087776,8325.211834310392,0.9375,0.9375,0.79,0.6575,0.22163097927464243,0.016706478075198622,0.4518912585650777,0.2210004175664831,0.9999274512257241,400,0.007684170394427531,1.0432413074724682
4,3.2023807308777013,162.0,14.287959304151592,0.5856335523351872,550102.1323676747,434.35778994617306,0.9425,0.9425,0.8125,0.71,2.992901345278909,0.021775443540517758,10.136167124147335,2.9928221284651912,0.9453284909166979,400,0.20947017566107387,1.7279723340935027
4,2.4038447850871156,270.0,67.08501380358649,0.07811354420773507,662872.3420149803,63.59768284980762,0.935,0.935,0.775,0.6675,11.315522691170761,-0.8955948281984931,38.19241228904656,11.28002498570391,0.9649970500866875,400,0.16867437374762545,1.7274717619832176
5,5.372135276379551,335.0,23.896266739258735,17.86706294253084,112549.38173311483,5994.110215288907,0.98,0.98,0.9225,0.8675,0.7521484390756626,-0.05549360902038204,2.6627690868988063,0.7500984827086699,0.996344064610267,400,0.03147556257563747,1.811169716908589
6,2.0394813880330283,372.0,61.16175881108925,4.583735411692085,1851106.5267893309,6236.418437314111,0.945,0.945,0.8775,0.8125,1.2854132896149288,-0.0021113298038293138,3.1548154637258934,1.2854115556525594,0.9986276559743632,400,0.021016617484549353,1.2522057385532241
3,3.4218930834199393,155.0,55.26584820679098,0.12886070915975173,230526.14864300442,61.8700709998819,0.975,0.975,0.7275,0.55,8.448386277858528,0.07636802445942888,74.11479422110202,8.448041111686688,0.9899004280138933,400,0.1528681193174993,4.4760282319957545
3,18.85367781366804,132.0,35.109485477541874,52.759297838243356,9571.989303842365,5161.787354108594,0.9525,0.9525,0.67,0.5125,0.34935152897990407,0.0066410701837695645,2.759466156090327,0.3492884008772851,0.9999617614780298,400,0.009950346016986498,4.030740478150274
3,3.5499325516942086,186.0,65.06780826895454,0.1959526558669334,189674.51909004926,85.34059174881392,0.9725,0.9725,0.825,0.71,5.24036258759135,0.2198733086318113,85.13774942952564,5.235747871849676,0.9896342577563233,400,0.08053694641028283,8.296355806876639
4,4.8372606649410645,168.0,47.32628407747065,0.11350463080809398,191700.9157427673,49.69648519457934,0.915,0.915,0.7175,0.6175,8.921687331721891,0.08438618644281187,23.90037170454722,8.921288237499365,0.9728122598613109,400,0.18851442714406977,1.3668504897018723
3,39.602659424191486,288.0,24.336989215110037,6191.40568799926,1888.4475436435735,269055.40732524084,0.95,0.95,0.72,0.5775,0.047202553262394066,0.00155331358102889,0.43213317788660555,0.04717698857926542,0.9999980407294161,400,0.0019395395562359682,4.673382464762409
5,5.624313382346523,210.0,53.15994554917955,1.2614129451625071,126544.32183965993,448.7232938679987,0.985,0.985,0.935,0.86,2.3600819928953407,0.036140050247731745,7.257489385093381,2.359805269499357,0.994510753751434,400,0.044395869267999384,1.569112822375323
5,11.0658179903084,264.0,23.30152181054067,67.0791425945982,36865.473791081386,12879.452825176317,0.95,0.95,0.865,0.8025,0.3946218245041355,0.014730673071995026,1.2812975931852826,0.3943467910935992,0.9990993779345384,400,0.016935452873538263,1.6577369883404551
3,3.4673182051897626,148.0,67.50589378295774,0.7777963934080095,425705.33597811515,507.48180039516507,0.965,0.965,0.7175,0.5675,3.663366189024602,0.07733759901696527,31.597182510181923,3.66254975811482,0.9986387969074735,400,0.05426735331885111,4.401581561880123
3,2.1531924601064887,329.0,31.687444628197614,0.6666032483813472,607363.2682676859,519.5073392493186,0.95,0.95,0.7375,0.5975,4.290410449613707,0.4392059472543366,44.651233850303925,4.267870659011459,0.9881001386760337,400,0.13539780502829854,5.337847273383825
5,30.481868345779066,260.0,27.22725923845385,310.66348096240614,6071.714670247323,24207.27374612034,0.9275,0.9275,0.795,0.7075,0.17091880143061727,0.0008949302090848744,0.4052580835820145,0.17091645848893441,0.9999347171743328,400,0.006277488304413089,1.2097391332945102
4,10.211819127791955,240.0,35.94135064258216,8.121770120853641,55660.06250316859,1916.1192671953409,0.945,0.945,0.815,0.69,1.1088585539129092,-0.06531256848747301,3.9003486323408887,1.1069334040417234,0.9987132728706404,400,0.030851888815752217,1.7977357849575293
4,24.7053508848537,224.0,19.435736457168353,846.2492675237253,7157.085823765441,71592.31704109888,0.925,0.925,0.7175,0.6125,0.14132614018524264,0.0020881684633010165,0.4047136921282299,0.14131071244646576,0.9999525588581555,400,0.00727145794020675,1.4612238098698238
3,6.841660400041924,105.0,16.306399380063915,0.6372567900371833,114801.54297788165,215.91774416608308,0.965,0.965,0.6975,0.51,3.048515353585904,-0.12219775790802259,26.09772993613479,3.0460652601366314,0.9833269767371717,400,0.18695208442600741,4.371268242022299
4,39.46397091143101,357.0,18.555985096165973,666.7030385128909,2304.5874478388605,32005.825310051212,0.95,0.95,0.855,0.7625,0.12650961619156914,0.008797307093277489,0.5632181811897301,0.12620336911843796,0.9999006221721438,400,0.00681772568451289,2.276929822872197
5,12.345357778540663,132.0,57.70774970996121,10.742775290097454,20747.78180270499,1547.399055959772,0.945,0.945,0.86,0.765,0.6226922189527254,-0.012982349721165853,1.8359999632988688,0.6225568714101438,0.9996957800084252,400,0.010790443607355557,1.504657193857167
6,3.383184260380226,567.0,63.05486278596126,2.240264046634293,474199.32541907305,1542.6935899258367,0.96,0.96,0.885,0.8175,2.288599430604155,-0.06283901138480964,5.848926632462268,2.287736569714669,0.9954597418313212,400,0.03629536770816186,1.3044099047751667
5,3.916248703286721,280.0,69.38362310092018,5.976088417396392,195009.6312252818,2639.034360656572,0.9875,0.9875,0.915,0.875,0.981643476350528,0.02447174610691018,4.028393584363567,0.9813383964280764,0.9990106313870513,400,0.014148057314947412,2.094387478005627
4,32.80148443361973,357.0,62.94910684063789,28.109921114341812,4889.316502891434,1965.548219912684,0.93,0.93,0.7725,0.62,0.7293256636244261,0.06541778809592945,2.0180470559796775,0.7263858730880203,0.9998878388446013,400,0.011585957295165263,1.4174502603010097
6,10.899593714697396,252.0,56.03022358591201,1.0907294407501897,53331.183209599054,251.88809692693707,0.965,0.965,0.8975,0.7975,3.201761890568754,0.027105786163437742,7.864063934573931,3.201647151116885,0.9898302277838182,400,0.05714347874517122,1.2531916629976196
5,5.834317800014915,414.0,16.063261189200507,115.95370705914861,130121.21578030982,41827.19045612006,0.985,0.985,0.8975,0.8375,0.30186419066394815,-0.023599522471037488,1.0841913090794637,0.3009402800296754,0.9986320108047164,400,0.018792210816250345,1.8381016695686112
3,3.1172713284914586,140.0,50.803361104548515,0.4345363369124444,342131.27456673153,254.16894521727676,0.9675,0.9675,0.61,0.4525,4.947699921535309,0.07995891123836117,33.527179131748426,4.947053778368906,0.9973325125647405,400,0.09738922413722607,3.4577557481671612
6,13.700390738575672,354.0,25.351991031399024,19.74984288704506,21982.52629613773,2928.211526036055,0.9575,0.9575,0.8775,0.8025,0.7413685861311807,-0.029048362883493245,1.7443437504945631,0.7407992799105131,0.9975315595844625,400,0.029243012322502746,1.2013663152861633
3,30.87094020848294,156.0,32.84855094312401,65.15266918916005,5797.694904500722,4960.893359356594,0.9025,0.9025,0.565,0.3675,0.37176664219949324,0.020778469909062666,1.8450244361064385,0.37118552159334584,0.9999802876390647,400,0.01131759640914428,2.5360337169744938
5,6.583820495197294,305.0,38.14516995382202,9.621296367191665,114759.33366190102,3259.3245021508724,0.95,0.95,0.88,0.79,1.0595999906022575,0.09574485054011053,2.984926439633757,1.0552653996409416,0.9982487470884516,400,0.027778090696279335,1.4431645853190547
3,25.591605205162313,220.0,23.935795949595573,45.64399957555773,7435.362115129958,3935.815709046574,0.9425,0.9425,0.72,0.5425,0.4391264989743018,-0.01756517052525562,3.73221054336918,0.4387750527159061,0.999847735750176,400,0.01834601614665425,4.339784226457113
5,3.0018822030219967,324.0,14.312765951036019,2.0440836743135886,474055.5796010479,1407.3862409061285,0.95,0.95,0.85,0.75,2.0765123168459487,0.010346409094429694,5.415239910898822,2.076486540729744,0.9588780977754124,400,0.14508113413925014,1.330554015818306
6,35.92877776828537,385.0,52.819910036786546,10.406699132519938,5024.869405132948,737.6925345296554,0.925,0.925,0.845,0.7575,0.9481762023098121,0.037267098948867136,1.91123472650753,0.9474435465834325,0.9993000807913381,400,0.017951113541266023,1.0292114627183642
6,8.536801175962596,328.0,23.505933228796685,99.78186279884117,44481.714231610364,21044.681883989255,0.965,0.965,0.8975,0.8425,0.35732736567012713,-0.003161161808611013,0.9708034323084851,0.35731338249885425,0.9991032443708736,400,0.01520158175351115,1.3862001757752982
5,50.40799042122981,176.0,55.09190438585974,0.37317794700599166,1849.2306719279256,16.04765263976787,0.9625,0.9625,0.845,0.445,13.593079292837297,7.168609290191109,10.42539375150681,11.549149124760136,0.9876264798958933,400,0.24673460546276174,0.46056020120502195
5,20.994590122424327,284.0,61.6101512813915,64.16035283242209,11569.726395707947,6901.258387026194,0.9375,0.9375,0.87,0.7825,0.4352012114961985,0.032086129530641314,1.2054229152465357,0.43401679089581524,0.999886421090447,400,0.007063790665088742,1.4170228073041218
6,10.401627509407206,236.0,18.4247518146165,11.383000856037969,74522.5623907132,3107.4250196048356,0.9475,0.9475,0.885,0.8025,0.8479306068587129,0.042305329708341805,2.024637917435994,0.8468745911444349,0.9937401563456028,400,0.046021276996851754,1.2197538338092655
6,27.15127317634226,232.0,13.815036843103341,150.60356073566334,7498.017574301646,13040.927096732228,0.96,0.96,0.88,0.8175,0.2176798891419883,0.0015510816932551208,0.5605164251082493,0.2176743629425596,0.9991514436260132,400,0.015756736056093627,1.3137870902502036
3,6.460290530112726,175.0,66.8064244486973,10.664182057057149,76729.5133463308,2953.9883114109625,0.9475,0.9475,0.6975,0.5525,0.9835170415328719,0.0054251259995727,8.790613382118927,0.9835020787946823,0.9998945240168118,400,0.01472189313601336,4.5602413297470985
5,2.936574382557289,413.0,29.596504612883734,0.5758506104208203,487661.3076178457,402.132321420178,0.9725,0.9725,0.8875,0.815,4.320036216774693,-0.23572529111106552,13.02695819920223,4.31360017866464,0.9461636699082371,400,0.1459644060432098,1.5408028025788105
6,18.59003134332624,402.0,22.298583289308525,27.127454117750347,18915.21987005385,3730.9096716769386,0.9475,0.9475,0.8475,0.7775,0.6127331198304662,0.047727141470862725,1.3779602655657315,0.6108715053955264,0.9980132933824126,400,0.02747856722019881,1.1508818885962713
5,9.339297562617165,234.0,13.781514340050405,18.03951007722563,67717.2286561019,4694.337680643752,0.9525,0.9525,0.8775,0.785,0.5782201379166304,0.02487555397993537,1.7032563687516662,0.5776848056739232,0.9954966635733264,400,0.0419562120424072,1.5042949768951115
4,21.00473047614503,225.0,67.38527883145233,505.1126079227205,8054.620970159073,45332.61408003083,0.9525,0.9525,0.8,0.66,0.15270364880915702,0.011173025205154197,0.4727841603616285,0.1522943461438912,0.9999946873714736,400,0.002266127727854441,1.583882885053808
3,7.269914016553578,189.0,60.34018342243967,21.267465518315117,95127.35471639747,6559.465427591326,0.9575,0.9575,0.7575,0.6425,0.5270835847744123,-0.018555538312769997,6.050993204762398,0.5267568673843449,0.9999379388756331,400,0.00873520024101215,5.860847047578474
4,37.85060464583219,252.0,52.550178926013515,78.93977699023199,4877.219763367062,5512.924662743681,0.8925,0.8925,0.665,0.52,0.361965858143837,0.013482037769721521,0.8121843590047676,0.36171469021782926,0.9999740569258302,400,0.006888004294970266,1.1455984128067556
4,10.98050106570453,413.0,61.69281022473591,39.59712041179773,38193.79354848805,7738.557294599116,0.9325,0.9325,0.7625,0.6675,0.6073039885705186,0.0007342698057545327,1.822401035697578,0.6073035446805106,0.9999065496765847,400,0.009843999428105455,1.5310242380910597
6,2.2212688472800437,435.0,18.27045485416185,11.581914164562535,770898.9558549131,10169.019279159498,0.965,0.965,0.8775,0.8325,1.0198122603100253,-0.007238407801565403,2.7140035979565034,1.0197865716566097,0.9886371827000572,400,0.05581756275091974,1.3578289337480893
3,23.25930749467447,322.0,24.29580405140067,259.4799165826673,8779.14207006138,24312.50949098501,0.9725,0.9725,0.64,0.5125,0.242592769754849,-0.007640342020718016,1.792593402236811,0.24247242546552716,0.9999661427214281,400,0.009984965685499236,3.771927751260996
3,26.761251666919907,164.0,46.66770436274749,391.91115968321947,4164.670074382739,25291.6947344938,0.9575,0.9575,0.7525,0.56,0.15234133339120015,0.017391838110296334,1.4780965894170772,0.15134531980393065,0.999993799804051,400,0.003264384556117285,4.982849247964064
6,29.47301301912922,434.0,39.93154359395132,329.59393228732586,7877.790217049188,29253.741109222632,0.91,0.91,0.8125,0.745,0.17449799669720598,0.012853245835108442,0.34279369443128804,0.17402397801119354,0.9999616033118227,400,0.004369928657695023,1.005003701533188
4,24.93576783527522,156.0,27.722763558294588,60.56196807275158,7280.737188596102,5167.585337114613,0.9575,0.9575,0.8425,0.7375,0.3839229232429371,-0.016659757239664195,1.4696692499608548,0.3835612903827987,0.9997042605790446,400,0.013848652658153491,1.9549189889096668
6,15.009705917234017,234.0,60.557800914437166,96.43708987236515,24867.400605811523,15207.551358422972,0.9475,0.9475,0.8675,0.8075,0.23447653122233555,0.017135466808887702,0.5767892354551616,0.23384956589932002,0.9999529594303773,400,0.003871945937297661,1.258416799018982
4,3.1981455771378062,294.0,64.5260556945218,0.0788855948989453,597528.151779577,60.978521575597185,0.93,0.93,0.7825,0.6425,10.856754585277907,-0.6104430445306472,33.2024892716117,10.83957930061573,0.970703509978858,400,0.1682538079915465,1.5627954809812963
3,22.310320918638094,301.0,22.458769226894187,877.0544039881561,7185.105527385009,74343.51811842769,0.935,0.935,0.6925,0.52,0.1232373300647804,-0.0027057873423758493,1.0208236293988047,0.12320762247666929,0.9999871438767411,400,0.0054872699754715286,4.227241560845421
6,17.474241300849318,469.0,35.800572971588394,86.7608082905044,24228.38066641128,13504.726202301641,0.955,0.955,0.835,0.75,0.3133396687765498,0.025980354023595494,0.6637818059277287,0.31226073918090724,0.9998214690653966,400,0.008752364634644773,1.0845557708797224
5,29.655857558396526,188.0,43.621002159417166,11.573763682024337,5676.546350077176,872.0004411834466,0.93,0.93,0.82,0.7225,1.0170455880555327,0.06042844365016526,2.381043543894589,1.015248802698749,0.9991061556059295,400,0.02331550257233067,1.1965718466358684
5,29.14361974814986,390.0,43.066288342482,384.1698472163311,8489.370592771662,35396.55705192007,0.8175,0.8175,0.595,0.465,0.24162026399068853,0.0057451949191029425,0.3289263893225437,0.24155195032595275,0.9999827987655712,400,0.005610426932296053,0.6947556671043037
6,36.33032403447025,483.0,66.97505933258084,381.0348504369175,4825.966053530134,26470.176098230055,0.89,0.89,0.775,0.665,0.2271774488599352,0.003574562791691953,0.3681055017806083,0.2271493248313909,0.9999843399376396,400,0.003391970848907064,0.8268082223854708
4,12.995682717538353,90.0,68.3123201485793,0.7696155597467588,28963.345082467793,130.97795302795723,0.9475,0.9475,0.78,0.6575,2.2964860021712115,0.1643049894901526,7.3754126122663735,2.290600757137078,0.9987463984834994,400,0.03361744992962257,1.64278546000588
5,26.966391805475595,448.0,14.621393242303075,177.5680777473499,4244.94073561448,11569.130207409957,0.965,0.965,0.9,0.835,0.25001379431684906,-0.008631622077830964,0.7534854834494548,0.24986474831198818,0.9992125082091107,400,0.017099177224336,1.5385578466108907
3,5.860782713554359,189.0,13.908936092296521,9.10616324260247,182988.61479420826,3895.358797434007,0.91,0.91,0.545,0.3725,0.7911658982141477,0.048463289045103754,3.5559456794351694,0.789680180903592,0.9996180753737414,400,0.05688184149845478,2.2974592038461132
3,32.9882091975465,280.0,32.40981670902259,345.55324145420184,2545.45276459006,17434.018093946812,0.9625,0.9625,0.7925,0.6375,0.16572028149247875,0.0020380750289570758,2.135728105220022,0.16570774860616125,0.9999732340859385,400,0.00511327425823867,6.5757769670181405
5,37.084039070330014,518.0,23.004310239016796,1748.7698489822576,3457.9358307377324,102835.04010280198,0.93,0.93,0.8125,0.7,0.09479103821341965,-0.002157578728509293,0.2124559684195793,0.09476648025334838,0.9999747246423161,400,0.004120577284366819,1.1438211271021375
6,6.7223584308513935,365.0,34.61795257980678,0.937887786977654,181684.84993633535,399.7700346709033,0.9625,0.9625,0.8975,0.85,3.1268985444177337,-0.13429690588289783,8.415415524558505,3.1240132599193657,0.9702633242386893,400,0.09032592373015454,1.3743793614292676
5,37.493199890184506,275.0,29.936585649745425,201.53442096027052,3414.1547104637716,11775.811101021602,0.94,0.94,0.8275,0.7425,0.2338716064760019,-0.003922633174877977,0.6101131933496633,0.23383870779800597,0.999878156519111,400,0.007812233806896769,1.3311835514153687
6,11.691598336185557,325.0,35.91485752823811,6.215443069361329,73086.3392902521,1680.3130400037096,0.9475,0.9475,0.88,0.8425,1.0616183357308833,-0.06204270284828414,2.8969994123816494,1.0598038468430324,0.9966082467841881,400,0.029559308007728675,1.3946551799065425
5,5.842848210529307,316.0,24.937181938372962,1.7829775157003507,144329.30895143535,677.3655928350514,0.9575,0.9575,0.8675,0.7625,2.750879897640255,-0.02335764937278544,7.356413658446365,2.7507807312574073,0.9746181223090201,400,0.11031238030177107,1.364438914402995
4,2.858867222864154,192.0,60.32737616591046,0.032380868870049574,963866.7014716857,31.790472762140908,0.9275,0.9275,0.7375,0.6125,12.812010356372534,0.08386134831968427,36.2108078950949,12.811735895110196,0.9635287796719694,400,0.2123747321802517,1.4420295687132108
6,31.481652530380856,539.0,19.095413799608373,638.3540409682341,3729.9431836035333,38986.362820821814,0.9275,0.9275,0.865,0.7925,0.13448971700256948,0.005500015763939059,0.3128232636453806,0.1343772071670923,0.9998607403496462,400,0.007043037580328724,1.1877290003732577
5,6.3133866601086,200.0,38.58233124052132,0.5281138207480287,159503.38346905942,210.91743594705156,0.9275,0.9275,0.7975,0.685,3.366757192429656,0.13096433345560066,7.630489204701603,3.36420902087539,0.9881248654019725,400,0.0872616320522825,1.157213096135044
6,6.69101258348596,679.0,68.67464327147266,110.38199228762961,82799.60891108817,31762.331281417013,0.935,0.935,0.865,0.81,0.3553369803832133,0.008895193397170082,0.8665824999610894,0.3552256257117257,0.9999170875740385,400,0.005174209336312924,1.2446566253932894
6,54.151882392041955,276.0,46.35720208539264,785.8173613780868,1787.315314050454,33221.7272128869,0.8875,0.8875,0.74,0.6375,0.1963137970496509,0.011508556816949494,0.2808560022937302,0.1959761721027395,0.9999809378717185,400,0.004234806852407303,0.7311801081927953
6,8.098898980998799,450.0,23.628429179873017,8.469838182860668,108036.24138075621,2783.9398422106306,0.9275,0.9275,0.82,0.745,1.2852884800605808,-0.07808455733695502,2.550610471796868,1.2829143692709697,0.9939347029179777,400,0.05439584960456894,1.014355988627086
5,14.272294612097344,248.0,50.90662566281622,2.507120683381194,34283.41461463994,464.2129752127866,0.9575,0.9575,0.87,0.79,2.1542839934549103,0.03803294562549466,5.627942089497889,2.15394823974558,0.9963344217136351,400,0.04231834197229981,1.3330863631120442
4,2.6431531090479656,84.0,15.964245458117237,0.11614492676593735,704227.321622735,97.46679369522401,0.96,0.96,0.8025,0.6675,6.107684255359773,0.3691612475328489,20.28924459642147,6.096517607330405,0.8370146782207648,400,0.38258521339975005,1.6979620289935249
6,8.27439860019439,444.0,65.59896153338096,5.117957014096686,66971.70349950544,1324.4705523123748,0.965,0.965,0.9125,0.86,1.3804623189732093,0.08269226688793402,3.7992515872284054,1.3779833827379144,0.9982905839318315,400,0.021043966043132276,1.4066887099188925
4,2.0718624818573232,300.0,40.848544857786685,3.205641222293594,897800.6130277739,3037.4201031263033,0.9575,0.9575,0.84,0.7025,1.849553931895525,-0.009912663877882739,6.911716062350451,1.8495273682984634,0.9970040558270863,400,0.04527833092548845,1.9066415596441753
5,4.429645880677597,240.0,27.18233521128546,24.84154027644127,291490.4052115029,13411.910675932857,0.955,0.955,0.8475,0.7575,0.6648450802956773,0.022205890954423203,1.7955406092199175,0.6644741373449277,0.9987089407807574,400,0.024458718323054508,1.3786723908046403
6,2.0159873227595195,707.0,45.04440387098037,4.223698046540563,1326623.0920529782,4864.818468152354,0.95,0.95,0.88,0.8175,1.8558766410932226,0.07919121230128141,4.7899956577143765,1.854186306402276,0.993997061369986,400,0.0412010478906318,1.3180311639289752
5,22.98222058394914,234.0,46.471642508385266,15.358095711877688,13732.234023324605,1799.7325351358702,0.89,0.89,0.6975,0.595,0.7306603579872891,-0.0016167430421450569,1.4220693288401205,0.7306585692894111,0.9997243761350596,400,0.015722714295184424,0.9930022125716712
3,31.24825514733018,148.0,52.51243050855353,11.243405372711889,2821.331183064389,597.2070193262628,0.95,0.95,0.67,0.4975,1.1676218803954832,0.0318879380246517,9.219624487781218,1.1671863668612739,0.9998136920359788,400,0.02223515211708386,4.030110510488354
5,8.35129833502056,210.0,22.130673776959217,13.012502145804982,49651.720457392476,2899.532392870239,0.9725,0.9725,0.8925,0.7975,0.7793511299609401,-0.01217973567250028,2.405352163358933,0.7792559514115642,0.9966526639543758,400,0.035215879001946226,1.5748618785479163
3,10.205584525544898,230.0,43.3818338950225,7.223684422568174,30973.316455357046,1271.3133859300897,0.96,0.96,0.73,0.56,1.3350242687828697,0.01951035161221677,12.768066621953785,1.3348816967878478,0.9994696521949054,400,0.030773808963757206,4.8800726841592015
6,3.5273992534845107,430.0,49.696164958216386,14.617635375190035,470633.4462747271,10028.096821534078,0.98,0.98,0.9375,0.8975,0.8737842478984805,0.03989873933292383,2.7796267887666684,0.8728728443909551,0.9983682302045713,400,0.01758252872496584,1.6247233971790567
4,6.858518240637494,280.0,47.64063538035001,7.484593929614297,85726.87362690808,2191.4256261151245,0.945,0.945,0.825,0.7175,1.237416969995935,-0.008400877421534468,4.862047613666148,1.2373884527069376,0.9988988652556121,400,0.02597398124766244,2.0047354831525017
4,4.225564066258428,384.0,13.837751537617944,0.6131698415866984,188670.88256994716,266.33805672076767,0.95,0.95,0.8175,0.7075,4.805060205183895,0.04528652387519663,16.57510975066333,4.804846793207583,0.8610887386760928,400,0.34724284448389847,1.7600329442871094
3,17.71441662373722,205.0,16.706631012517335,87.70308285827024,12760.036861219854,9906.969456346167,0.9425,0.9425,0.68,0.5175,0.33827287659155614,0.007029046877528011,2.9230696494047432,0.33819983964738914,0.9998112505152947,400,0.02024782113988795,4.4097066029887495
5,24.23174331635137,124.0,60.81365027805145,13.037065307682257,8978.907437825701,1235.3544623652724,0.9525,0.9525,0.8575,0.745,0.7496385417507025,-0.003491390877395304,1.9637419520519415,0.7496304112480102,0.9996974330993964,400,0.012326813771632094,1.3365375045846417
6,11.444473325636833,413.0,19.122709822952288,202.77342272662787,34239.39611320608,37520.971967238314,0.955,0.955,0.885,0.8075,0.20338386342059744,-0.0004385918081009255,0.5109702009976888,0.20338339051435372,0.9996313664774901,400,0.010635723979688446,1.2818110735708241
4,7.965732913387333,306.0,44.81796551870462,3.1730790521781924,64650.528730404796,806.8019375216754,0.9275,0.9275,0.765,0.665,1.9771128211040614,0.003897824221868902,6.069838366709808,1.97710897887304,0.9979726333453849,400,0.04411429207510369,1.5663558977467396
6,25.453876971019014,208.0,15.11212688522043,182.35096081683966,9640.61428120179,17904.426292422453,0.9225,0.9225,0.805,0.7125,0.2045587595746956,0.017092216256854684,0.39368674245241797,0.2038434258497611,0.9996473943790196,400,0.013536066837471623,0.9853669896223545
5,36.641456718132915,168.0,13.395171311490017,767.847542222704,4763.144057377245,52993.40884728041,0.94,0.94,0.87,0.7825,0.08207261875848507,0.0010016351247391952,0.24620128134365726,0.08206650642590146,0.9998998894971347,400,0.006127030170049814,1.5306231995892263
5,33.07506223307728,270.0,69.69050157036885,0.5357056314189881,4553.875407852684,36.1507060602438,0.92,0.92,0.77,0.605,8.952926697355267,2.3240746559148566,6.110988352286467,8.646014887909395,0.9977499508339223,400,0.12846695741334554,0.360611361484719
3,39.76148923467251,222.0,69.01587732872663,0.3265784926519499,1642.9673161243968,13.237380184179052,0.9475,0.9475,0.36,0.18,14.849598784486057,5.871305101006938,14.298778735142669,13.639587987585976,0.9997299006905231,400,0.21516206645836805,0.5348618506418055
6,13.016042757838703,679.0,22.476119252283695,1272.4187716638103,27673.944497803084,211673.0659431416,0.9425,0.9425,0.885,0.8275,0.10275096834425321,-0.001132048555992693,0.2766730032548212,0.10274473203891575,0.9999220899984849,400,0.00457156180704163,1.3738874269943906
6,37.129932748017076,308.0,22.46363787826133,891.3487006235317,3381.147414097064,51829.81857970048,0.965,0.965,0.9075,0.8525,0.11727931034268331,-0.006528826671836452,0.31149080539010554,0.1170974425713241,0.9999000815818733,400,0.005220851180840022,1.357193434897382
6,5.613536457587777,483.0,46.65273776301853,39.774017147325736,146209.1612643441,15208.512866186667,0.9725,0.9725,0.93,0.87,0.5234273912021556,0.04493146990977181,1.4561233361116723,0.5214953469326853,0.9994906724913692,400,0.01121965004199764,1.4245957779190443
3,22.623895207387527,224.0,38.31658990555336,8.69918374482798,7302.986437886096,743.4106033690761,0.9225,0.9225,0.545,0.3325,1.2112600366525466,-0.021138806500898718,5.603808846685277,1.2110755662844686,0.9998664090844095,400,0.03161189551675094,2.3607826182469855
6,13.701624734246854,539.0,38.65131143788093,2.2437580756948483,40276.89643088099,450.30215790080246,0.9325,0.9325,0.805,0.715,2.4570186205457714,0.1319458870135968,4.67983453467456,2.4534732084554824,0.9923832776898542,400,0.0635688293395842,0.9731798467281824
5,7.279432970422818,330.0,16.9887658507571,0.5381567778848556,87893.38512779714,159.5463635575565,0.9925,0.9925,0.935,0.8975,3.827400103778851,0.19008069167512326,14.37488750804689,3.8226771881835204,0.825503668125372,400,0.22529006152664607,1.9185837355784752
4,22.486396894924567,350.0,39.50110529041766,353.4167977199597,16092.618401097694,44833.283203634055,0.91,0.91,0.685,0.5425,0.17725921552556717,0.006628180720411585,0.4404528536598979,0.17713524976434541,0.9999864523863404,400,0.004487449508623432,1.2686398895927848
6,21.81090442261546,420.0,53.310875712730706,20.148064328678988,8522.778534198878,1860.0470526915076,0.98,0.98,0.935,0.895,0.677897289725922,0.0679043691323847,2.1003145380085195,0.6744877553154568,0.9992092273166093,400,0.012715928610492498,1.5887450017579139
5,8.271337909756717,312.0,50.19046189981258,108.58907465258225,79285.86111234795,30576.234885799407,0.92,0.92,0.82,0.74,0.27971352344264877,-0.012746828046297924,0.7550399153282072,0.2794229295735397,0.9999323972718895,400,0.005573041427691927,1.3786429309289707
3,2.186771112475684,192.0,41.394584359249265,0.2071322188188086,479228.7362338083,143.39007218873218,0.965,0.965,0.71,0.52,6.663863965027005,-0.5540531359809152,56.50948324027421,6.640791222956429,0.9889639295731458,400,0.16098395643240762,4.341556304386331
6,2.2268264758527785,354.0,57.971638278363535,1.5724650648831404,1600907.864291473,1989.592680905673,0.945,0.945,0.8475,0.7925,2.316380302523744,0.25167922693755185,5.1392477720724905,2.3026669912621123,0.9960473188272001,400,0.039957130267755,1.1387079416097965
6,7.2921778098999965,408.0,26.55848854539938,17.88574871905836,102171.78761123249,5717.0582992195405,0.9675,0.9675,0.9025,0.8475,0.7220183733661663,0.07018858170019213,2.0361663604126323,0.7185987019729719,0.9969439698503082,400,0.02718597378506461,1.445675291526901
6,2.095397060748734,540.0,32.30981743597523,7.557809623713993,1398742.5827323413,8938.504156090663,0.9625,0.9625,0.8875,0.805,1.3066184977434092,0.09807076132017314,3.430976868373464,1.3029328549159105,0.9943245830212478,400,0.0404402934288499,1.3435062256867674
4,14.988859252075192,342.0,21.270588228815022,66.49955253284494,16417.264380809607,8520.579227289814,0.97,0.97,0.85,0.7525,0.4323035742549391,-0.014677044193211258,1.7253540543501589,0.43205435385764385,0.9992827207878665,400,0.020324006539193983,2.0374350424459298
4,17.300367609916943,204.0,51.59624105135182,8.012394814131284,12670.22773895009,901.8920355137386,0.93,0.93,0.7625,0.6325,1.3329877120463052,-0.010691485454849143,4.0263957899746226,1.332944834794453,0.999343559477637,400,0.025834977217034708,1.5411617290451214
5,36.141484913680095,224.0,14.992666302388752,28.687399448519024,4666.953532356212,1959.7826973550164,0.92,0.92,0.79,0.68,0.5977450100004379,0.02285270912587246,1.3443957304551306,0.5973080031826393,0.9975989975518997,400,0.0398691598908728,1.1483458874700303
5,3.1259678967799394,335.0,54.82514763818817,2.3565510213187792,465267.57089467597,1607.4158214893994,0.965,0.965,0.88,0.7875,2.1669498837562458,0.034979059365438124,6.08337005504567,2.1666675481294115,0.9963787560441209,400,0.039524743244774556,1.4325041397540585
4,9.149511255785871,245.0,55.84711301305674,39.442800401310556,36024.99510691894,7486.342757052659,0.97,0.97,0.8475,0.7625,0.4284417449845144,0.007472693130038781,1.856296235575805,0.42837657230847714,0.9998791282288526,400,0.0076716901173449585,2.2108816805884945
3,10.378599175342877,222.0,62.134799316418224,1.6939386096035833,44981.74853047607,359.26576418017544,0.965,0.965,0.69,0.4725,2.6457352381197303,0.006751798267075362,19.08436358434622,2.6457266229617575,0.9994132095165563,400,0.04258057106849998,3.68024425183998
3,20.707327713484826,115.0,55.22218710089505,24.67208783856137,12302.560702471043,2736.5517216693866,0.9325,0.9325,0.6525,0.465,0.41474058836654765,0.019492828084123736,3.0343704400095217,0.41428225317036316,0.9999815702612773,400,0.007510397724899699,3.7369406288366656
6,2.1346804320787856,215.0,39.46476840540786,0.02871459187273858,1176096.725495564,31.140398675594515,0.915,0.915,0.82,0.735,14.100172530636721,0.11605931578691084,30.169493342870588,14.0996948771575,0.7674976675835272,400,0.3572850697054787,1.0916972869575232
5,9.674341347151412,335.0,57.34392483837248,63.45834454817638,64828.404740897466,16157.397362545807,0.9325,0.9325,0.825,0.74,0.47498578283014486,-0.006851983854295494,1.1940789738060338,0.474936358060768,0.9998709156047132,400,0.008283105562950612,1.282748637554546
6,22.85027537574571,700.0,63.11124895690998,1002.0666720140345,7000.020787638058,83839.03732617597,0.9375,0.9375,0.8675,0.8025,0.12002138548174979,0.007866716008224781,0.29154082700529016,0.11976329885321596,0.999988929190847,400,0.0019017431514260783,1.2419941778905337
4,5.152638580666867,246.0,29.316156826890584,0.4205999976125597,396372.8697152497,264.80197892449223,0.93,0.93,0.7425,0.58,4.205855201671553,0.1282428391932347,11.539086340211794,4.203899588670418,0.9833167802234453,400,0.14346543534020406,1.4004351971093685
4,18.921022060946754,189.0,24.863814046669155,7.925336411948555,11695.917031642111,857.1066121475635,0.9525,0.9525,0.855,0.745,0.8105928085356278,-0.05107630536437738,3.297053317235266,0.8089820222229921,0.9981016787998763,400,0.0326013059385882,2.0793664304078057
5,5.4837905725231195,343.0,22.220630360680037,65.55491348142638,138202.6978194745,24370.447782645897,0.9475,0.9475,0.8575,0.7725,0.3312186032073367,-0.02800930138637227,0.9222073034702034,0.3300321835010436,0.9994754916170392,400,0.014905904910485183,1.425660750265747
5,34.23891124337569,427.0,63.926633927617715,17.4333425710632,5345.936083751459,1274.6546812253289,0.89,0.89,0.715,0.605,0.9568984226892653,0.02789597158479454,1.7791502697257093,0.9564917177448763,0.9997688945195057,400,0.014968697143865478,0.9490199576343954
5,14.29679312445655,315.0,40.574796766149724,19.604710935719634,31672.694911271537,3489.015926416781,0.9325,0.9325,0.7975,0.7,0.7663871830169003,0.008057678794946828,1.7069195461185944,0.7663448232388715,0.9994875928381131,400,0.01888825685151116,1.1364039960074317
4,24.46025849837267,250.0,17.024756056481703,390.98228556801445,6020.026516375235,30335.858026485606,0.97,0.97,0.89,0.7925,0.16354685641262254,0.009985684388090759,0.7239672420830796,0.16324172367918816,0.999804668965915,400,0.00960641408722897,2.2627244650089033
6,7.4217322256088245,280.0,39.0638171531795,0.3828759155945948,96309.94451406544,118.82111261514835,0.9725,0.9725,0.9025,0.8625,5.14568857411357,0.01111015634536532,13.774792036859752,5.145676580022196,0.9392862861026754,400,0.13172518583977524,1.3657980659205164
6,33.373383494937656,474.0,26.818346216527765,197.71242962776253,4078.46846261553,12626.486747846124,0.9375,0.9375,0.86,0.7825,0.24568863515822797,0.01531561139233011,0.5671639403790234,0.2452108021551905,0.9997672545358269,400,0.00916121498225769,1.1800840533652288
5,5.8608059711437175,280.0,59.50145393785908,0.9511432126182466,170480.9937539901,392.72079409572996,0.9375,0.9375,0.8525,0.7775,2.519795467912011,-0.012724894835461313,7.292490669309633,2.5197633375302013,0.9956408125024929,400,0.04234846883814947,1.4765904596408224
4,16.52051609790499,225.0,36.16922971856205,123.00167148267579,11593.954710862306,13244.233013287423,0.9625,0.9625,0.84,0.7175,0.2858755716853832,-0.033918004720364256,1.0397073678419073,0.2838563218289034,0.9999108338392282,400,0.007903833559902212,1.868772692320814
4,5.8961836739351545,228.0,16.628441686350826,1.9240747439820451,133166.91911420773,702.1341799796813,0.9625,0.9625,0.78,0.675,2.168557071918741,-0.00867568148312324,7.178336967343937,2.1685397175794563,0.9806981622266728,400,0.1304125252878485,1.688886207793999
4,4.031774819156417,210.0,27.193014417968456,2.4330040347850277,263665.04648312845,1249.306815384269,0.95,0.95,0.7875,0.675,1.820682886036341,0.02927717165563749,5.94718415749343,1.8204474776069388,0.9949980033851606,400,0.06695406614550536,1.6667757069063565
3,21.8622899878413,180.0,43.12403709476217,36.49176743355799,7704.015173591259,3202.97436744835,0.97,0.97,0.72,0.5625,0.5070945848886603,-0.0029029365323956034,4.1813765783318875,0.5070862756798803,0.9999404647958313,400,0.011758977569153697,4.207085656672114
6,4.257128859779115,414.0,35.689538866441595,3.6744006499638204,346575.4112269392,2163.1437587113846,0.95,0.95,0.865,0.795,1.670664449155787,-0.08036176815973307,4.054712629142578,1.66873056180177,0.9932982758437134,400,0.046811040495866166,1.2397033892651603
4,7.50853745674913,294.0,68.73333536226653,0.508705327576525,103479.84548810082,163.6417712858401,0.9575,0.9575,0.805,0.6925,3.9979658564296776,0.10187767525911111,14.07616023336712,3.996667602948897,0.9954300015372235,400,0.05816632985083531,1.7969256186029066
3,2.296895856699326,246.0,42.69091448604626,0.22599557968890413,1141598.9120295977,241.4664058633657,0.94,0.94,0.6475,0.4725,7.0507465060284655,0.20245916958752552,53.83970455860204,7.047839142384178,0.9909770770974,400,0.16515801057232066,3.89754029068298
4,2.807177458109179,364.0,26.14482705132967,0.5268004505951907,853276.9914985106,486.62134561279095,0.93,0.93,0.72,0.57,4.351417319997783,-0.0940565604197218,10.52834860259222,4.35040067766392,0.9824983810780252,400,0.16643511588180418,1.234738321339734
3,14.018109347102548,174.0,22.13245960474329,14.387527085871017,12036.570254359094,1578.4743598264192,0.9475,0.9475,0.7475,0.57,0.7781357850306562,0.03082883433838033,7.637437433406938,0.7775248439237246,0.9992529039181768,400,0.03515812516670723,5.011610602786728
4,20.922963193111343,224.0,63.06996032225946,3.3960502127317396,8697.360375634078,316.71441885391744,0.9375,0.9375,0.78,0.6775,2.0458793347192494,-0.0006671459468455509,6.752836761390723,2.045879225943595,0.998776922090826,400,0.032438253080638,1.6840314103446303
6,17.226958215149367,360.0,24.24453313984134,5.863864089163073,16072.375770128381,743.4023585286488,0.9625,0.9625,0.8775,0.8425,1.3927547631660382,0.04651533461967081,3.7802816511846213,1.3919777850119979,0.9875143589898883,400,0.057446136625221585,1.3855933254989374
5,23.540767168886227,490.0,55.96450563350146,41.598411703318604,7097.265994133592,3504.469543224129,0.9475,0.9475,0.885,0.805,0.5640850686893254,-0.0014893467153033768,1.6185492896523728,0.5640831025341945,0.9997491743009842,400,0.010079336220414193,1.463951765607467
4,36.3350252027925,290.0,53.81915903386342,152.46963339962986,3560.195303652245,9097.462363207924,0.93,0.93,0.7275,0.585,0.3602676319715703,0.012779170249976914,0.894764484172567,0.3600409135836161,0.9999702117769528,400,0.006694040532013649,1.2679461547326576
6,4.7186618902540935,260.0,34.832535390924484,0.081687701230464,331785.5997111952,47.05279661420222,0.9625,0.9625,0.8925,0.845,8.824649624583946,0.09068586362795437,22.9057139580879,8.824183648973294,0.8109325714512545,400,0.25334502715766083,1.3243818600133317
4,26.343806229144192,306.0,28.954619864748196,33.533246896949926,5027.481770372626,2377.66606175837,0.9425,0.9425,0.7875,0.67,0.5931962896910979,0.006954109487935369,1.9674004826754308,0.5931555263710477,0.9995014065587775,400,0.020487103352142617,1.692264021559745
6,3.4981423642677996,426.0,28.489956564182478,0.30300565702766485,695535.1838373181,252.70293650977422,0.905,0.905,0.765,0.6725,6.073493018490144,-0.4568455040140954,11.941952047370565,6.0562867857384886,0.9142385277242795,400,0.21318014314299547,1.0060343726749286
6,14.980860692584637,345.0,67.09873163484032,37.60032736799018,24970.884809867573,5941.670880025107,0.965,0.965,0.89,0.825,0.5173243192229862,0.011133311736756753,1.2874428682289127,0.5172045056158138,0.9998089917251098,400,0.007709897141399479,1.2700171771650504
3,4.234878203442211,152.0,45.967613953368065,0.10200698371752145,359509.5868662524,61.16248805287626,0.945,0.945,0.63,0.435,10.463161558191699,-0.30505657274589143,66.3114500560728,10.458713605422277,0.987225720588284,400,0.22762028868424786,3.2348502649549475
4,6.570712745370617,192.0,43.30810208250434,8.409011531776807,94315.86906346334,2582.4821803562063,0.94,0.94,0.8325,0.7275,0.872686756623754,0.04806669430436866,3.184117173025452,0.8713620189594778,0.9994104498557486,400,0.020150658067657576,1.8643796065545046
4,5.290011260067978,212.0,39.08525287980875,10.113388993887883,210444.46315715,4639.438945880236,0.9675,0.9675,0.8175,0.6875,0.9964274602386346,0.008235721160268489,3.5225938383264075,0.9963934245139247,0.9991325360702039,400,0.025493693575496454,1.803747104337751
5,2.526557674505769,136.0,64.71367799055258,0.03954364881048873,755610.5641773352,34.373657952473025,0.9375,0.9375,0.805,0.735,11.747254500875645,1.3708378732208715,28.4161915394126,11.666995835847647,0.9472343461193835,400,0.18152660868063475,1.2426555311965823
3,3.3081526763417273,150.0,29.491382047143762,0.5479220683650768,636199.9482803664,437.03438461862874,0.93,0.93,0.7175,0.53,3.5165332987705358,0.04036740858265466,28.98906022245172,3.5163015959508237,0.9944144421121108,400,0.11923935247080467,4.2062196443050786
5,10.465137324209,245.0,50.50881485887352,2.6734217830836804,42489.06428523507,551.0691079348592,0.9725,0.9725,0.9,0.85,1.8135926174844428,0.154061879895191,6.107519492622388,1.8070371106751604,0.9956423265180863,400,0.03590645756689787,1.7244147092378619
5,20.492468006698733,328.0,29.97172205826487,91.84579823748074,14729.974402249478,11147.05872407419,0.975,0.975,0.86,0.765,0.3694104091873457,-0.008961144717917913,1.0492687235160827,0.36930170362632603,0.999640904640551,400,0.012325298108304013,1.4496038881235935
5,2.084659759170073,180.0,67.0116071791235,1.6991101564257503,1915848.926582352,2351.809638318264,0.9225,0.9225,0.815,0.73,2.1132958130995694,0.11559619674512495,5.254054234862441,2.110131918379093,0.9981944356777295,400,0.031536265164491324,1.270366033705271
6,17.62514966622202,244.0,15.961915887232129,40.442146318248156,15382.298090640694,5015.853087922743,0.965,0.965,0.905,0.84,0.4415736894394147,0.022664319258754007,1.2207004378180133,0.4409916686714999,0.9970077289442976,400,0.027664203505334075,1.4122859683534135
5,51.662315643737536,336.0,23.887544996242134,18.704626109054367,2284.1545106261156,893.9469984701815,0.915,0.915,0.79,0.7175,0.759056287037587,-0.011181190672904568,1.818036447710507,0.758973930953115,0.9982684609685437,400,0.031776236827894946,1.2221363321583307
5,13.291156862977903,288.0,49.460539757910034,59.291362617215306,41961.689443592826,12145.570351198176,0.95,0.95,0.795,0.6975,0.44802593412452185,0.009138436040346658,0.9569701466091072,0.44793272556812236,0.9998887537446566,400,0.009058249997218657,1.090007599202106
5,28.711006271695407,399.0,51.79409493350762,64.44466393420389,6333.660000123931,5128.78314145488,0.9575,0.9575,0.8875,0.7775,0.37518224064407923,0.00036629813736942295,1.084177915079108,0.3751820618318343,0.9998723098567299,400,0.007243726164647375,1.474356195998723
3,19.9200249447575,258.0,26.540896978125957,181.92070695946433,13808.49176409546,21377.418415633867,0.9575,0.9575,0.685,0.48,0.26240349163371074,-0.010169255532734355,1.8976560626414334,0.2622063665578562,0.9999682580153009,400,0.00988676049079932,3.6924803978052
4,6.227470856700254,315.0,29.572428212496714,5.299246378297719,138051.96007071374,1968.953230500902,0.94,0.94,0.795,0.695,1.6076455181937606,0.03488566575779359,5.7875438681731755,1.6072669667771813,0.9959819544264172,400,0.054362986584726984,1.8371736402265921
6,3.753388395021563,528.0,30.590422245635946,9.120841543274633,397806.2297050622,5752.686414169991,0.9625,0.9625,0.905,0.84,1.076728970539254,-0.08958897968642882,3.023219427376576,1.0729953824305425,0.9948616138999669,400,0.0351982382555331,1.4375261224560845
4,2.307946199961851,210.0,48.9292753190239,0.03120883144094654,1182723.196542646,33.94056478655747,0.9525,0.9525,0.7825,0.685,14.429725445356645,-0.3391686792830571,49.78735175011988,14.42573883845699,0.8867306783805335,400,0.294909854096006,1.7608602485492384
6,3.4194641154607552,602.0,18.700084019630214,20.850348316369313,666749.5934283986,17025.296902298604,0.9425,0.9425,0.8675,0.8075,0.7623080019138841,0.0023379824131265713,1.8737528186050545,0.7623044166343091,0.9947785997619035,400,0.04076495063410728,1.2540873634759424
3,8.725888145856338,392.0,61.64221459679145,38.51756292064219,61984.72907910628,9589.614618355316,0.955,0.955,0.7475,0.565,0.6283002607831303,0.012060596896699263,6.0935141501470405,0.6281844949556179,0.9999402194748128,400,0.010192694485311923,4.949080749137239
5,11.626014912807701,396.0,43.02612151331239,11.16790565561924,36482.500571895325,2133.1138495240225,0.965,0.965,0.88,0.815,0.9857391071653853,0.07788238215967663,3.24665219733809,0.9826575812277363,0.9982984341515482,400,0.022910247833061018,1.6856891295276364
4,12.761728014740156,231.0,23.707736031193477,6.735485551251552,29346.37903131443,1153.841539835132,0.97,0.97,0.845,0.7225,1.0708857029803767,-0.06150765009860527,3.94187844792965,1.0691178596521167,0.9970925140465419,400,0.04517030650127696,1.881141966974448
4,24.603045934098127,282.0,64.42522229872064,5.374105900292337,6642.62820622818,438.0021001461858,0.95,0.95,0.8225,0.695,1.4498892533603398,-0.018471798594752523,5.042513545418213,1.4497715818936714,0.9993200077413678,400,0.022504994187488147,1.7745629895710011
3,2.187454368073901,176.0,54.021387253210996,2.81141775285748,729294.4834949102,2400.9153438543854,0.9525,0.9525,0.69,0.5375,2.0638401180875063,0.10656590278718943,16.584670598391675,2.061087029067575,0.999420977072825,400,0.03820413030886823,4.105390268580971
3,51.13018670040888,252.0,51.348928604996395,259.4670698701455,1188.3461609911878,8944.451863817447,0.935,0.935,0.645,0.4075,0.2809088619607082,0.002684604383618705,1.6986536985867695,0.2808960334845682,0.9999932059811616,400,0.005470588571021811,3.0853410051693895
5,9.800258981384864,250.0,63.16857943385587,48.75202254560858,59583.39191246316,11900.227091245877,0.96,0.96,0.8925,0.825,0.4184837742364751,-0.02035530714796277,1.2620610390709823,0.4179884337755258,0.9998806512863994,400,0.006624872333478252,1.5404940457021439
6,30.313131443783277,264.0,29.67418916409782,113.81799628385451,5977.727551059877,8799.925478129971,0.96,0.96,0.8925,0.8175,0.22991914951397502,-0.024916120606626777,0.6093245723534927,0.22856509411357115,0.9997824996960862,400,0.007748119021636128,1.360137185686588
6,2.8618306481966975,264.0,43.89605404074981,0.08203417041738048,734481.6016392792,70.304844385667,0.93,0.93,0.8275,0.7575,9.958678857764122,0.41375603145539186,22.749595395935444,9.950079926237397,0.880240950916771,400,0.22686956892569957,1.1665169036372571
5,2.3207875604356576,406.0,21.186269812941806,0.14444988138459725,835255.1896583709,132.01606418223497,0.955,0.955,0.8625,0.7825,7.420840170579273,-0.42039402817916466,23.76696652294716,7.408922843325763,0.7090225155541499,400,0.35026648089066587,1.6366756118884174
3,24.41129104072362,186.0,18.239489064690332,184.56318050286674,6280.184227804097,14626.191574279123,0.9675,0.9675,0.7925,0.675,0.1881845775009225,-0.0025377792743307647,2.6254800336908644,0.18816746500273496,0.9998709001491006,400,0.010317425934108395,7.11882168054209
5,19.533281737519207,188.0,27.89952052893568,3.9939866675086892,7948.368972814049,356.0783923467049,0.975,0.975,0.9425,0.915,1.2503990144872357,-0.05345240746331135,5.719052052073753,1.2492559928081302,0.9879780923759084,400,0.04481793918968601,2.3356971804303193
4,5.834078472049794,406.0,62.43507342214924,5.345676307864914,85050.56808205319,1558.9825969001952,0.9725,0.9725,0.845,0.7225,1.5453076064049602,-0.05134517107827426,5.927888343338441,1.5444543605493724,0.9990082071195217,400,0.0247506332851809,1.9582532870431264
4,7.313858815643917,120.0,26.14085168619333,29.04678686509947,82715.22944124292,8353.93010678055,0.9525,0.9525,0.83,0.7275,0.46537619796903956,-0.0022536365100239574,1.8674438810304221,0.46537074119308297,0.9994544585773069,400,0.01780264099868004,2.0473515113541167
4,5.047411166012964,116.0,69.76868611991294,0.7173305682006784,139962.77304329144,268.36483478804394,0.97,0.97,0.8825,0.7725,3.0029474813169132,-0.07073651681115573,13.262536022606117,3.002114241786448,0.9961803372359628,400,0.04304147961387266,2.253944875697728
5,2.047776142028251,468.0,52.78736955828557,0.6269997252949804,1275784.7357276739,708.2002103147555,0.9725,0.9725,0.8525,0.7825,4.830528834284914,0.18367068842687906,14.789606799713656,4.827035725688258,0.9780201929665086,400,0.09150917870516828,1.5632197861721955
6,16.150794121218123,300.0,31.499188405841497,14.459241423989287,23960.43271868034,2238.168801324077,0.895,0.895,0.805,0.7425,0.9578805505623308,-0.010260536278361218,1.9353124372159558,0.9578255950541698,0.9980282180822866,400,0.03040968986949177,1.030881101737708
6,11.555079795667242,413.0,32.93353215032095,4.194148386370399,35777.09249767755,793.316182521963,0.9375,0.9375,0.88,0.8125,1.3489335149056492,-0.12492871638611187,3.3786848992233107,1.3431360480077317,0.9944507592555776,400,0.04095927241416476,1.283428308466053
4,29.777224061617947,152.0,13.473449855250388,94.78226557678967,7507.139773148093,8212.291119476115,0.9425,0.9425,0.815,0.675,0.27157318308952677,-0.00016306052415950844,0.9410412345692205,0.2715731341363558,0.9994731195455655,400,0.020156172769938283,1.7679329009797384
6,12.99392994976117,328.0,16.20930771131145,87.4909981289315,30391.002235308715,15252.319087507667,0.96,0.96,0.905,0.815,0.3731876586552735,0.007513024761459186,0.9586799982088499,0.37311202477478345,0.9982464480683654,400,0.023023047331925808,1.310926519618289
4,20.47822189892477,112.0,65.82687313496695,12.614600991184005,11047.89804090268,1325.9078651488946,0.9475,0.9475,0.8375,0.71,0.7140364566926597,0.041533767837588303,2.6232494277360443,0.7128274739482351,0.9998293562531084,400,0.01084718782295261,1.8775827448938145
6,45.885637235784024,455.0,37.072515954991054,162.25767862848497,2979.9107977495287,8857.412898760978,0.9425,0.9425,0.8125,0.7425,0.2592006347859493,0.02521326436377258,0.530236260048345,0.2579714332509737,0.999894394259981,400,0.006991719555819714,1.0486769821645645
5,3.431040611637342,208.0,51.90282471724761,2.5319561189501574,353656.9335869399,1505.730554347726,0.9525,0.9525,0.87,0.7775,1.8705634556397395,0.04484144339493476,5.396539255437256,1.870025905309641,0.9968932772364862,400,0.03603972357631897,1.4723519856047267
5,45.64776690421386,384.0,62.41693478583597,4.215393733806643,2171.201082269743,196.42111363838825,0.895,0.895,0.715,0.56,3.723684285256212,0.6299325807737054,2.5165305071314044,3.6700149318420827,0.9995320160645311,400,0.059658236951764136,0.3498471151034488
5,2.5528110243117563,420.0,42.88059154143361,2.8143219926598744,852601.2175522569,2598.6438273739323,0.925,0.925,0.8425,0.7775,1.8587553821795346,0.11650987765857458,5.045720577577669,1.8551002720040153,0.9959146289722212,400,0.043347242082318334,1.3877132531908885
6,20.868055978556686,425.0,45.30745695508631,87.01050118638969,12546.142964398035,9746.00850985528,0.9425,0.9425,0.865,0.815,0.39335152436168563,-0.00968746683503399,0.9638522374205306,0.3932322147332055,0.9997641960660077,400,0.008681827469407929,1.2505622052261482
5,15.502685913344154,532.0,34.213592763653224,5.016501106606617,23685.88866346899,772.0505810332588,0.9625,0.9625,0.88,0.7925,1.6228543887338964,0.19464488737591418,4.439560908808329,1.6111392661254602,0.9950512758788419,400,0.0474330304900903,1.405888456668275
6,29.71360451389811,426.0,46.3158632754085,1351.5956446422606,7000.602472491314,113087.47105474517,0.92,0.92,0.8275,0.755,0.0908903257061128,0.00477685495864538,0.1922231542771503,0.09076471210590234,0.9999911095534753,400,0.0019624016325821394,1.0805194620358154
6,3.9527728345423228,420.0,56.57775585665918,1.119244296449718,374155.74249041954,684.6223887775556,0.9125,0.9125,0.7975,0.73,2.7673596780004197,-0.01878867293750343,5.470400574816218,2.7672958954892835,0.9951596870673727,400,0.04891250344060266,1.0085732812259918
4,53.140292709046605,180.0,57.81037143963879,0.26539245012414386,1498.2221616639845,10.27251235655407,0.985,0.985,0.0725,0.02,14.725221794082454,6.813591217602709,16.787944957666,13.054008258168373,0.986897482470789,400,0.2547159173584867,0.6561416133826865
6,2.952769147272111,340.0,29.57583330984791,2.5876706870967445,495012.415655413,1820.610537756623,0.95,0.95,0.8675,0.785,2.2683670807135754,-0.0778172210451127,5.191738260639363,2.2670319126500726,0.9842120277056916,400,0.07669664137437081,1.168420275235656
3,25.377797068186396,200.0,47.4318216607087,154.23496887287317,8148.665410560809,13922.784241938156,0.925,0.925,0.5175,0.325,0.3197214780270784,-0.01894916921774879,1.5953000750365267,0.3191594468252142,0.9999930924046787,400,0.006740653570384109,2.550225656200792
5,22.09689915228184,225.0,57.059162384240445,26.58323578923815,9040.095878350918,2527.5186085246646,0.935,0.935,0.795,0.695,0.5677329903575608,-0.016461347894499136,1.3595751657043935,0.5674942928046365,0.9998297353746834,400,0.009949900535419826,1.2223220702372233
3,7.224939886256255,329.0,18.087694520903284,7.837396999895252,76662.5504182989,2170.018708039372,0.9475,0.9475,0.7075,0.5375,1.3261926662748524,-0.0885233743434854,11.180887677674118,1.323234899885899,0.9974076731165324,400,0.07332016055126431,4.311052051240083
4,8.538558882662937,204.0,20.102770844450085,0.6673592139717787,63136.03484068718,167.68658204602852,0.9425,0.9425,0.7975,0.6925,3.9081826598383698,-0.04611918955946017,13.770551377440148,3.907910531603262,0.9516389581214897,400,0.1944101482367208,1.7978383748257694
3,5.057477443885201,174.0,26.670247803336665,0.8858456486061713,121910.89123044728,309.29956506180145,0.9725,0.9725,0.8,0.6625,2.7009172599842755,0.20569003960858737,35.909442471950015,2.693073644163261,0.9885687295899759,400,0.10127079732818864,6.803060940442359
6,39.295622991257005,392.0,17.5368075691869,177.37262795214542,4494.577958287529,11891.347191934825,0.8475,0.8475,0.72,0.6375,0.37631598393959126,-0.033221248463080076,0.5805796779275101,0.3748467265683095,0.999429729642435,400,0.02145863678180505,0.7902273126496324
3,32.180872844998596,258.0,50.247678610142685,24.494759144407965,3303.9535805446385,1407.9594333054174,0.9575,0.9575,0.6575,0.44,0.7949489564590642,0.0456122006527079,5.495156258972487,0.7936393201744557,0.9999260867367316,400,0.015820610592318998,3.5326515222565984
5,33.94696749815142,255.0,34.31107314791245,425.5908787742125,3360.839182209335,24672.671560618346,0.99,0.99,0.9175,0.8225,0.14865196784375334,-0.0030365621343150196,0.4671698291084059,0.1486209501861185,0.9999453461203867,400,0.004332477949696469,1.6037574334456128
3,6.464889348210981,222.0,22.035558615096964,12.219786840073375,104566.36066669834,3951.478531516376,0.965,0.965,0.735,0.53,0.9271843947131069,0.0430898675171622,7.883789029025229,0.9261825765565144,0.9992336025198016,400,0.042076736556062436,4.342924865088913
3,26.039975420493896,270.0,32.77520819012912,15.05359448021534,5139.628171858981,1079.2102541138374,0.9425,0.9425,0.6475,0.475,1.0574625960388557,-0.015489312400125445,7.837369818290444,1.0573491491567992,0.9996432774519564,400,0.03226410004490317,3.781776411079676
6,38.4757966870979,406.0,41.77456210062117,7.756118012952878,5195.280543520827,559.0477586098658,0.9475,0.9475,0.875,0.7725,0.9725238580574429,-0.045215511986124855,2.284490276918736,0.9714721879532969,0.9984618711732403,400,0.023280288509427174,1.1997834608005087
6,2.3709849415774595,295.0,34.66788440182712,3.1848382897420167,792269.7125957896,2834.8097173289157,0.965,0.965,0.915,0.84,1.5191696234058332,-0.10533007639701097,4.110046469143085,1.5155137477717648,0.9927763789564348,400,0.043820661387856924,1.3836644420677846
3,4.146648586813719,336.0,60.07076895705264,77.58665668122701,192464.7353476954,34037.88928580534,0.94,0.94,0.6825,0.5425,0.42072782968899425,0.006015934446123143,3.3288906500173505,0.4206848169444095,0.9999808394902334,400,0.007003869552423941,4.037259079811433
3,13.096775391876026,164.0,33.22758319419823,34.22918532606264,27768.34830952061,5703.895849771251,0.9375,0.9375,0.63,0.475,0.6174430180754713,-0.0017338448168049236,4.276222536174904,0.6174405836615358,0.99989768307328,400,0.01858224278506302,3.5335322129099724
4,5.424848627329212,225.0,50.71919901363718,7.1356596509357475,140236.70941454632,2672.1755361473056,0.9575,0.9575,0.845,0.7025,1.1302133181298188,0.05633836352320296,4.296101185899614,1.1288082801226889,0.9992205119883766,400,0.022283737521681515,1.9417720429147018
4,8.009387090418887,165.0,66.94918347905552,0.18197943676674735,125973.93408975296,64.58961007031417,0.9425,0.9425,0.7875,0.655,6.140715728951255,0.35929468920127305,18.641347033607822,6.130195509941026,0.991909389352706,400,0.09172204065598986,1.5514825470499485
3,7.040125593534683,144.0,30.52297068957641,77.806587822126,46065.58854100547,16699.546675634378,0.965,0.965,0.815,0.7175,0.3283741687651971,0.016373891888368765,4.200989354120232,0.3279656847547654,0.9998841837228762,400,0.010758263738638547,6.535323709156196
4,27.34207618243099,265.0,43.980209015479936,17.648506395241824,4977.556301884553,1245.1338708129717,0.96,0.96,0.83,0.7125,0.8775835835047924,-0.025946887247786616,3.0591077319373827,0.8771999230957922,0.9994937220449882,400,0.019954056680265092,1.7792628680132945
5,7.610583302774339,240.0,51.38475258991435,48.86676861760147,48951.52825126686,10811.76877443986,0.96,0.96,0.8725,0.78,0.40506453921054,-0.019573744321613643,1.2681108166990271,0.4045913363618643,0.9998183030984245,400,0.007882971480727629,1.599132894095616
3,3.423620360385925,148.0,42.357930151880566,0.03438983834382626,629070.0182592244,27.275933808032548,0.905,0.905,0.5225,0.35,17.25312016021497,1.4971260551290606,82.55507779718795,17.188041448573188,0.9777936552174396,400,0.4073173570651677,2.4505373563154262
3,19.15888571231095,135.0,22.995148365470783,76.51530352791043,10633.4939780282,7890.168902435198,0.945,0.945,0.68,0.53,0.3119489209133133,0.006340934658552815,2.506109946971513,0.311884468684538,0.999927160221846,400,0.013565858152136637,4.09968322359249
5,6.707732641042419,205.0,34.460337806379044,0.3282306803138851,108788.24970489994,108.26053467000912,0.97,0.97,0.8775,0.815,4.675926182802528,0.3717534333707178,14.345823436444949,4.661124869792196,0.9532733129389729,400,0.13569008548537662,1.570285687708233
3,32.29546075769674,210.0,45.79239266510164,1016.6259471341305,4632.376726309222,69193.1536989708,0.9225,0.9225,0.6275,0.4125,0.10870223281687627,0.011118692084775877,0.6585823413021068,0.1081320956316778,0.9999987175849387,400,0.002373805483628249,3.107415949544288
3,15.56177685031033,210.0,19.935003344180494,139.37957327924616,23277.85092833044,21265.253873903817,0.925,0.925,0.63,0.46,0.23790828080696227,0.023450938137901146,1.5622635137044294,0.2367496643650773,0.9999615631817498,400,0.011934198188956583,3.366734324271953
4,5.530313051834447,176.0,50.0501668119522,0.1647538907128059,148679.3971615215,63.527399109826405,0.9475,0.9475,0.8275,0.7025,7.453131838163339,0.1546078952160324,26.48714096911108,7.451528071193243,0.9699931461766507,400,0.14891322672641918,1.8135672715859357
4,13.830334408520208,240.0,53.246174504023,4.256173446544483,27358.114620249475,703.9833703855666,0.945,0.945,0.7575,0.635,1.5480639932543967,0.06188131134382946,4.8119647572484325,1.546826696988747,0.9991294789036318,400,0.02907371295072913,1.5871746101874329
4,21.650146378835995,180.0,55.98034027673171,17.001246464378706,7938.055656872354,1514.7390898410654,0.9375,0.9375,0.785,0.7025,0.7115961234197526,0.014234707537997143,2.5694918076108264,0.71145373424231,0.9997711067613329,400,0.012711536226862278,1.842657006166213
3,8.307295228488087,210.0,16.164456345982597,3.3288110515741445,76576.43985881405,921.1635194597419,0.955,0.955,0.635,0.4525,1.6612360794734475,-0.0929974794215306,10.82417503489587,1.6586309959016057,0.9970305592651799,400,0.10277092182480481,3.3295761967285395
6,15.13107030333591,518.0,54.540256443171415,573.4912462577109,14224.120158851638,68397.38524041056,0.9475,0.9475,0.8625,0.8275,0.14688511390510314,-0.005990696660813377,0.37177319413800114,0.14676289803773038,0.9999759214832479,400,0.0026931504082337984,1.292426107871304
5,45.354860784996205,236.0,19.663245321356175,2277.668420833455,2957.441656410464,123864.99611053593,0.945,0.945,0.825,0.7175,0.06734501104741922,0.0065122070767856055,0.17171780785807578,0.0670294090080323,0.9999775255644221,400,0.0034249184174229906,1.3070550338240827
3,9.391016520319251,168.0,53.97884410946054,19.364701711250294,25202.833367578023,3074.2239074053873,0.9425,0.9425,0.7325,0.56,0.683260230782951,0.028428812165697613,5.910903619138939,0.6826685473994089,0.9999280618525126,400,0.012657926305302268,4.4176154945329165
6,23.084416463191737,270.0,22.868539411342127,63.41722395994308,7198.511212513662,5380.573519605103,0.9675,0.9675,0.9025,0.83,0.36837349750769033,-0.0017110160473794878,0.9198201328852489,0.3683695238346054,0.999149810138043,400,0.016108308925273464,1.273981575024792
5,7.641650804323689,288.0,27.177961806836937,80.96952728082701,102638.16888722536,25940.36313922047,0.925,0.925,0.8175,0.73,0.3190869839926584,-0.000553356811635739,0.7944073167161118,0.3190865041799325,0.9997470555450256,400,0.011740651718495988,1.2702193610759864
5,36.33688886527278,196.0,56.31888330046687,33.210850044819836,3691.4971883862213,2017.81461207995,0.9525,0.9525,0.775,0.5375,0.9740056955818722,0.1268690823148159,1.3279324907886942,0.9657076840216832,0.9998331632846685,400,0.0172944781306379,0.7015752159198879
6,9.023913121127563,395.0,14.762782489412963,15.893119804834024,80099.25308806081,4498.040799364107,0.9675,0.9675,0.905,0.8575,0.8025875329835014,0.04089582261173723,2.177075468718911,0.8015449331094622,0.9887413371715768,400,0.05436560035745781,1.3857648452142617
3,7.792772468238586,264.0,55.168320224385724,248.55031738548038,49350.33654203197,55215.293036335985,0.9525,0.9525,0.6925,0.5675,0.22777128420127757,0.004119744245131134,1.7643956075612972,0.22773402383933292,0.9999936932256579,400,0.004128660855992443,3.9528649492778203
5,51.46331545322208,212.0,19.929853018880433,916.1699023357571,2566.2155807661393,46411.1777209407,0.92,0.92,0.825,0.745,0.0957198151856288,0.011521259899120687,0.24031545455242448,0.0950239106199479,0.999956971400497,400,0.004802835981527268,1.2903060397339026
4,5.640141668654795,372.0,21.805898589099815,13.97831057852923,170580.58044728986,5773.238240293803,0.935,0.935,0.81,0.6675,0.9698979082032992,-0.01979354041651467,3.3406831769747667,0.9696959152718522,0.9975718016732016,400,0.044478694800870314,1.7576955471202858
3,2.5796069510914315,172.0,49.19474149470778,0.18389258253789406,673602.6053963751,150.92670513003418,0.9375,0.9375,0.6875,0.4925,8.245641891076051,0.43410285132995985,60.39771952573764,8.234206999483037,0.9910881413309367,400,0.16761226180979308,3.7423352394796705
3,23.432693634523055,266.0,41.08513331711945,87.98420900313769,11873.178707152574,9587.12160907236,0.8775,0.8775,0.385,0.23,0.39601244769957566,0.007138933542636092,1.2075299828025798,0.3959480955389014,0.9999945959564971,400,0.009638825914057927,1.5559785054178998
6,25.138534179489046,425.0,28.381524487907214,13.796714337274992,7357.084809615469,1183.3917941856414,0.9525,0.9525,0.86,0.7825,1.0097649137101985,0.1018561607833137,2.434792395027923,1.0046146044482174,0.9962510207754028,400,0.035578247889412655,1.236534898428724
4,4.384360624652279,273.0,18.870706802848854,2.2796859584546243,146788.41664087048,873.4155449758421,0.98,0.98,0.9,0.805,1.7771942547177122,0.07004865760322825,8.532416236120877,1.7758132234471145,0.9781381752957479,400,0.09417740804755731,2.451425370854738
5,4.911122676245226,405.0,23.967405246821066,9.113588242579082,234278.06444753593,4411.184438286455,0.9475,0.9475,0.8375,0.74,1.3292726145178047,-0.02333653622436568,3.3629037423687707,1.329067752142098,0.994158573036596,400,0.055461682265088484,1.2909554179829568
5,36.94566864337538,232.0,30.39746619634378,1702.446098783864,3772.033855200153,104558.93754414938,0.975,0.975,0.8925,0.8375,0.07120501563724332,0.00037146822920480104,0.23433511027564402,0.07120404667752218,0.999982453305388,400,0.002342465492923482,1.679100210047668
4,16.64513075952276,252.0,47.438110153663736,4.644015257454497,11740.689609505469,503.1997784742674,0.9725,0.9725,0.8475,0.7525,1.2953776989515475,0.045103435584354264,5.251855739519372,1.2945922381350405,0.9986471620443662,400,0.02730668854124879,2.0697777690284243
5,40.3217450086931,406.0,19.59697610416359,1637.2057006105886,2158.5612261367064,76065.09884685377,0.95,0.95,0.885,0.83,0.08615913134335118,0.0059882115683999705,0.27492153846581635,0.08595078380127154,0.9999421853564042,400,0.004396552349984533,1.6319349847733775
4,2.6638986031927896,216.0,46.836294374107936,0.11957524466464749,378846.50000563334,73.5991701932616,0.9625,0.9625,0.8675,0.7275,9.620065456835285,0.19796589571045076,38.53115864151816,9.618028326945758,0.9361801738856437,400,0.20539766404221454,2.043948483065089
6,4.863459315689305,248.0,18.46752611471131,8.40520672810905,373546.0097003977,5137.128747979861,0.9075,0.9075,0.81,0.7725,0.8656599112697233,0.05988233245340826,1.7985134466676773,0.8635862367126081,0.9952164852306729,400,0.04687470892921251,1.0625561899343121
6,14.375882990347936,340.0,29.83748001310346,388.0128644499875,28755.888936232786,65797.51981224639,0.9675,0.9675,0.8975,0.8225,0.15974842266071154,-0.002169178379571495,0.42568865251320787,0.1597336946537672,0.9998944290128959,400,0.0053539515599359015,1.3596886272975255
6,5.288685625918433,245.0,36.04902379149061,0.09375450221129143,258517.709879935,47.66913620199629,0.9575,0.9575,0.89,0.83,8.424240250381217,-0.08018937710332331,20.697989710657815,8.423858584991962,0.8501639291948733,400,0.23368844324627072,1.2536059010751248
3,32.41642737929007,266.0,31.4310883496658,288.76140790856783,2850.10315807715,15415.919730360782,0.9575,0.9575,0.775,0.6625,0.1910583705573201,0.008746559016965146,2.30148735396451,0.1908580589479548,0.9999669626654211,400,0.006078643171112196,6.152363951992347
4,31.540534428757997,189.0,53.12428589575398,18.052141388692007,7714.349249368868,1585.5442780832834,0.7525,0.7525,0.45,0.3325,0.7945552864755355,0.034220849202915404,1.0356313176756118,0.7938180123592885,0.9999593773934654,400,0.014956535849436074,0.6656227461686134
5,3.643304858303928,354.0,29.556807103577786,8.348750151065248,303362.96123989474,4598.357598361751,0.9625,0.9625,0.8725,0.805,1.1290381849044089,0.08089832444456377,3.3194500188485927,1.1261361747472212,0.9962698677875941,400,0.03819892253408323,1.5039006706025524
5,9.284855303906848,406.0,58.41996027245283,2.763369666443758,69579.22343719675,728.9181675175834,0.9725,0.9725,0.8825,0.8175,1.7674703127615659,-0.09326223862350849,5.89922606181894,1.765008062684247,0.9970237936464651,400,0.030254562045551294,1.705266553081003
3,9.088500166629814,186.0,68.46179071601048,2.11110211733338,77668.79037298771,588.3456029144728,0.93,0.93,0.6,0.3975,2.1679093527766007,-0.14654639062641944,13.054423844570692,2.162950558207614,0.9997811042625162,400,0.03166597499281615,3.0793215793068947
4,33.401971123435885,336.0,35.80364405060504,115.9767289737302,3675.6252897399404,7031.313649410298,0.9575,0.9575,0.8475,0.75,0.32069625812649566,0.026452337322564093,1.1870762679180347,0.3196034477700596,0.9998818083867721,400,0.008957084303296671,1.8950082088500404
4,48.33756266778171,168.0,68.43415066409489,0.39573689646093346,1918.4947633380825,17.333523459039668,0.9875,0.9875,0.9375,0.12,12.9170353488402,6.073692476272961,16.367946120922255,11.400002715212505,0.9925863834259079,400,0.18875130652592925,0.7325430640199823
6,20.026022909071486,492.0,31.617807687332373,593.644019882817,10735.771806700097,61509.57597589384,0.9525,0.9525,0.89,0.83,0.13971889508742039,0.002378149534569989,0.37203281182655,0.13969865442888418,0.9999277049716708,400,0.004418993766711996,1.3587293297216811
6,2.922822604166754,360.0,64.26509129480861,0.5279017153069813,587795.1980958956,404.73064588840464,0.9625,0.9625,0.9075,0.855,4.323583581106262,0.10971636790096533,11.690888930755847,4.322191261550819,0.9829678482689093,400,0.06727732730157227,1.380026678468982
5,28.322252768991497,236.0,50.21652949433727,13.609338225381803,7454.302331396488,1175.0071489275024,0.9575,0.9575,0.89,0.7725,0.8919026879928585,-0.013855376657430333,2.4270880331118194,0.8917950624367502,0.9992997088682666,400,0.017761137557174973,1.3885591803926858
3,33.03185446786057,192.0,34.400105211832354,101.84768418991096,4102.376904555012,6523.323822317845,0.8925,0.8925,0.4075,0.275,0.4835514623353159,0.013530754756521067,1.711268912197816,0.48336211622585945,0.9999845762556524,400,0.014056685564118338,1.8062987447001873
3,8.837463460370401,336.0,13.75572064426181,3.1692176374533143,40423.9922596218,637.1939817207522,0.97,0.97,0.705,0.5875,2.06306992028221,0.04262330449761257,18.88391436868595,2.0626295716601537,0.9885132590079629,400,0.14997905043548687,4.67105209800246
6,2.6416487362250027,396.0,22.30110549620819,0.12559638730394207,652312.3173315594,101.43899480654363,0.9375,0.9375,0.8775,0.785,9.286953989735236,-0.0671117281729531,21.39236761185089,9.286711496724815,0.6748773357462629,400,0.41643469160370894,1.1752785983716356
3,6.770024493609396,222.0,51.90994989142617,64.55321763430867,87561.53190779848,19101.812154140705,0.955,0.955,0.665,0.4875,0.4046043819383398,0.020588015203733365,3.1102408572494546,0.4040802389546868,0.9999778624153104,400,0.007794351232944789,3.927085334176073
3,9.671278039003722,246.0,31.714274105265897,8.269535057120954,22384.205275843455,1237.2342461455776,0.97,0.97,0.8525,0.7425,0.9694057286286689,-0.05531982963107327,16.6194918530463,0.9678260087162721,0.9983153621652485,400,0.030566858488106054,8.761215860825919
3,9.898524237009383,155.0,33.66219481596941,1.8159318152618609,48472.67229999152,399.80481399752284,0.9475,0.9475,0.6675,0.4875,2.114336918106898,-0.19021008964834762,14.25267822568153,2.1057636916486477,0.9988633940925413,400,0.06281042961298093,3.4532719097489646
6,11.949532750894258,366.0,23.741134384102374,2.736763400581636,30476.10025921551,477.76788112352705,0.96,0.96,0.89,0.8325,1.8527842346848624,-0.06185735908967951,4.712338127997794,1.851751356803397,0.9795369410032317,400,0.07804109966731541,1.298367698289697
3,11.504399418937979,301.0,20.299205263838235,13.414987720425447,29813.668093949305,2316.3169522239823,0.955,0.955,0.635,0.4825,0.9444575916436011,-0.03124418165402825,6.714930933424835,0.9439406461880966,0.9993269685617732,400,0.04652682601944487,3.6294497794430445
4,15.409430245539907,265.0,65.96471529479102,464.4207695512526,15559.025879275998,57929.907540818975,0.9525,0.9525,0.8075,0.695,0.16372317360019295,0.004827668845258586,0.5893251019402964,0.1636519819227358,0.9999913524847778,400,0.002481981054091225,1.837289526749974
4,17.341576922701623,245.0,18.824718712841904,167.22954439944027,21765.213825844774,24671.43868753252,0.9275,0.9275,0.7875,0.6775,0.22618802217023948,-0.0004542292287607541,0.721568852728048,0.2261875660797748,0.9998387964491753,400,0.012015479520336091,1.6276198564822868
6,3.8977938557425027,581.0,42.2130512060792,5.4260803521457035,407149.03388795466,3462.2858834286335,0.95,0.95,0.855,0.8025,1.4757499914348184,0.009930982602658994,3.6588152471949167,1.4757165760417588,0.9960594127592715,400,0.03495956698866374,1.2649735751194864
6,14.938654162549533,236.0,48.499358537793896,25.712538969437734,12637.861929514867,2890.558519234533,0.9725,0.9725,0.95,0.905,0.5683384075509286,-0.0015128853270906894,1.8892072274799223,0.5683363939389351,0.9992097348859941,400,0.011718472670273398,1.6959695856002646
6,42.04750644667336,396.0,30.27472283151073,661.0223419367344,4356.67495215415,43630.85442518789,0.92,0.92,0.7925,0.7,0.12719551548309468,0.0034290837169109077,0.24870353833688125,0.12714928448038,0.9999648525062617,400,0.004201376712546027,0.9979573294062836
5,15.600110704172394,285.0,23.235710057471458,32.813884168340905,28587.54554275955,5548.122933505087,0.9275,0.9275,0.8125,0.6775,0.5737596628249166,0.036103570682264045,1.2535357832477247,0.5726226356589064,0.9991473308158074,400,0.02469301180836623,1.1168945012969056
5,9.92286126941323,270.0,15.2490426058662,0.7437661158093428,56105.69670401751,176.17321054435126,0.9625,0.9625,0.88,0.785,3.5587616199979624,-0.25708205462941525,9.528400868697313,3.549463774312683,0.8988836145304153,400,0.23337606904114308,1.369623504773718
4,2.7636277893843655,225.0,53.31579989891594,4.178872259749084,996532.0643660602,4171.619936603515,0.92,0.92,0.7725,0.6825,1.529770793751871,0.08819743256139263,4.738863057921334,1.527226209278052,0.9991434419197939,400,0.028692635141032097,1.5831232202285166
3,3.7405933318492117,336.0,50.281998323234774,10.830980445326341,327894.1729282225,6202.0408319437565,0.945,0.945,0.69,0.53,1.1025408046064158,-0.02354766512183442,8.72113257854203,1.1022893146944104,0.9998174747734527,400,0.021927147714352942,4.036651157473305
3,45.40005187483431,152.0,55.40517544338681,7.4890334521610535,1608.0739144057995,300.31620966566,0.9625,0.9625,0.7,0.4875,1.5587458210219873,0.2192671211446745,9.479152122145038,1.5432467282124513,0.999818970868472,400,0.028133577929280614,3.133848926890084
5,21.37774581549622,385.0,16.254941201971025,62.967513642977096,8285.574910779213,5731.626329318902,0.985,0.985,0.9325,0.855,0.35807973715803987,0.00345563012376608,1.1538922262387596,0.3580630625792315,0.9984964106650409,400,0.022028977694156175,1.6441811097477639
3,3.135248121724999,196.0,39.560822520610635,2.9252177557620413,507371.38596753107,2083.632804485318,0.98,0.98,0.7125,0.56,1.4937364572394944,0.0041487090830981364,13.163074484660882,1.4937306959085164,0.9992933480524355,400,0.037757972713061735,4.496027528458802
3,3.469420226558695,154.0,41.642801855122734,0.195911516866628,426274.80252302845,127.91008812508593,0.95,0.95,0.645,0.455,5.5330800353161145,0.27047394242761924,39.54045407410685,5.526465282952697,0.9943022433456037,400,0.13287002288092814,3.6503804919297917
4,15.27398506235246,175.0,58.36872672793424,52.287233357583176,14345.154214823331,6262.507710449021,0.955,0.955,0.845,0.7225,0.348337807396564,-0.002399623055810256,1.3554398282390046,0.3483295420590044,0.99994181071642,400,0.005967884292220746,1.9853352910786384
4,9.392433542308302,220.0,67.00498074724418,1.0956483908419952,60111.11744000208,268.6263468101553,0.945,0.945,0.785,0.6575,3.185892982398167,-0.05197835170497676,9.732520665122998,3.1854689366320805,0.9978243723683888,400,0.047547106899649375,1.5588197112259008
3,5.312283471038761,164.0,27.565477745049034,0.7924093456476266,203426.86565668604,357.3993372126825,0.9225,0.9225,0.6525,0.505,3.816680331691222,0.08970728048123994,27.161173692305606,3.815625945784948,0.9936068947369554,400,0.13845870428916207,3.6318396710390735
6,17.722142770424174,288.0,37.279769290566385,661.0428632379211,14667.745484829109,80059.21060480448,0.9625,0.9625,0.8975,0.8475,0.1205701057222915,0.000726211525770033,0.33810430811093806,0.12056791866290298,0.9999573897486229,400,0.003234196670653798,1.430747083708771
5,21.442204325355338,235.0,62.40955942828474,21.964792897982328,11572.315808351126,2362.85597882041,0.945,0.945,0.855,0.755,0.6543408759897267,-0.008593160732765136,1.6784235680663206,0.6542844485234413,0.9997877829000305,400,0.01048462578463856,1.3088169175783146
5,4.7425412014725525,284.0,66.14367517779957,22.14211049681267,205876.15561443733,10046.66771764579,0.955,0.955,0.865,0.7475,0.8048898138223102,-0.030534210607469064,1.9879299169224065,0.8043104340846834,0.9997302981126224,400,0.012168809967978058,1.2610180281543948
6,30.399465870554646,360.0,46.61855741193644,10.937000035434743,5762.44794700946,830.2363063344749,0.96,0.96,0.905,0.855,0.9657555318976224,0.06166417776015578,2.6721601057820927,0.9637848704830471,0.9982704560251954,400,0.02071611790480556,1.4145760475184248
4,7.265867766843932,300.0,56.826215767803596,13.241633589293851,67295.92573303221,3435.0728522286845,0.9425,0.9425,0.815,0.6675,1.005584746731282,-0.019444012941716,3.421667273794772,1.005396744185766,0.9996040981854665,400,0.017695789401852492,1.7363778221629145
4,21.915423281041278,186.0,41.08651592918166,98.43515076382262,11644.036477033807,10621.894643785366,0.9175,0.9175,0.74,0.615,0.2580758480442935,-0.004483593701251714,0.7513573758740264,0.2580368980035672,0.9999639217203894,400,0.006281278473188704,1.485623191495769
6,19.609263726990676,345.0,44.58776938908207,284.6262160070396,17567.675034814532,37725.242811677424,0.9225,0.9225,0.8025,0.7275,0.21028176576168192,0.006302466701987815,0.4200064226583035,0.21018729725014593,0.9999540677271963,400,0.004716131096999266,1.019514470930031
6,3.998582440332571,244.0,52.15004030415242,2.3087398398616013,581160.3892884345,1760.04187318606,0.9025,0.9025,0.8,0.7125,1.8879958230121927,0.20261800197576715,3.595099235683382,1.877091945799895,0.9975227130334854,400,0.03620315175215429,0.9771680646887337
6,38.471737518924506,335.0,15.388038138232607,1922.3145677733621,3767.1144401034503,117985.56157992351,0.97,0.97,0.91,0.865,0.06804605129247927,0.003735015819699172,0.18841081249383027,0.06794346733369823,0.9999218604407449,400,0.00442200952981877,1.4148227832699913
3,6.24139729097924,230.0,51.476234152014776,46.9273148795631,91102.7159918541,14164.177724674471,0.945,0.945,0.67,0.4825,0.5034733516074401,-0.020424126779122923,3.719163635573766,0.5030589138700748,0.9999677019858713,400,0.009780695109137741,3.7719885580231436
5,5.267413313516438,355.0,58.04950407905711,0.9153303778129339,147446.15548714134,351.4751318353829,0.9275,0.9275,0.815,0.7275,3.8644674048745813,0.058336173965653215,9.812617371442645,3.864027072128912,0.991726439299333,400,0.06657192798084195,1.2956527842469754
6,6.432032933290905,410.0,48.243687541302414,6.188149184425643,74018.31307666506,1683.5668535758352,0.9725,0.9725,0.8975,0.8175,1.412229422157563,-0.006661494659691148,3.7321606812098755,1.4122137109150241,0.9969469324500353,400,0.02927283327893467,1.3483537216392023
5,2.0641336432762394,295.0,48.294001922785704,1.6894360692848382,1216829.2959309372,1863.6166875277622,0.9425,0.9425,0.8375,0.765,2.6169573431554256,-0.1809927573169938,7.141750674828937,2.610690973227949,0.9931648547028862,400,0.05418804072894015,1.3957034293473727
3,27.794178631433418,203.0,52.0911966769399,86.89403553620194,3194.2636997696713,4911.061245968493,0.9525,0.9525,0.76,0.615,0.2878426414672533,0.025427221634021925,3.117869710385955,0.2867173567240395,0.9999779153490378,400,0.005525744460285696,5.548146336215012
4,10.228357368515855,354.0,34.25581131508205,57.378969510803636,53870.286708855616,13317.643583640742,0.935,0.935,0.7325,0.5825,0.5058013855213297,-0.010534069567373834,1.3418655870610832,0.5056916797552106,0.9998324564026828,400,0.014765418365631788,1.3538393589002027
3,8.49239442484541,371.0,44.64482420908429,330.5702193561873,40771.36534529932,66748.4758870049,0.93,0.93,0.6625,0.495,0.2268311713800652,-0.0018518967814507904,1.6519368720710488,0.22682361161916842,0.9999915851971877,400,0.005080794367511694,3.715772483797721
5,17.13234787849145,462.0,15.140544413731165,147.10485941427746,21939.723810785326,21789.265832569625,0.935,0.935,0.8475,0.7725,0.2802554265933901,-0.0066535659291402545,0.7845194506369373,0.2801764340473153,0.9992118045716454,400,0.018510260855562278,1.4286177465146002
6,29.95913043967879,525.0,55.87059049435049,28.503200466222307,5363.869361598725,2087.5299892972807,0.94,0.94,0.8575,0.7475,0.6810222019903768,0.06109153296048197,1.4990777830889321,0.6782765396240386,0.9996256788758195,400,0.012189278759443938,1.1276161844558892
3,7.080931288255044,120.0,59.83824495502807,2.739146098907556,67585.28397679914,712.1004635390705,0.97,0.97,0.755,0.61,1.652268676539422,0.05183063022448904,17.659175966407382,1.6514555292964646,0.9994759606318556,400,0.02761225162571527,5.455662290929838
5,8.746918274905907,210.0,25.807456383564308,0.5754727970653065,59100.715753838645,139.90111292985551,0.945,0.945,0.8475,0.72,3.213008013205067,0.0007496833850270867,8.464621061803264,3.2130079257441606,0.9706716889248088,400,0.12449921315187412,1.3441249803968354
3,12.959695497415566,192.0,19.01318330621824,40.656008683170626,15061.310934291445,4989.489668390924,0.9725,0.9725,0.7775,0.63,0.4817574694787271,-0.013326464701912375,5.135568931997752,0.4815731146327578,0.9995460147656966,400,0.025338075256507355,5.440893918277028
6,40.41403403964346,296.0,33.07579534152218,2388.4360918237358,3220.2572100409498,135537.32369260857,0.93,0.93,0.835,0.77,0.07359557813778314,0.0061338721896657235,0.1639973523278552,0.07333951686093514,0.9999872655439928,400,0.002225058456731768,1.1408872340034273
5,22.769716433473093,308.0,51.86560401444765,22.746049483245216,9691.554662126031,2239.2506265568327,0.935,0.935,0.7975,0.69,0.9358013030273542,0.044235480211114966,2.004514420062253,0.9347552091527418,0.9995600919662383,400,0.018042811238960565,1.094095468838578
3,4.173072675773792,217.0,36.79894358407111,0.3068318541307751,233732.92601401807,148.34072333506862,0.96,0.96,0.685,0.5125,5.388157611520501,0.13568750311415978,45.75294161225894,5.386448862477482,0.9899978189278784,400,0.1464215297162181,4.333715617331279
3,17.70071415740186,225.0,40.88006530954573,28.415315131203126,14313.178682275406,3399.5428783110756,0.9575,0.9575,0.68,0.485,0.7197703778761483,0.007204468779500637,5.291065628537039,0.71973432077231,0.9998953818217979,400,0.017606879353690215,3.7507219010608197
3,28.948178425814827,215.0,23.50389271945631,694.7224493327512,6536.278040406777,56166.40043482372,0.9475,0.9475,0.5975,0.4575,0.12338948752352118,0.007401039012802881,0.8781336265457964,0.12316732623893466,0.9999914449050608,400,0.005249746882199665,3.6375504296765553
4,43.81377377362213,357.0,13.809190202293188,95.64739920224123,2412.2403902141905,4697.680303032058,0.925,0.925,0.755,0.6225,0.36843082454454323,-0.0015944655327688074,1.0633970755881834,0.36842737432801703,0.9993497137852052,400,0.026680118033522396,1.4726091657844003
6,38.41213551428277,284.0,54.00480029391743,1.4728068291253924,3230.478766593384,83.71036482383185,0.6375,0.6375,0.22,0.1475,11.172883917150049,4.329215355350065,1.7588765607253984,10.300059681046097,0.9994739157495693,400,0.2068868666552305,0.08712434958230851
4,3.201789982788675,329.0,23.524512134877458,2.167172332130675,558393.1692362583,1619.4349059328965,0.97,0.97,0.885,0.7775,2.048458418333581,-0.013778311877660774,9.154019687413083,2.048412080066782,0.9835554410193547,400,0.08707761532263768,2.2800188757486497
3,8.25387679495563,185.0,43.933998251509955,4.504751773525204,83303.78058176753,1300.1792199605293,0.9525,0.9525,0.65,0.52,1.5389813575199802,-0.08223465933484425,12.40779944331964,1.5367827040925868,0.999517893585266,400,0.03502939451833495,4.119326631671699
5,42.283945074574305,438.0,62.936297799045626,417.09655896065,1884.3389367572756,18105.733265559145,0.8925,0.8925,0.705,0.6,0.3131079750103871,0.05097696496418704,0.5243664656540317,0.30893033690161487,0.9999794798080235,400,0.004974998307179345,0.8660007745797298
4,3.299798778134843,280.0,42.43568674828321,0.16535339816837563,495001.81834766665,116.33664138361814,0.965,0.965,0.84,0.7475,9.615992220203838,-0.04084486326483709,34.51610529386794,9.615905473545672,0.9326200958688551,400,0.22660154594040746,1.8313676077038659
4,2.066565309891196,301.0,51.76421371865287,0.3916136683174713,892583.6904162904,369.98346458965113,0.945,0.945,0.855,0.7475,4.243531465814251,0.16649643734417738,16.300067357882988,4.24026393491105,0.9890151483281273,400,0.08197809183152191,1.961283784343847
5,4.192316171828725,335.0,34.307618671698926,25.689223935768833,516077.5562243959,18454.762935351955,0.9275,0.9275,0.7875,0.6925,0.6935066069803508,-0.010515608983488888,1.5124775897235263,0.6934268785482035,0.999425571898211,400,0.02021436152758801,1.112838661908341
3,2.8731509293906576,195.0,65.48286686761952,0.5297400896780159,1110965.778718988,558.358563764188,0.935,0.935,0.5775,0.405,4.148533489757597,0.21119617662486795,22.18929635963281,4.1431541475812095,0.9993100519034546,400,0.0633529606781617,2.7324760720888257
5,2.1025177505617947,360.0,27.712910188242663,0.2233476190472912,1136049.886506681,238.05649139671547,0.9725,0.9725,0.89,0.82,6.661039957117912,0.06025595503105022,21.584343368952997,6.6607674130091565,0.8553209878985264,400,0.24035873215307033,1.653326021366867
6,5.046790253821089,300.0,58.16138557369688,35.22508147747426,162633.4501703287,14205.513723487356,0.9625,0.9625,0.9175,0.8775,0.46191491712689353,0.032824394531147744,1.3724671644438113,0.4607471647096794,0.9997111114497709,400,0.007941951736029336,1.5197887319550891
3,21.884451024637098,280.0,53.443281163299275,60.257553355971424,19833.389088990716,8486.13546047205,0.92,0.92,0.6025,0.415,0.331257176494975,0.011783208625556015,1.8460557534105253,0.33104753884285204,0.9999925865798026,400,0.006198294140713368,2.8451055205053044
3,20.99966375036906,108.0,66.35988663168689,8.87483075674857,5549.501914153495,661.1303319213323,0.965,0.965,0.755,0.61,0.8683188111529113,0.004385425215412315,9.225752368735218,0.8683077368350954,0.9998786123081025,400,0.013084995397479907,5.42090818149045
4,3.1055288781133576,210.0,56.73895125897099,4.7122639371387045,619931.1023813653,3710.234167140102,0.94,0.94,0.805,0.705,1.23313699240877,-0.03559301887356517,4.210503054358066,1.232623210496384,0.9994107279317601,400,0.021733517540365163,1.7428000915179422
3,2.3693985846273264,88.0,58.25556747974648,0.037113751417427836,942822.809893066,36.0371049918208,0.945,0.945,0.6775,0.5175,12.87963096185398,-0.7879956546243005,105.82845810410346,12.855502968061613,0.9797870148638935,400,0.22108841298871218,4.20007769526774
5,19.177083294977272,280.0,30.17223250811725,3.146942098700745,23527.189974001016,482.696091156807,0.86,0.86,0.645,0.5575,2.3862391719287945,0.04699906011291389,3.881905121445902,2.385776283308207,0.9952114278158702,400,0.07908725916409479,0.8301548855729569
3,10.358359348237084,140.0,24.052934485733797,7.579714856634766,53373.52903126766,1751.1196749794958,0.915,0.915,0.605,0.4425,0.8609893600424946,-0.029497556863762427,5.756006821245298,0.8604839174821651,0.9996482771789619,400,0.03579560575251897,3.412891414284465
4,3.3779282151238377,378.0,15.648042975588359,0.24488157380565181,359814.113724642,146.8910059494181,0.96,0.96,0.8275,0.7325,7.266709620106568,-0.22458113328831253,28.183670628444787,7.2632383974037555,0.7235987357840914,400,0.46438456434730896,1.9797537962078702
5,14.238924694102554,469.0,41.70273738243085,252.95655177820367,18651.51722091027,34546.41734134814,0.9375,0.9375,0.8525,0.7825,0.21981597160689675,-0.010177623805389313,0.6249422287753273,0.219580229864075,0.9999335458877345,400,0.005271020211241676,1.4520800716127915
4,11.315731141076,260.0,28.12015848869747,3.086415757528723,27478.79373603817,511.6267694417025,0.965,0.965,0.89,0.805,1.7559673043829285,-0.06705220578552373,8.178054195936738,1.7546866317839047,0.990857461790764,400,0.06244514251542062,2.3779041539388794
6,5.742178491203214,402.0,18.63209357354997,29.80090263575107,123143.26357344142,10457.665544143045,0.9475,0.9475,0.88,0.81,0.5664827274278471,-0.007596081172907648,1.4617501919404172,0.5664317964458802,0.9967846362479438,400,0.030403600389385294,1.3166473332444213
3,3.0310375171447044,136.0,64.24401937730372,0.083277682731734,360753.0918770764,50.01884545732909,0.9375,0.9375,0.6375,0.475,9.83992553461052,0.37582500876944425,73.90892420204383,9.832745806206097,0.9918662222628504,400,0.15316484911725173,3.835005555941528
3,25.1135870137231,216.0,57.88521670753092,28.715688011344664,8946.745002096199,2716.1375266471637,0.935,0.935,0.59,0.3925,0.6250761149143917,0.033391932652454895,3.3135400921210905,0.6241835693689828,0.9999796847944138,400,0.010798544956178229,2.708468730381205
5,41.09409056850283,336.0,30.141578542781883,34.77956130261688,4425.701372193244,2313.7431860147117,0.92,0.92,0.7875,0.68,0.5208134226082627,0.0031203119382153767,1.1584807244592816,0.5208040752743214,0.9995713384613261,400,0.01727890335501303,1.1349020143526154
6,2.0531212673655084,390.0,21.20630882572191,1.6791516601660537,1905890.2592776185,2318.1357700310255,0.9175,0.9175,0.8275,0.775,2.649520509761779,-0.0008320893264114293,5.93431602005406,2.6495203791017854,0.96122602482922,400,0.1249402020660983,1.1427397498093779
6,5.286180227455643,497.0,39.999314634130435,23.75095968062091,123462.29392381308,8345.42259491989,0.985,0.985,0.94,0.9075,0.6081656263925209,-0.010508623563969532,1.961053574742158,0.6080748292407754,0.9987580931710651,400,0.015204401174253823,1.6454184419753013
3,7.325818713234522,348.0,52.24842422388661,23.81194817401406,52443.2414445349,5453.052665894543,0.955,0.955,0.74,0.5775,0.8148895609035861,-0.04122483617226191,7.563336023992281,0.8138461214211256,0.9998721362765118,400,0.015596442821160527,4.741492044542631
4,4.6744002839523535,150.0,37.96415100338572,3.4118964067783044,148075.52132193837,1312.917604389481,0.96,0.96,0.8375,0.73,1.4014389675708467,-0.14204451695221704,5.276612559454804,1.394221838528522,0.9978799944806253,400,0.03691479805371819,1.9309332206912546
4,5.107557051943942,270.0,33.28833492706109,0.8534880760623595,171628.23182399585,353.5833630049516,0.9725,0.9725,0.9,0.8075,3.5349610503698012,-0.04456932950153316,17.173582055782713,3.5346800707418136,0.9724742507030665,400,0.10619218588479547,2.4788754528708354
4,8.392674749268616,357.0,13.169552635252101,150.0752247674589,73056.7556414003,40563.85236365786,0.93,0.93,0.75,0.6,0.27210412597667655,-0.030611698459853235,0.762027581749406,0.2703767358537603,0.9996292528847979,400,0.020661607384317025,1.4379550122814309
4,2.012238541836505,140.0,27.608529993230515,0.012854862538123938,1337689.3099070655,14.867743676317456,0.9225,0.9225,0.7725,0.6475,21.56931691536972,1.232043376200167,66.33247779262916,21.534100894042812,0.6307796075931571,400,0.781255536627934,1.5716050129573351
3,14.310393442242809,231.0,40.16879240073906,9.143944764739132,28990.833257022074,1556.9115590671652,0.9225,0.9225,0.61,0.41,1.0529384513549698,-0.006204412274666211,6.176581629956242,1.0529201715277983,0.9998551008893515,400,0.02621284804508081,2.9929307495062476
5,3.2250949621597407,260.0,27.00923151112862,2.0316802752242635,354576.0620456088,1209.7902230458212,0.94,0.94,0.87,0.7875,2.2981077644797065,-0.03539227673186221,6.930116981039561,2.2978352168747107,0.9804667759168477,400,0.08508601081570265,1.5387413091906368
4,25.49630455084686,200.0,37.029400976150924,111.76455750458868,12546.36360444609,12518.809702847166,0.9225,0.9225,0.705,0.4975,0.35690238885318865,0.004094501743834495,0.775182411120168,0.3568789013441147,0.9999525715880142,400,0.009638351673121971,1.108222505375837
3,20.692368415276068,176.0,20.125723894169003,207.59671130949786,11522.21690935224,22283.761037494078,0.96,0.96,0.73,0.5225,0.24824467777396989,0.005292887559863777,2.1072158968878814,0.24818824586265315,0.999931943712628,400,0.012334695590546856,4.331833474774517
4,5.953792860678547,343.0,60.068449640676285,22.550857289908606,110139.67027851283,7484.0200549019855,0.9475,0.9475,0.8325,0.7125,0.6770360933885087,0.037024064143125986,2.6673679644759622,0.676022995485434,0.9997927559809499,400,0.011271076537491374,2.0131001930113195
4,37.00241147584406,287.0,41.575195766008754,74.13674269667555,2113.3542993299175,3408.1575012285575,0.94,0.94,0.7875,0.6475,0.3501010291811749,0.02593201900339965,1.157578138717787,0.34913931463546927,0.9999170244282617,400,0.00842091114018066,1.69159148347181
6,4.2738449728492505,324.0,58.89485804929719,4.624573179111621,495961.21623262804,3256.8331827288553,0.945,0.945,0.865,0.7925,1.573079797446633,-0.02674099659583236,3.687546762367739,1.572852494112465,0.9979125001758719,400,0.026709968400465568,1.1961715522681224
5,5.186415410725022,392.0,25.825334461974293,11.343180052485222,180550.0634057296,4819.851395890116,0.965,0.965,0.9075,0.8425,0.9073844628431752,0.002208539554449045,3.044092242738315,0.9073817750882117,0.995897231499612,400,0.035135438969018,1.7116370746595595
3,26.143063954356645,182.0,14.045192539913685,52.728423023013164,3388.2732621322675,3069.262245098605,0.99,0.99,0.855,0.7225,0.29740296135585964,0.024045977364094133,4.545048236924681,0.29642927047752965,0.9993576651200573,400,0.021174715868842574,7.822784025209976
5,8.607731264399165,420.0,65.2287780307807,26.02060430114443,54593.54327065698,6079.782170594652,0.915,0.915,0.8,0.6925,0.7788404501187963,0.008427167059894512,1.8068893927253074,0.7787948571970631,0.9997700569160539,400,0.011940135529616553,1.1837293668644864
6,27.750958342234902,220.0,37.463170866855855,30.577948135781526,8911.974982016654,2886.6579044615037,0.9275,0.9275,0.845,0.7725,0.5045202860699638,-0.02228337621645734,1.135663532701932,0.5040279458527215,0.9995210429796015,400,0.013467100472168503,1.149579451920295
6,6.355982880630922,380.0,42.45295993455723,0.23037104303407333,335911.00047430105,133.5180564270296,0.865,0.865,0.71,0.595,8.019631585527536,-0.09885674944349626,11.954856470595331,8.01902226650359,0.963538928252738,400,0.1889063000057025,0.7606184848878971
3,24.930216978907666,270.0,54.152305195098585,411.56910870313914,5126.183425207449,29467.26585494687,0.9425,0.9425,0.6925,0.53,0.1936428985697903,-0.00919142064042406,1.6055582401491226,0.19342463636548704,0.9999945683348842,400,0.0035758939138812,4.235046697335736
4,3.233912249667699,188.0,37.770365999117494,0.6253021350872758,449966.9781870876,419.4500333129164,0.9575,0.9575,0.8275,0.7175,3.3458353146976423,0.29769974123440024,13.540495560328909,3.3325649006653784,0.9863131795470543,400,0.08858360850344468,2.0730027195657303
3,3.7804162172157927,220.0,33.369046090710306,0.704019984145533,232362.95917892302,339.3660834897171,0.98,0.98,0.7425,0.5925,4.068997405628327,0.16903485074928187,43.88294355348829,4.065484855000966,0.9886125770892131,400,0.12193927853278087,5.507155410382097
5,7.998593035006624,318.0,23.22118671800948,21.71185542169623,64690.94765924516,5522.2834556904845,0.9675,0.9675,0.9025,0.8325,0.5667961768412942,0.020456877736995116,2.0448335251827485,0.5664268904590966,0.9977556679945738,400,0.024408579273931266,1.8418659643117057
6,34.34530766876324,420.0,28.835985422920544,161.60303066746053,3177.0896147726276,9108.864330752715,0.955,0.955,0.905,0.84,0.2584408679293946,-0.008252790419404627,0.6797448490553464,0.2583090661714996,0.9997105235673964,400,0.008962442730463115,1.3426110108986733
4,3.660147376900515,287.0,14.471444422386535,12.561971351353636,344746.56573871884,7375.776917880124,0.9425,0.9425,0.81,0.695,0.7468782586543568,-0.06258380476210332,2.6135802180371064,0.7442515707958318,0.9963235003022413,400,0.051610484541472365,1.7916781734044802
3,18.81268261761875,120.0,23.879931895269568,3.943263686424368,9092.122311955669,376.00052738906714,0.965,0.965,0.755,0.6125,1.4347285173685618,0.13620048373130866,14.461753103724144,1.4282490492844548,0.9978089728424449,400,0.06008093003199773,5.166077628254197
3,3.0965437831096843,88.0,47.227988873812926,0.09885596394998002,373686.79078722245,60.4305780549249,0.9725,0.9725,0.8125,0.655,7.219617955541377,-0.12867440423234192,96.65939850675517,7.218471190056167,0.9749817460047117,400,0.152867359540362,6.831920270630038
4,19.37480893336642,310.0,21.234670196998266,150.71863470092595,10293.559282519827,15291.487582593232,0.9825,0.9825,0.8475,0.735,0.29053442764763204,0.013689776417344524,1.1433895855948002,0.29021172214467883,0.9996850105047117,400,0.013682078645549297,2.0101256736139423
6,37.10618994917448,510.0,23.57913058896373,28.017900213389506,3558.810238918032,1671.4292571113915,0.945,0.945,0.875,0.8175,0.6998923644240763,-0.003198007261195235,1.7313030348624494,0.699885058083598,0.9972493062784349,400,0.029682704448469474,1.2620899170908046
4,4.6416295948754485,175.0,28.66204925997954,0.3276012743997156,207205.68362908476,149.1236120250616,0.9325,0.9325,0.7825,0.675,4.657212937211638,-0.28587866816973057,15.70186655172475,4.648430458726575,0.9674487515500706,400,0.16248708858771121,1.7234110470345367
5,34.333648586236244,220.0,49.31102822189459,3.2280588201515363,4762.849041728783,222.77930667773992,0.9325,0.9325,0.7975,0.6975,1.9083291917063792,-0.036843274698703146,3.9493334432810063,1.9079735000854174,0.9981254481685979,400,0.03869984586650866,1.0560765348156576
6,3.028341755120163,292.0,45.68355823540408,2.154145978239311,642115.8097177957,1726.1630340163988,0.9725,0.9725,0.9275,0.8575,2.143558274400812,-0.18311983984362976,6.03396210317444,2.1357221729447464,0.9908677827618634,400,0.04692187642992279,1.4414571953484105
3,7.668104996625784,125.0,46.612896210775425,38.70648131898461,45191.19355572025,8228.30911681517,0.9525,0.9525,0.745,0.59,0.39255230719432116,0.009932982896052813,4.223265297298673,0.39242661700548725,0.9999490161043731,400,0.00842153865357921,5.49077738136502
6,2.883969126986173,405.0,62.6105644554023,2.045431888594359,678212.1845172668,1684.487592112646,0.9625,0.9625,0.9075,0.8325,2.225504973328412,0.14175923162672796,5.9502439569985786,2.2209855259677167,0.9953633961368056,400,0.03554519900413366,1.3668881305509377
4,4.477734123187385,276.0,40.448979647873934,0.375757372765263,154806.95215160397,147.8436720757023,0.98,0.98,0.8725,0.775,4.851274102317286,-0.04112153789900539,21.81804331966282,4.851099817045122,0.9702291395204208,400,0.11993563606671293,2.2946661942137627
5,5.951182185457338,342.0,41.62300474019011,153.549899114052,88441.22880053123,45664.31207388562,0.9775,0.9775,0.9125,0.8075,0.24568850983780544,0.011094537289009275,0.8371946791323324,0.24543788442020154,0.9998806992455713,400,0.005902709604253411,1.7403187100617714
6,18.221453505536676,522.0,37.23144897231407,5.10963234642144,20142.266289547584,725.176662170028,0.925,0.925,0.8175,0.7325,1.6964611155999043,0.03507610746682275,3.500105050099696,1.69609845923739,0.9955450007347393,400,0.045565272435714795,1.0528680531358152
3,11.055440839320823,198.0,60.11597650501269,14.10239300310959,34649.40198054716,2625.0687688019466,0.955,0.955,0.6525,0.4875,0.7753552849827622,0.0016567336711075064,5.1515885556915215,0.7753535149751005,0.9999554384187325,400,0.012897657662071084,3.3898879120839283
6,2.8908092426386993,335.0,67.22126429812546,4.197518406652285,498676.80919208116,2964.163773413222,0.985,0.985,0.9525,0.8875,1.4490118435881005,0.10600129849066806,4.812301095345542,1.4451294224313882,0.997384680851094,400,0.02155585525975458,1.6989866947416283
6,10.155142874355391,434.0,16.464151774696294,22.998130834352093,53110.043160903566,5300.060993058727,0.9475,0.9475,0.83,0.765,0.6434484718666265,0.040652486441324694,1.4922241585183578,0.6421629943352659,0.9958545312969387,400,0.039081786943651754,1.1855850665686771
6,3.565281304390208,304.0,66.82847404525718,9.839505802476978,650788.6049735936,7937.67395798111,0.9,0.9,0.7825,0.7025,1.207625838692569,0.01790544863233892,2.2550765749099337,1.2074930894987372,0.9994161034876685,400,0.018070528407917077,0.9528412898750878
3,12.901038148110338,200.0,18.508416867891064,122.61792404086003,19443.82635274367,17097.980838793,0.95,0.95,0.67,0.49,0.32180779991638725,0.00388725732811273,2.419563805136998,0.321784321118184,0.9998951214130547,400,0.017387105672699035,3.836331505717262
5,4.122740109409619,420.0,19.48495065339019,4.621283095861504,315176.97803837433,2594.4172150970767,0.945,0.945,0.845,0.7875,1.5593193163146624,0.0028797742380905554,4.357343237460002,1.5593166571073254,0.9856946114265568,400,0.08002685477899099,1.4257106115640734
5,26.52177851065925,497.0,55.092351815211764,125.15797457168657,7656.034433935153,10951.168603582073,0.9275,0.9275,0.8325,0.75,0.32661370694153397,-0.02852502792557665,0.8514551139383024,0.32536569632328377,0.9999292001463194,400,0.005928476388828828,1.3351618789790347
4,2.0161931115473664,222.0,39.74708529224281,0.5785342722611833,2068687.9401044035,832.1020326382807,0.9075,0.9075,0.7525,0.615,3.6126474061626745,0.09441975450470949,9.867889234534623,3.6114133232313876,0.9932117329974339,400,0.09089087613847581,1.3940905994259427
4,3.110376145680789,185.0,14.097093616876737,0.042502672786607125,627427.5658711148,33.666505441339424,0.935,0.935,0.72,0.5825,12.182713528266236,0.022535012585497328,33.64675801970551,12.182692686143278,0.6334032580010438,400,0.8642003706126598,1.4091066497052456
3,9.753003679389755,175.0,22.946678276541814,5.625691115610746,34665.460308179,1047.4284569030779,0.9275,0.9275,0.685,0.525,1.3530404038179917,0.06018166635220275,10.799313448040028,1.3517013358723244,0.9986807350426536,400,0.05896454325597065,4.076236113552867
4,6.939293988354969,225.0,13.917717073746562,0.5220951572844034,127931.15676965314,186.74020375571195,0.9475,0.9475,0.8075,0.69,4.158283446089222,0.24438718403520598,14.605989135044503,4.1510957736842204,0.8842304604639439,400,0.2987762593574435,1.7951971429384745
4,5.163951975150173,245.0,22.817967189714388,1.9893746826749794,177855.93858895072,838.9783851096944,0.97,0.97,0.8475,0.735,2.373249868066193,-0.09563652062289904,8.791136899424806,2.3713221190296663,0.9835429774829845,400,0.10400794463128067,1.8914654792295005
4,11.152421716035576,204.0,24.521537929068636,7.681155871283013,32557.771176954644,1385.9702604274485,0.9775,0.9775,0.87,0.775,1.1065922600478106,-0.0024016257216615423,4.583957388076975,1.106589653933026,0.9961633082626824,400,0.04512735959909023,2.113478795969817
3,3.1744255232183924,96.0,29.621134577491578,0.8694478588113215,563012.2986756614,652.3827711866021,0.95,0.95,0.6625,0.48,2.834549374662952,0.16020544667334807,18.83073198918488,2.830018440268248,0.9974362377402517,400,0.09569347748134069,3.3948599713371586
3,48.398531656065714,315.0,33.53403915594354,116.63456927970297,1504.11553670976,4523.430151490186,0.9475,0.9475,0.6975,0.525,0.3342536431981779,0.006748298898286258,3.010674463603996,0.3341855150260618,0.999949928053125,400,0.009967592679301059,4.596424233642101
5,7.527962032927682,462.0,33.89910265309733,0.5783042627926078,138376.07988898337,215.12302944236055,0.9675,0.9675,0.865,0.7925,3.9040760091464204,0.08300791057104004,11.247861596962425,3.903193458179503,0.9684469528077383,400,0.1151675325774356,1.470258893876606
4,4.79674758578842,96.0,18.709377852849535,1.2623158790345064,221881.44683071875,594.6049768492883,0.95,0.95,0.8175,0.6925,1.9030107485933665,0.14321165543140216,6.621970410488402,1.8976143789006452,0.9864058094452215,400,0.10171427203836862,1.7804230245341808
3,16.524104385061705,264.0,62.649182933267035,106.13969987923326,15780.67514628771,13333.391927924198,0.9175,0.9175,0.55,0.3775,0.40336663721719246,-0.018724618822440656,2.10623296076393,0.40293179654857275,0.999993031292514,400,0.006438497971264087,2.666974070192156
4,2.1889247397539027,354.0,59.58942229405776,0.08757886587101958,1160881.8527878327,94.36117235809628,0.9375,0.9375,0.7975,0.6875,11.915233047778823,0.05419452700225424,41.31621011649493,11.915109799583202,0.951517755417544,400,0.19995550534086998,1.7691569270948224
6,49.61946403539231,511.0,19.178018392924628,3302.702686722146,2178.1577014482,154139.56881114954,0.9275,0.9275,0.845,0.7875,0.0599691328118318,0.003713244453542446,0.14136007183400778,0.059854061732111025,0.9999718360786004,400,0.003126972327545389,1.2049722866326866
6,11.452934618914561,256.0,32.39849904532212,130.66794506993915,53309.10317289226,30169.613706497184,0.96,0.96,0.8775,0.7975,0.27978778200008203,0.0009176972073949763,0.656420590842328,0.2797862769836308,0.999788653550698,400,0.008635825431563608,1.1970153373000052
6,22.41596598048687,357.0,38.39834097044006,21.367869596399956,9539.10655812069,2086.9645628196618,0.96,0.96,0.8975,0.84,0.6452742784853616,-0.02085031208308452,1.742523597517378,0.6449373294831381,0.9989374994484519,400,0.016804743699268383,1.378494639947531
5,41.155803040231696,272.0,60.71953335556455,0.7534176341590576,3241.7458990797186,42.896836536366045,0.945,0.945,0.8275,0.535,9.926082946428092,3.483436814602736,3.94395142835256,9.29477221980404,0.9987827533496887,400,0.16347429563238616,0.21648944900651168
3,44.387978578460036,192.0,40.11651579030673,18.077683881766475,2334.6659973422884,873.4844276632753,0.9525,0.9525,0.6625,0.53,0.6014219175284145,0.018429660452358512,4.707399257347733,0.6011394767432645,0.9999153672421847,400,0.01499187817486719,3.995302933663545
3,27.413074115520175,282.0,58.13470295762125,2247.9212167425007,3388.642644497062,130856.09993448613,0.965,0.965,0.7575,0.585,0.07220001953160075,0.007966450856185628,0.8062985404665879,0.07175917001414878,0.9999988084364615,400,0.0012419435527903663,5.732741979588013
3,11.240244852390695,160.0,20.304504774897943,1.1570509313400363,31105.337526379662,204.06566339871796,0.9475,0.9475,0.66,0.505,2.65475471073791,0.16873746246762722,21.874000994187618,2.649386767337889,0.9934616777556422,400,0.13074708002826696,4.212372737139107
3,12.635456579468212,252.0,23.56332846592689,144.48553897436284,25309.34360922319,22986.07520781617,0.9675,0.9675,0.7225,0.5775,0.2729305536073236,0.00799124221521347,2.5005970889015243,0.27281353914396905,0.9999297432734949,400,0.011582852312311794,4.6765085240253255
4,41.31512676940472,378.0,54.41380796370476,1285.3618326133346,2776.445157158018,67728.26486581618,0.925,0.925,0.72,0.5575,0.12223550146539001,0.000754796180588837,0.2917483994899782,0.1222331710347937,0.9999968830307507,400,0.0022464059406929185,1.2177645639841101
5,3.4489685382273056,240.0,68.89717497127987,0.05578890380051075,500522.4265721491,39.469315867230875,0.94,0.94,0.8175,0.73,12.520536424386654,-0.03678574091410969,29.545573967966824,12.52048238542183,0.9482723353664873,400,0.1817278637274446,1.2039689820727513
3,22.37849141672091,180.0,38.431439752611254,5.532919224229425,5895.5071599187995,424.82974371715534,0.935,0.935,0.6925,0.5325,1.6638595913655942,-0.03663167738291673,13.330270734921825,1.6634562993933433,0.9992821081612677,400,0.0432942299865969,4.088570610905607
3,6.810494409686928,132.0,22.604675773347875,3.73512137729073,78941.31225913753,1049.4382517042548,0.9625,0.9625,0.7375,0.57,1.1315320451994544,-0.03370785518316786,10.624502020324666,1.1310298624758812,0.9986756102383032,400,0.0500574330968105,4.792680083811321
6,4.490810127249635,248.0,50.16734634304807,12.588503738372077,307687.6997944468,6982.793207264179,0.945,0.945,0.885,0.81,0.8242662628777854,-0.013877515217390588,2.074179933293304,0.8241494322572221,0.9991149989759929,400,0.016430334130918368,1.284057267513229
5,26.554204947717547,290.0,59.67291351961649,20.42460831292948,8757.254115571377,1911.3389617873452,0.9,0.9,0.7625,0.6625,0.7691530661676027,0.04294464944193249,1.6764039856591384,0.7679532513632156,0.9997675442449517,400,0.012889484035579329,1.1137502893962077
4,21.24186811337698,273.0,42.20974781357344,292.0678379827983,8688.4261460433,27224.147729498072,0.98,0.98,0.8925,0.8025,0.1696895856328807,0.004500089861975453,0.7024228746804556,0.16962990497990882,0.9999702781775566,400,0.00402015161005803,2.1127113036852605
6,4.533984722126612,360.0,53.64817752372836,3.188041943747397,218340.89239178947,1489.6751292385738,0.9325,0.9325,0.87,0.81,2.1683470272449883,-0.12421434751631859,5.207889224392473,2.1647862773108275,0.9950070880042514,400,0.0404179065782046,1.2274127782611761
4,8.035844092906432,364.0,19.99340229209364,2.27684297871322,53123.146290342724,524.7772207538655,0.955,0.955,0.8325,0.73,2.219640418398581,-0.1391030808035669,8.216983296809646,2.21527739118594,0.9834386584473886,400,0.11101864434930789,1.8924665748045502
4,2.1515717787651703,295.0,39.52667300521968,7.422933548236097,823412.2016815563,6735.7230446625035,0.955,0.955,0.82,0.715,1.2737546770164156,0.1338517211737664,4.838085009870397,1.266702290974487,0.9983723111273831,400,0.032225193272608865,1.9486904988721996
6,54.772947522768106,315.0,23.206815062094016,303.9027042221382,2227.1313162115607,14341.925986213042,0.9525,0.9525,0.89,0.7975,0.1686298527376758,-0.01920110995495221,0.4163904410531929,0.1675331149678417,0.9998318572598492,400,0.007266393612672667,1.268072300923544
4,2.14330571761848,216.0,28.342711730646975,1.2753541919187388,1835288.3827495119,1727.7582355506515,0.92,0.92,0.7225,0.58,2.2374994438250293,-0.011515981545313761,5.754397546821819,2.237469808351917,0.995774614861305,400,0.07894443781840468,1.3121594332877125
5,2.327751813914432,413.0,40.25182404481726,0.09904468002386034,947622.3532621843,96.41593153960443,0.96,0.96,0.85,0.7525,10.220048900771125,0.07625014097377808,29.96678185769509,10.21976445179411,0.8565992524808642,400,0.2539027520688727,1.496039804959234
5,31.898374667575414,216.0,69.74293774311587,156.59764923584814,4762.598317191307,10807.051360403371,0.9375,0.9375,0.725,0.5875,0.3385134051294788,0.04554136052854527,0.5700939747770396,0.3354359997578729,0.999980422203545,400,0.004853730228232212,0.8671230072364992
4,32.25335808430165,195.0,58.10757591475423,41.000183129718934,4524.845068851594,2757.95803246658,0.925,0.925,0.735,0.5975,0.5418199595630334,0.06817039832298395,1.385513551645706,0.5375143396909267,0.9999379847025998,400,0.009324428889580622,1.3151177875802544
6,17.301616975327068,616.0,23.715712117934245,1156.46289210722,22001.921820591575,171538.6589468148,0.9575,0.9575,0.875,0.8275,0.11048905294595383,0.0009458755424727717,0.2726617370550853,0.11048500414242622,0.9999316040886383,400,0.004658896700909101,1.2591132365006112
6,25.957941671498162,294.0,26.679040797108016,82.06761180878826,8436.575992189248,7537.978716657186,0.945,0.945,0.8775,0.8,0.30544727971880814,-0.013630489738158547,0.6980993405720027,0.30514299998053,0.9996469633307951,400,0.011448960329635178,1.1672335035299037
5,9.159573454730292,420.0,66.12121467260434,41.83532493926961,70246.03843436981,11088.02164443053,0.905,0.905,0.755,0.6725,0.53477875169207,0.013320917535011745,1.0931158727773296,0.5346128191666882,0.999918547323593,400,0.008087854319373871,1.0432076448480054
4,44.32511861314602,336.0,44.51180532557666,715.0096422967717,2409.2373584050606,35095.5209180074,0.9,0.9,0.765,0.6325,0.13586432522746097,0.0005886811642365508,0.3906873966027633,0.13586304988480188,0.9999916900073952,400,0.0030523211591553397,1.4671413939123028
5,50.81457999309896,294.0,54.733059089346355,209.55382632911997,2878.788855146038,11243.47352391002,0.93,0.93,0.765,0.6,0.30843555127465916,0.022837596677063594,0.4684369814857487,0.3075889033566046,0.9999781097351501,400,0.005635269732889739,0.7770061186655507
5,8.330407091332834,224.0,53.13392351796763,1.4750527600003382,105976.64994700183,480.18948734160733,0.965,0.965,0.8325,0.725,2.665229453885851,0.08413307541436378,6.326818168568257,2.6639012120350847,0.9958379543940188,400,0.05016059943295142,1.2117448044873813
4,46.12259652179702,306.0,63.04065962529748,0.6849134221560593,1552.9946707326224,26.991104696934517,0.955,0.955,0.4825,0.1625,12.88481758410691,6.08928654983634,4.970005528390388,11.355135996089738,0.9992840639884699,400,0.2043890032352451,0.22331014857020012
3,5.925012089517276,200.0,32.49947235137233,1.017713997028093,121302.44112043774,354.45451930232633,0.9275,0.9275,0.6225,0.455,2.8032016019075146,0.011221400850146104,18.557524123362505,2.803179141813776,0.997934365984462,400,0.08625375734105252,3.3776380579835843
4,18.82642631299596,216.0,48.52334689966937,205.53204000839114,12288.016090013316,22783.4988126238,0.935,0.935,0.745,0.63,0.29182662932468695,0.013171990545447319,0.8752395981896621,0.29152920993972264,0.9999652217318185,400,0.006014148816405642,1.5317532520848214
6,31.53698721856473,288.0,38.82726275961298,62.5012037371897,6307.838307257458,4963.9643954514095,0.975,0.975,0.9,0.8325,0.44368579733345864,0.001992152717816822,1.111005021937884,0.4436813249202357,0.9995770105186497,400,0.011427171677807999,1.2775820506057791
4,19.57004624098785,260.0,62.34943263543808,142.43194074913245,9756.575299750759,14068.768787280214,0.9575,0.9575,0.85,0.7425,0.28553484467152257,0.006295682896261283,1.2408038861642576,0.28546543030367133,0.9999576309890736,400,0.004579590103747483,2.21765278742587
5,20.97325643657869,336.0,63.14759313962139,52.60460597889433,20105.77389534937,7459.061176949949,0.915,0.915,0.76,0.6525,0.44517117232846787,-0.005094548723703571,0.8471320518008341,0.44514202030992783,0.9999468811707162,400,0.007049693427652577,0.9709490697142127
4,37.44123749997038,330.0,55.512849107055295,77.31057455941566,2928.8886672123695,4183.987059941518,0.9325,0.9325,0.77,0.635,0.4595535403945152,0.03922331680229856,1.3839682889498355,0.4578766077319957,0.9999326469353451,400,0.008278327410439273,1.5421322206651429
3,9.740965398185155,203.0,26.93197709812129,0.8274602085381692,44488.22215712995,174.52982117062362,0.93,0.93,0.66,0.495,2.954699706410874,0.1136855060729549,24.1554628708138,2.9525118053571675,0.9951266701519941,400,0.10970972148260837,4.174146138231727
4,35.77168925076003,318.0,69.94679445641508,24.76865861194098,3796.9147199812437,1526.2227001221427,0.8775,0.8775,0.665,0.5175,0.7962527973258028,0.03171462856136184,1.7498589963630908,0.7956209522029828,0.9999332032194765,400,0.011383692469595016,1.1221237949478924
4,3.118806624360161,287.0,59.69581902223843,0.6580247008907877,473094.27189132065,452.6015545729163,0.9425,0.9425,0.7875,0.6925,3.849110337108698,-0.04806188352190302,12.884366175290623,3.8488102632617993,0.9950437965884649,400,0.06447872564868894,1.7079709734280102
6,3.5930211196582,252.0,24.807772855337543,0.3669126489272406,467574.4634967892,250.89272931614687,0.95,0.95,0.88,0.82,3.963241421524619,-0.13988452735015516,10.471110562585212,3.9607720060988747,0.9150756306738642,400,0.15975805021416517,1.3488287990400416
4,30.705818582958145,287.0,32.85942596733677,15.33118584167921,5700.412589970143,1157.5210388565895,0.9575,0.9575,0.845,0.705,0.6936414579683144,-0.008653611254127442,2.621363870385924,0.6935874762599678,0.9993264299548994,400,0.02110936017743628,1.9282795492892908
6,26.10555730536231,414.0,48.36342801175026,1197.1766919015288,7711.546952248854,105130.56694131767,0.9275,0.9275,0.8,0.715,0.12186068625722395,-0.0017797331082648072,0.2167564922925329,0.12184768937138246,0.9999895388523703,400,0.0025196866985445483,0.9076088981134224
3,13.461052824321191,322.0,33.09050271313864,12.779007920993044,18009.33684761207,1714.928429304619,0.955,0.955,0.7275,0.5775,1.0134807212280426,-0.02718897491159612,9.399407924677353,1.0131159518752877,0.9995040996590843,400,0.03062754077850979,4.733531516529729
4,2.120994858345364,140.0,58.57295770454482,0.9650036450165916,1482837.346081868,1175.102395199978,0.9375,0.9375,0.775,0.66,2.4415138484835768,-0.2655776805638101,7.815834797346163,2.42702665167143,0.9980896408467467,400,0.041683294546932766,1.6430272045946952
4,5.628696134427567,236.0,42.55532903543532,0.5636229661459674,110217.24637465428,187.11709199439304,0.9625,0.9625,0.83,0.7325,4.557016739053757,-0.0007780100782289168,18.291724070488563,4.557016672639728,0.9809110546142387,400,0.1070845142628126,2.0479434137017316
6,8.89081466166698,276.0,31.081697586230856,26.45815167052684,124558.09514306227,9337.8196275076,0.9275,0.9275,0.825,0.765,0.5943417641757681,0.03425846868761012,1.1843031154597752,0.59335359606793,0.9992489180766686,400,0.0191219209480714,1.0183409815024844
4,2.7768970864425477,215.0,33.270082973384866,0.07170976528894679,493469.38126365445,50.37422833783419,0.9625,0.9625,0.7975,0.705,10.530125543366895,0.20279158800139122,40.08089019602559,10.528172658676521,0.8493753156413995,400,0.31650433669764816,1.9423535723105354
6,46.99193574920997,444.0,53.51885945401951,219.33368176147388,2881.0039147708762,11772.731874267605,0.9175,0.9175,0.7875,0.6775,0.2819599895107356,0.03798503502202406,0.5096020821886651,0.2793896433285774,0.9999529371597752,400,0.005268422989338557,0.9306037949136872
4,6.859022766560473,350.0,36.93087248358467,44.501883386988816,96896.38872326468,13852.628487946324,0.9575,0.9575,0.8325,0.7325,0.46263713320487976,0.032876729648116235,1.7904002637146714,0.46146748278472915,0.9997491718015712,400,0.012527110845012297,1.979488385164356
6,4.081889383371619,483.0,42.444625899988786,0.4036415949571941,356300.3519355497,240.93730001037017,0.9575,0.9575,0.89,0.8225,4.953556271651697,-0.1008182297660754,12.310093720577175,4.952530203942899,0.9582933231490762,400,0.11670632421931669,1.2681719854063065
4,14.890895843331977,180.0,20.222639405333258,193.74154272857996,14300.533033320784,23168.55063964525,0.965,0.965,0.865,0.77,0.21964460118703158,0.0022361626975458205,0.9862326877335843,0.21963321790430576,0.999737392967303,400,0.010861322144185856,2.291001095018569
5,9.394867309467047,188.0,43.399165887078574,51.81950525177375,65601.63092946596,13272.434186737622,0.9325,0.9325,0.8025,0.7175,0.3590464894010973,0.018561685049510165,0.9102293274351345,0.35856637516556833,0.9998707449582664,400,0.008273119587950371,1.2951652755078107
3,2.594421156777996,155.0,24.031157337461913,4.126109387514992,546240.0264354947,3049.5271034960124,0.96,0.96,0.6775,0.51,1.4559691933439083,0.06180016901003135,11.420534117277306,1.454657014927176,0.998620069035485,400,0.06058672800890091,4.005619923643344
6,5.627240374591583,270.0,48.317343643067325,2.3652190800865807,147349.29002609148,907.9154312516508,0.975,0.975,0.92,0.8725,1.574423340327048,0.07727132599551406,4.810406076500282,1.5725259923910557,0.994913897709182,400,0.0325850558333198,1.5607302050436493
5,19.707875256682918,264.0,35.44878414359041,12.051380180735627,15002.663760414358,1476.1176569599065,0.955,0.955,0.8775,0.7775,0.9473249145895672,0.01728388015419144,3.0027413066797046,0.9471672298432554,0.9978746515376768,400,0.026723763239728932,1.6174660846411255
4,2.182029414285802,200.0,20.836723982182143,1.5264994608908147,1324984.8108573644,1757.1227637392929,0.93,0.93,0.7825,0.635,2.511435810381901,-0.22577186351834422,8.156065733019473,2.501267057975227,0.9837105195250946,400,0.12052930261635537,1.6636600293370052
3,41.25401678143334,238.0,23.693572182195414,2342.8913809813703,2789.3535616960803,123738.24095249678,0.965,0.965,0.6825,0.51,0.06226022740485989,0.009877777305887746,0.475909969237179,0.061471663650824966,0.9999974962378881,400,0.002627726495865637,3.9499696994327316
4,20.905085932377855,238.0,61.82950671779472,18.72446976198657,6470.098120696945,1506.1386788026655,0.94,0.94,0.79,0.7,0.6208342556816168,-0.0036995625939069575,2.1542451063748613,0.620823232703449,0.9998683209547248,400,0.010041067584693163,1.7703987032241701
5,6.35722376681987,350.0,25.832908662030825,20.68679486170213,97800.32544536052,6469.390371401737,0.9375,0.9375,0.81,0.71,0.6118075613167892,-0.06355188525925305,1.4752585911238834,0.6084978635660041,0.9990389228131571,400,0.023683262667824282,1.236952501762397
6,3.1867325258342802,325.0,30.721176508622868,2.094666428346104,827514.5701254014,1905.47255027118,0.945,0.945,0.8675,0.7725,2.2271759345614845,0.09644974054367736,4.910777191045072,2.2250865356293175,0.9869296212310785,400,0.07249644016518564,1.1260229778663886
6,10.140401969887636,252.0,15.82694393035813,3.613152075318093,50015.89022722145,808.0537363233165,0.95,0.95,0.87,0.81,1.514633822915802,0.032910469007228486,3.8313845405366496,1.5142762358797885,0.971213256197144,400,0.09569970232917412,1.2909058364442478
3,8.662679696349562,124.0,56.27740992951917,10.238196382192436,35706.04596933541,1934.6140412889672,0.9425,0.9425,0.74,0.59,0.9572745017150129,0.0514021936501689,9.147013614562379,0.9558934491467533,0.999834165975701,400,0.017009924637858893,4.882179792177545
4,16.799445877019732,336.0,23.004312728937933,8.296966828886692,31385.82975924134,1469.8944874502595,0.9375,0.9375,0.7175,0.5725,1.0938690659862595,0.1108967396980653,2.7392356077490945,1.0882331765968134,0.9984566118067784,400,0.0475506083957137,1.2842552659510431
4,45.07046044541761,265.0,18.782415146587816,23.106112290981603,2591.7791483119895,1176.321068026942,0.94,0.94,0.755,0.615,0.7795175735283681,0.034906695974663365,2.1486773218857422,0.778735622670292,0.9985998813767301,400,0.04150252070591584,1.4077485449792628
4,5.901739181259924,294.0,49.17046090287819,2.2437930362982343,97518.43885793805,700.6903976840979,0.9475,0.9475,0.845,0.75,1.838988131446732,-0.04180094692599663,7.165334851293312,1.8385129938181108,0.9977671313111625,400,0.03740026222408436,1.9884456077748145
4,3.0788975761822464,100.0,26.020482314994762,0.5414324120546208,402176.24869792885,343.3621819348194,0.945,0.945,0.8025,0.7125,2.7146033979176245,0.290974849171167,9.212394362745737,2.6989637354243445,0.987204576029906,400,0.10432563720593628,1.741483645664298
3,12.732692470323265,195.0,56.28525238618521,149.80512071906168,20425.606065198575,21409.875150557546,0.9525,0.9525,0.735,0.61,0.26655000059257916,0.0005450451848598093,2.8444644790740727,0.26654944333397207,0.9999843194361033,400,0.00473569877174437,5.444608584173042
4,4.390694326022933,230.0,42.09040084231885,22.12671200853432,293110.11471036926,11979.323303776484,0.91,0.91,0.75,0.615,0.7052998997111829,0.005882618370450352,2.008209924275462,0.7052753670260379,0.999754859664848,400,0.016756787428882237,1.4527615000379206
4,3.548751849938924,300.0,21.508063520717283,1.3492795264071962,520185.5295324854,973.1528614537516,0.945,0.945,0.7975,0.68,3.0478669776392056,0.07125872753177549,10.214828687032313,3.0470338539527417,0.9765369943796285,400,0.14170810750597787,1.7104001921545537
3,54.01318885744248,336.0,52.03602867161076,103.01711680599036,1121.9975837377078,3450.6852837782526,0.94,0.94,0.6125,0.3725,0.5342326305268787,0.038950970165404664,2.890675325038902,0.5328107782720262,0.9999805694255954,400,0.010266591132430893,2.768026492055437
6,2.3781300285097826,427.0,48.38528364705048,0.6929102416976747,728828.3075201411,591.5474637273387,0.95,0.95,0.895,0.84,3.6916602426338656,-0.17527717404945606,9.981708496760564,3.687496882615736,0.9786478959088509,400,0.07629717063483425,1.381074636489468
4,2.4803144820769774,354.0,49.75319724214171,0.41136882259939994,783147.3485550316,364.0433604418283,0.95,0.95,0.83,0.745,5.232059015952614,-0.26330195615985835,20.318968816074193,5.225429515962628,0.9827968641279883,400,0.10516025714867991,1.9839174546052365
6,3.19243361601918,236.0,39.21217631709896,0.2744637767810203,549036.4985600268,203.36941683889245,0.93,0.93,0.8525,0.8,4.956728599152555,0.2838788652376704,11.20629357616295,4.948592850046186,0.9588614061100382,400,0.1264078932795962,1.1553782854612409
5,3.794810201933368,335.0,26.345988780329765,1.453134528402857,323644.00216729345,826.6841363309552,0.94,0.94,0.8475,0.745,2.6771869511795185,0.08310428641206262,6.797310111022686,2.6758967934406273,0.9806811240002675,400,0.10161649173624256,1.296019850716124
4,12.090720968546545,250.0,40.96578208809161,124.51395755887195,22804.454671507025,18803.031891153732,0.9725,0.9725,0.8375,0.7375,0.2646644040001746,-0.010050006300041811,1.0394537164224116,0.2644735225275618,0.9999303607116725,400,0.006460621291961376,2.005242429255566
3,6.656966031339311,185.0,36.496333129053546,3.438736498229799,74527.95760432292,938.7684989318556,0.9225,0.9225,0.6225,0.43,1.8579825429636294,0.08097851299624864,11.18805007737624,1.856217015973755,0.999414404253114,400,0.05090874571956792,3.0751731968114795
6,17.71904757765597,288.0,48.33972393203765,39.88739475974589,24379.501761101277,6227.992547854029,0.915,0.915,0.83,0.76,0.5419086741181979,0.016486263508484332,1.1504830833590765,0.5416578386768458,0.9997028813109345,400,0.011210421368563967,1.083675196897344
4,8.680589139285633,378.0,41.07744776163278,137.979786743671,88919.48951811907,41144.70470718897,0.935,0.935,0.7725,0.6525,0.2972047404319508,-0.009623589030565967,0.9229080674162697,0.2970488920521233,0.9999454321569285,400,0.007235228979088287,1.5851648518684274
6,6.454004678025973,265.0,24.4111959674673,0.520752291481184,93320.5819895653,159.0815848364236,0.9725,0.9725,0.935,0.9025,3.553267355207918,0.17466074296411263,11.51622753686618,3.5489720374290776,0.8994312992936412,400,0.14555892140406979,1.6555854011675624
5,17.912217819682247,426.0,56.97142033466079,82.90875098456866,18833.166328906063,11377.89819531905,0.9625,0.9625,0.865,0.7775,0.38645512898192613,-0.0047728973829801544,1.1068164771422655,0.3864256541263904,0.9998877536379633,400,0.0067833156820001385,1.4613478122535766
5,4.5577664295247695,504.0,28.93664507273622,4.207722735549366,255298.4728445365,2126.038981042979,0.9425,0.9425,0.8325,0.745,1.679920945782831,-0.08917529919833321,4.608856309579527,1.677552428418489,0.9927647865461654,400,0.058055138788899674,1.4017191123038193
3,37.96198556810987,140.0,25.717422030968354,27.286812324108627,2018.2325675782845,1225.8530412639745,0.97,0.97,0.7875,0.65,0.41573004248370043,0.0006770964526071132,5.136491855795274,0.41572949109233676,0.9997549439027265,400,0.016165307781747622,6.303760416933137
3,7.749070498377915,136.0,14.929374447422235,3.0688766699077568,55297.93408557625,721.6620852206885,0.92,0.92,0.62,0.4575,1.5527528140724398,0.09588901961220885,10.796283826064883,1.549789210675984,0.9967570320906627,400,0.1040065556357282,3.5542304957203155
4,5.34407945335845,144.0,40.706291538569275,3.0450588305989212,195863.54936126957,1347.6356705778246,0.9175,0.9175,0.7375,0.6575,1.4538443784808361,0.048856153781736286,4.542942204705924,1.4530232458835555,0.9986368703322837,400,0.03571547108641219,1.5951758941425467
5,21.17944234550374,232.0,50.33486156564442,143.581247897998,7512.298597501907,12444.69177061939,0.975,0.975,0.8975,0.8325,0.30062755996836193,0.019399060813800374,0.9575533135421441,0.300001010418421,0.9998931541307454,400,0.005972551639509275,1.6284865449909005
3,5.458242727087068,152.0,67.72093776324125,47.72967706206748,99899.53452269059,15085.865391936475,0.95,0.95,0.7175,0.5675,0.46110298851711756,-0.017910853737640373,4.392779524883451,0.4607549970839229,0.999974128155918,400,0.00680886892218145,4.864220806051646
5,19.90238351093692,168.0,47.54479284402464,47.887351676074715,13326.886754664994,5528.218162882228,0.8975,0.8975,0.735,0.6175,0.4732933086078811,0.023742367925361343,0.9258891588605244,0.47269742535610637,0.9998878515805047,400,0.00995468231737945,0.9993547725253356
6,23.829817193779512,350.0,58.69701598801972,9.061201959869544,8838.037182344355,851.8511664448587,0.94,0.94,0.835,0.7225,1.354588121465141,-0.018770506484671438,2.5967803662723483,1.3544580639136703,0.9989843953631639,400,0.023077631778447093,0.9781683001299131
3,16.716692911860587,232.0,47.36727733276234,1094.4500328360914,10991.704627058929,114743.59784867176,0.945,0.945,0.64,0.4475,0.13454874036579653,0.014867378844008919,0.8910056076795473,0.133724809142998,0.9999978170761625,400,0.0028405419931690633,3.3994791296323235
3,19.315970068091495,399.0,17.511186993320297,28.576687371137762,9934.55691782856,2848.302655830919,0.955,0.955,0.71,0.575,0.7612159904140385,-0.03837801135324271,6.520569725090924,0.7602479281830342,0.9991316588467278,400,0.0434702679324027,4.375968897755081
4,33.79090141043762,235.0,18.65416186886988,8.883471900449308,6354.760180658731,708.1615058395614,0.9475,0.9475,0.8,0.6475,0.9576020903320994,-0.009976123474627983,3.183049316481039,0.9575501242069917,0.9969116867047337,400,0.05133450095820968,1.6959997312428887
4,24.67362268021081,140.0,28.486460675234138,16.802166529168247,8851.917851614788,1580.8256433627935,0.955,0.955,0.815,0.67,0.775856105663316,0.017259317668341573,2.481381357339104,0.77566411071331,0.9991545488960367,400,0.027235960076213962,1.632163818224547
5,3.7811060993848926,378.0,59.38679297944831,4.804531950752238,366477.2517819477,2908.537026376527,0.9525,0.9525,0.8875,0.78,1.510730775897972,0.20740762243338934,4.379198199471951,1.496425593005485,0.998373126097748,400,0.025438834126314636,1.493081116824206
6,2.00069607202151,294.0,65.60937744167109,0.07278102372114363,1458110.3024062924,87.88471510902887,0.945,0.945,0.8875,0.8175,9.184568085004816,-0.5109904339023772,23.550584654896213,9.17034239734533,0.9348640792641738,400,0.13998864862222177,1.3102678062753363
4,54.655565028090294,175.0,39.5189940917133,6.866025693373422,1829.7008665692902,293.69426842179223,0.935,0.935,0.7075,0.5425,1.2410802027560954,0.12119652647395199,2.998816781738591,1.235148360175311,0.9993992145346617,400,0.03140465063143741,1.2387245220439462
4,19.35086295060148,180.0,17.84935576861716,51.624611020222645,15551.148874760764,6437.808172519079,0.955,0.955,0.835,0.7225,0.3824047359108371,0.004655302469281404,1.2805385445690112,0.382376398599543,0.9994467461724901,400,0.02142400772711267,1.7086200783309209
4,15.234392647767585,399.0,50.80904680062153,13.423627669895971,19664.102915074145,1882.3785567828352,0.95,0.95,0.7925,0.635,1.0695150093647896,0.02791656755212811,3.2521830358634416,1.0691506070300263,0.9995509895263177,400,0.021049696396817794,1.5519582070137676
6,2.000635189036654,518.0,35.983129267737716,4.655110613161365,1159214.3579255415,5012.009445826245,0.965,0.965,0.8925,0.8575,1.4911485032596128,0.0948477817770028,4.298404089543547,1.4881289450398327,0.992774249689385,400,0.04144021194389474,1.4737051639922938
4,16.67588802997983,266.0,54.82271991038885,36.51751164882268,14781.31946950812,4439.742458880365,0.9425,0.9425,0.755,0.625,0.45395679335284167,-0.01923796482117046,1.3032650016882266,0.453548973034593,0.9999387690679927,400,0.00828045004142192,1.4660624603808863
6,22.295471554687765,385.0,40.65913316288926,71.88257314734125,14555.935859921812,8672.487480341651,0.815,0.815,0.6275,0.525,0.5331626700628382,0.04173199331669876,0.6777693392667377,0.5315269263944679,0.9998556401978819,400,0.013112986642555155,0.6505798034448459
6,2.7993413267881273,534.0,62.436989093859864,47.66285297960585,506280.1737033096,33913.72504350849,0.965,0.965,0.925,0.8925,0.4893633154581809,-0.008271750805717258,1.4930683200956487,0.48929340140127703,0.9997015208633805,400,0.007837714831548557,1.5568768123330354
3,9.726425941773577,180.0,19.096928257359252,243.98628223687902,30504.963371080787,42613.83926129404,0.9075,0.9075,0.7325,0.5775,0.19864432579273872,-0.009884600198925871,2.073057760437682,0.19839824305814585,0.9999265037699431,400,0.0104018993586672,5.33110835324066
5,16.867157356892882,448.0,38.78111210164556,400.3103660764545,11385.610631081512,42714.467848209475,0.9475,0.9475,0.865,0.785,0.15951023964391514,0.0033780223894465423,0.44278919241940984,0.15947446665844547,0.9999614490177209,400,0.0041130909094571014,1.4166083010583637
3,14.15907425597373,144.0,56.88449796307729,0.8702693888245081,30840.168991313654,152.831220835829,0.9225,0.9225,0.59,0.425,2.646682796967923,-0.0904472064251101,15.784241019798605,2.6451368831529005,0.999526823014264,400,0.04652731221581383,3.044524555634987
5,29.006266105582487,238.0,28.847422588543857,978.6317000730962,5519.665714997865,72706.90663745512,0.925,0.925,0.8475,0.74,0.07933910104129967,0.005684893436301559,0.20277911295446302,0.07913516879781993,0.9999854198391795,400,0.0027503012027427194,1.3073672890436292
4,2.0682590210033993,252.0,43.593946695794955,0.031325225742244334,1317034.3009208755,35.949491548941644,0.9025,0.9025,0.6825,0.57,14.914729774280339,0.37364815719215805,34.30452125091564,14.910048668412568,0.931750684831636,400,0.34212845830081734,1.1738598008570196
5,2.857836737406597,296.0,22.79212509906338,2.993229786281598,692965.0257711081,2491.699794615973,0.97,0.97,0.9,0.845,1.9152451040191074,-0.02440744162484739,6.780755932349916,1.9150895763025007,0.9747605151751773,400,0.08403100174708204,1.8064791308191488
6,3.192774378723083,480.0,33.79835036140817,19.23695315080766,414167.52489088767,12380.104444827508,0.9625,0.9625,0.8975,0.8425,0.8042295351643425,-0.02443980925116611,2.103731449388394,0.8038580975236992,0.9979827197466445,400,0.023794934562328007,1.3352261741759612
5,7.8306549166121435,280.0,48.690264907436216,10.496122877680865,87014.78724414585,3096.1745582623726,0.975,0.975,0.9125,0.855,0.7758684519591332,-0.019174597371562428,2.6309421544371214,0.7756314779333678,0.9991222011510159,400,0.01593477573872552,1.730612364147165
4,10.293873033860752,100.0,58.30916466992523,1.347980356592544,63120.28446859265,338.6632230547921,0.9225,0.9225,0.71,0.57,2.142173756359165,0.06087852769044204,5.680056132057882,2.1413085268826113,0.9989603762022388,400,0.03673820004943508,1.3533723823990462
4,42.998242018058235,222.0,49.51482334968925,5.64657348776765,3149.0374496017103,316.8647274853475,0.935,0.935,0.7025,0.55,1.494973928925297,0.14488017502317735,3.335811418447988,1.4879370897492918,0.9995196173501981,400,0.030192452033350116,1.1438283331829173
5,27.651906321263777,252.0,61.099536927244436,427.9337670585869,4829.143015147078,29737.988585087172,0.9475,0.9475,0.8475,0.7625,0.14979787873858239,0.006485575560998207,0.3924129563064569,0.14965741473185218,0.9999877889750244,400,0.0024517023576947463,1.337793335210398
5,35.79529671764627,427.0,19.305137942392204,1026.4956948876873,3240.945326848331,58437.682520187496,0.945,0.945,0.8625,0.7925,0.10493810757700872,0.0035142982782317045,0.28974733357227767,0.10487924546570437,0.9999329622313514,400,0.005435760567479544,1.4095283730763926
3,4.0268516821691165,148.0,31.682407257792292,0.17327445654899434,453431.82540788077,116.67842146567641,0.9775,0.9775,0.6525,0.435,7.853833324864518,-0.23539524297162825,50.75167719460861,7.850304896902973,0.983824276756776,400,0.2478925689250733,3.29843403465864
3,2.695872612058187,144.0,27.50066274154394,0.3945821484378089,665641.20708753,321.9270966775346,0.94,0.94,0.7125,0.5225,3.964439054190433,0.20834619370756813,31.51984851709156,3.9589605805006327,0.9912314782033733,400,0.1441579459902086,4.0620650392607445
6,10.514842102768826,325.0,35.972165939273545,81.69677563488588,28331.407706734986,13751.149172381474,0.9775,0.9775,0.8975,0.8375,0.34821274489804577,0.003308286084575016,0.8767332743264131,0.34819702892559856,0.9996917103096316,400,0.009680060563655843,1.284654542988868
3,6.720668230667156,108.0,54.22983834502249,0.38925908590805874,76046.74667770596,107.34432222028616,0.97,0.97,0.725,0.61,3.6180692587315963,0.017329790230350337,36.315818260525816,3.6180277554697087,0.9972173302058862,400,0.06671731594906519,5.121154384827117
6,14.77977414718566,360.0,25.821147761626804,334.4063224427002,22567.57494071686,50236.216852796824,0.945,0.945,0.885,0.815,0.17660219480767875,0.0063703454735724386,0.4280749250329916,0.1764872627399401,0.9998570611042807,400,0.006839440153397438,1.2375146546312084
6,10.22739541832494,340.0,38.426495954626816,264.77671867002243,26440.712384369606,43054.284051025366,0.9675,0.9675,0.8925,0.8175,0.2053338847705465,-0.00774473660260826,0.4917655771946212,0.20518777568344634,0.9999151822023573,400,0.005343549539697827,1.22278631782729
4,8.22931298107391,265.0,15.514092918829318,100.34627191646344,57848.42523233931,24134.983853495043,0.9525,0.9525,0.7825,0.7025,0.3023334982051307,-0.0016946072224822517,1.0981584863479497,0.3023287489527143,0.9994605767059785,400,0.019487668392019954,1.8532307759520792
6,30.07254210079939,476.0,31.94686038547624,1109.6805188520868,6830.53012221687,91711.78942710558,0.975,0.975,0.9375,0.89,0.08932815276729311,0.008325779575535873,0.27677455040217624,0.08893930667188972,0.9999614056134829,400,0.0027961480937232787,1.587728874795291
5,6.014375444892517,399.0,48.0184769329172,0.5146315652539185,118400.93791723538,177.08182606118348,0.965,0.965,0.8475,0.75,4.7986962190239355,-0.4359767478818988,12.313788802700898,4.77885024642758,0.9805722142408926,400,0.09993436954961758,1.3146562423036718
5,10.440908821487957,228.0,29.238336198111455,178.92406566055254,38242.38498604952,34989.7824797136,0.9575,0.9575,0.855,0.79,0.24315942565140947,-0.00876913492025932,0.6959597742612381,0.24300125216935323,0.9998308997652245,400,0.008316459048963103,1.4612332829987187
3,12.641602465541322,108.0,26.33144670997524,1.872316660628253,23276.494113657875,285.6525371272111,0.9525,0.9525,0.78,0.6275,1.6243325161298732,0.10092850833148927,18.86318347504754,1.621193868469402,0.9969339191482466,400,0.061687932836387654,5.936411054059269
6,5.179347098186696,364.0,15.73501799459229,6.640288170948202,171277.32014974058,2748.1273645271135,0.97,0.97,0.89,0.8275,1.1947904091400232,-0.06473983222833962,3.209206787849983,1.193035152833323,0.9779204259113718,400,0.0759319378948687,1.3724242727263785
4,28.782554924844728,427.0,66.41554099663935,244.10416242629276,4357.0250227346805,16112.77015648678,0.9425,0.9425,0.8,0.685,0.24420947387078473,0.013697371825768877,0.8184260222681842,0.2438250379540873,0.9999835974055296,400,0.0036769929177139704,1.7125570883915222
3,7.749566633179597,245.0,18.316902975859378,56.31263873177425,56014.620046583324,13327.741952645782,0.9725,0.9725,0.8125,0.6925,0.354783244617195,0.042540827616621965,5.408783941004875,0.35222354925075255,0.9994741425349527,400,0.01936917202022519,7.834750541921461
6,2.684770906587154,371.0,48.51502583098004,0.3678284779430464,1128277.2274074925,390.7088615045242,0.945,0.945,0.8625,0.7825,4.6302044460269105,0.05252188644203496,10.869911715760363,4.629906550185645,0.9756540971355809,400,0.09543856499547032,1.1978369896353869
4,14.884333896855827,343.0,51.466627913962526,1.7851657586629766,25803.013229937194,286.75682326324136,0.955,0.955,0.8025,0.675,2.4926842915392498,0.09413976345682039,7.900991872265864,2.4909059962637743,0.9974456465094836,400,0.04843302140770335,1.6183341756866472
3,5.716974111795116,90.0,63.38903989777092,0.5919642383171793,149521.7515014861,228.90098358163,0.9275,0.9275,0.6575,0.4925,2.459768233588055,0.0004920018364773071,18.301023691160644,2.4597681843830514,0.9994633329759933,400,0.03880431439811968,3.7959906321936487
4,4.783068743637273,366.0,51.630467978230186,68.94193025181235,179536.0848687368,29211.866947709823,0.935,0.935,0.795,0.6975,0.4424517107614524,0.014911318731463848,1.4788692629167377,0.4422003719236616,0.9999112034242341,400,0.008569585519697607,1.706296923403422
3,20.27437728037398,175.0,20.517661653699673,3.772401333720055,6557.040243127203,305.47228552120015,0.9725,0.9725,0.78,0.61,1.2506642719365328,-0.00984369218360654,14.048946800121046,1.2506255326126732,0.9973254333423864,400,0.060955497417076156,5.731395860028137
3,10.084992355473151,144.0,60.016857560958464,29.90826395554304,39632.13593856055,5954.083820871047,0.9725,0.9725,0.7625,0.5925,0.5599955650004904,-0.03480694464849773,6.065604586835175,0.5589127923249341,0.9999372500347621,400,0.00933063788672556,5.536992998317152
4,4.194249757766354,399.0,68.60449462494257,27.487683209778055,301629.1841262268,15096.449435755629,0.93,0.93,0.795,0.655,0.7082256359877446,0.018950180188398953,2.4430828399378033,0.7079720631077702,0.9998634227503611,400,0.010323312486442464,1.7606215014069255
4,21.65290954539904,244.0,20.66192419267921,214.03623658102302,7990.446035707874,19132.548262633314,0.955,0.955,0.8125,0.7175,0.25725910646143085,-0.01656294983572155,0.9700505003647468,0.25672537184718064,0.999766219256857,400,0.012450878440091321,1.9278333150901092
5,22.349265088849457,236.0,29.656940231621096,202.92274121023087,23796.748513822262,31303.25729542269,0.905,0.905,0.76,0.64,0.1964525471857218,0.00622994785634992,0.40449848550314904,0.19635373957596383,0.9999453396404197,400,0.006624167754711876,1.051045825577932
5,8.506560281725658,260.0,16.258694316259383,1.0846869506900745,98374.43684674746,340.2088015173368,0.935,0.935,0.8025,0.72,3.0357001918476536,0.022596274800332505,7.087954353939301,3.035616092846562,0.9463039158340852,400,0.1867124218463118,1.1912913659693645
6,15.936590405681512,294.0,47.749444437640655,124.7549763251024,18453.588205860404,16947.213107413612,0.98,0.98,0.915,0.865,0.2496410554891673,-0.004201291598589645,0.6970598790153215,0.24960570052514652,0.9998885166960034,400,0.005228145760212792,1.4248184022550043
6,2.0038693042539073,360.0,69.50759022157547,0.1584770355312366,1638112.561273915,202.83281077965532,0.9475,0.9475,0.89,0.8475,7.074571121076919,-0.2740013760970603,18.293767392537983,7.0692630304065265,0.9637258083547672,400,0.10178127451296592,1.320300963758945
5,20.480736441421158,306.0,54.06297771241365,3.2198899331473676,14614.73958638729,389.25712161875447,0.86,0.86,0.7175,0.6225,2.257573753221043,-0.05125756995358712,4.287563404924469,2.256991783936087,0.9981420990312309,400,0.041758220666833,0.9692247730013029
5,33.92418030451329,188.0,41.03140809586796,8.768034959362952,3355.5790909740394,507.9091217010283,0.965,0.965,0.885,0.81,1.0115123034306408,0.060291782216308966,3.177216090457544,1.009713841139529,0.9982043282408901,400,0.024652146986213336,1.6054336897580224
5,3.0957514273685103,252.0,14.598605447090113,0.952264160985183,745093.5317803425,821.9830012417958,0.915,0.915,0.7825,0.7,3.368416275693386,0.3081633667219882,7.692913086595004,3.3542903192429057,0.9290567850508588,400,0.23073548277618533,1.170129977691353
6,28.772185146471966,462.0,49.44536645967148,12.28237174370204,4730.577109485986,844.7715916351739,0.94,0.94,0.82,0.7575,1.078763381441377,-0.017768878917173225,2.2181400575085606,1.0786170312399397,0.9989507524868546,400,0.021817279528532477,1.0492177280686812
3,40.67788672479567,126.0,43.672774222330894,12.347646261107991,2516.3753172914,619.4009790744323,0.95,0.95,0.7325,0.555,0.6155993555914265,0.025601695794949978,5.364288459381333,0.6150667604228036,0.9999077771086889,400,0.014095723629955627,4.449731383874378
4,9.449391912630574,276.0,46.92253000521632,33.38975965083612,37272.20878219638,6446.23090532375,0.9525,0.9525,0.8275,0.7275,0.5466796980022524,0.027642328934511618,1.9580970448432236,0.5459803969547901,0.9998149788538819,400,0.011650686737085119,1.8297893295875483
6,21.50456415888889,364.0,44.05525494769392,192.8828981584789,11102.00617699654,20323.31063323511,0.955,0.955,0.8675,0.795,0.2053382201196793,0.007269587831689268,0.4935523675307748,0.20520949718440235,0.9999351140835003,400,0.004660924567647469,1.227099310064488
6,8.643983317085505,200.0,60.054577795508656,3.964281332364545,51987.8705401612,903.8897920783847,0.9625,0.9625,0.9125,0.8625,1.2834102509984886,0.004471314325043707,3.566684923901204,1.2834024620968318,0.9981399205328698,400,0.021370731393177356,1.4179006662484843
3,5.858045546340552,168.0,21.620719898413128,0.30668649737411735,77118.42830286431,85.16746887824308,0.9625,0.9625,0.7925,0.615,6.382649665199427,-0.1410158287727323,69.15099176136219,6.381091700070286,0.9391484686245691,400,0.29520985865359123,5.529009753175048
4,19.561645481209787,287.0,69.05789879643977,18.81732466439199,22964.52761087293,2851.587065870954,0.915,0.915,0.585,0.385,0.8766547753290986,0.11944411266969056,1.6669929439152429,0.8684795328940473,0.9999375499339888,400,0.012694489560320852,0.9793052937059247
5,32.61148974023593,212.0,25.43937470568215,13.197469094649996,4542.918494511193,889.5249341023008,0.965,0.965,0.855,0.74,0.9316407956240337,0.06755439326528913,2.389505031592137,0.9291883425988195,0.997424779619646,400,0.036622000595633426,1.3120431717753869
3,3.1845293343899996,116.0,18.263807018098014,0.3842905345439424,402610.1365804859,243.83836633569038,0.9675,0.9675,0.7525,0.595,4.582834188036371,0.27770906218457836,46.49653197221037,4.574412188665944,0.9616184338438583,400,0.25092436552221226,5.185960384760002
5,23.207349918549774,240.0,43.85603302348425,56.68026677571071,9337.889493848648,5477.170378117039,0.97,0.97,0.9025,0.8325,0.36242551054804756,0.020274847178380212,1.2030149021509908,0.36185795730908865,0.999777403376974,400,0.008263982981633887,1.6961990221430072
4,8.257772318761445,294.0,55.561929735338126,205.7700417399917,55408.82625675137,48436.37366253785,0.94,0.94,0.7975,0.68,0.23629041826909714,0.006424344374007021,0.8041103658236997,0.23620306849223832,0.999977338290043,400,0.004252739589762904,1.7368969562724315
5,4.660126422482335,294.0,18.686930205571016,0.9344279441252408,125884.86244323364,331.53743442865124,0.975,0.975,0.8525,0.765,2.945933302429868,-0.24939146632158177,8.118202376602959,2.93535805633509,0.9450027400982357,400,0.15764672260356682,1.411051022931802
6,9.388747376876443,268.0,41.451590080817105,7.321856901144165,52897.92778359318,1683.9941033052503,0.9525,0.9525,0.8875,0.82,1.1693231123576555,0.01923605885013572,2.8887540101516054,1.1691648793620635,0.9975052400218696,400,0.028209366880205467,1.2606041396113685
5,32.78727479027392,490.0,41.88310766995099,71.10483080257286,3794.261373223643,4379.885221722662,0.9675,0.9675,0.8225,0.7375,0.47034588278068545,0.023058986692003902,1.2367668006757626,0.4697803024622044,0.9997449738773898,400,0.011229966183195494,1.3431884360100401
6,3.34959045890918,315.0,31.696338572072136,19.836140628529918,434183.38612593216,13070.547484947441,0.98,0.98,0.925,0.8675,0.7067766654072326,0.04311559231699616,2.1812101056883337,0.705460346485415,0.997582307286936,400,0.02229836937790595,1.577498018655236
3,2.0621235988825486,185.0,18.990848177656485,1.3614284308648081,1524711.0486850264,1681.0808056911171,0.9275,0.9275,0.62,0.42,2.6175249639438825,0.24898289251541258,16.277374975656883,2.6056562428885512,0.9958941433529758,400,0.137830861447437,3.1872136524190617
3,2.163852271916319,160.0,36.925017551243485,0.6349287236751012,1490575.200495784,775.1788597134577,0.9025,0.9025,0.5675,0.4125,3.313543306184302,-0.0068306746452224945,18.082802722155165,3.313536265659799,0.9984581525329839,400,0.08973708141332258,2.7843122925242914
3,2.5173802130110534,135.0,64.24878458615918,0.8601464221392691,611519.2114623189,672.631868571784,0.93,0.93,0.6275,0.465,2.967076417608572,-0.06583568816779957,18.627845700617204,2.966345922189857,0.9994631446488873,400,0.04618105131046722,3.2039428838636557
6,33.69880219782195,415.0,66.1022685545782,79.12307993757987,4994.28440350798,5591.647934255065,0.9375,0.9375,0.8,0.69,0.5259568648512897,0.0511426018674133,0.9642068547542868,0.5234644763099298,0.9998893031334115,400,0.00795671429063023,0.9397815804076713
4,28.068719430095964,342.0,44.843343185265574,96.50315734547921,4320.220002687081,6342.996245113008,0.925,0.925,0.815,0.7325,0.36019567497356664,0.020434600308991014,1.3388756022882593,0.3596155605363525,0.9999031468090516,400,0.00803231091592471,1.8995279182775906
4,34.76661253253068,265.0,41.922116156124304,1818.0252443342774,2147.79765998977,84255.17632439175,0.97,0.97,0.9,0.8175,0.07343450595277014,0.00805883304407267,0.36150466205348086,0.07299097118476501,0.9999919871913288,400,0.0017516889099607692,2.526903685690596
4,2.0072818946431266,448.0,54.70773066517275,3.0558852688204956,1079575.0650929138,3175.1443008914675,0.9425,0.9425,0.77,0.67,2.1330948837242873,0.09045884418035169,7.103309125864436,2.1311759618765143,0.9981835964778065,400,0.03899073965943588,1.7005340591038909
6,30.162747110497236,357.0,37.72630300602321,1405.5143444482037,4487.7764833149995,94156.62684336332,0.92,0.92,0.83,0.7725,0.08102131604986337,0.006166333319446799,0.17414208506189793,0.08078632302466382,0.999988950243553,400,0.0021476081564877395,1.0997901532846837
4,2.469785805961884,357.0,20.42181258734745,0.3911520270463915,745949.1392557762,337.83154067394435,0.945,0.945,0.8475,0.7675,5.067111000260425,-0.15153804302982182,22.435009840203612,5.064844529743722,0.8867232773183839,400,0.24812249052759439,2.2599772855258404
6,10.728496864952355,375.0,23.867079803166934,9.984951914256907,47091.09645803176,2166.782797650377,0.9775,0.9775,0.9225,0.87,0.9877821468466489,0.06061756031771972,3.179816638746227,0.9859204232645261,0.9910305877704149,400,0.04138680370589701,1.6455237052092841
6,2.684368287844512,384.0,62.91144621390995,4.265888848466696,597702.055468229,3298.009558497638,0.975,0.975,0.92,0.8875,1.3434677289307135,-0.0015772671705659568,4.095291319486202,1.3434668030533996,0.997805833563195,400,0.0213549013698189,1.555255657920104
5,17.952935303805717,308.0,46.76856140164352,708.8194578455184,10452.234918923883,72466.98819542243,0.97,0.97,0.89,0.8225,0.10338084318348695,0.0019950062652950963,0.336579978035358,0.10336159193496466,0.999984660324474,400,0.0022104772968247425,1.6613954504253166
5,12.94189603503362,305.0,32.428130518549885,94.95088199695806,32495.71891489454,17116.38623920176,0.9675,0.9675,0.915,0.8625,0.31691038492209395,0.006987629300133857,1.1021579446336878,0.3168333396412594,0.9996626898542088,400,0.009772699808914716,1.7748305231787376
3,5.497734116897352,204.0,28.395409483231937,0.22377031010229678,229451.78696162286,107.18849813533178,0.96,0.96,0.64,0.465,6.2479069384416475,-0.2629428556352665,44.34154100860441,6.242371517788544,0.9835236927800834,400,0.22003228874481148,3.6241411047073124
4,6.069630420816164,128.0,66.15659591673081,0.11720081117609177,202691.72484163282,52.76532613016763,0.93,0.93,0.765,0.6125,7.422705965116962,0.29957909801608046,21.799977279995716,7.416658021549518,0.9885390511006742,400,0.11219903113605913,1.4996562272975305
3,4.1316345617800305,195.0,67.29377160951763,0.4602482995903087,175449.71305194742,192.782906564729,0.9575,0.9575,0.675,0.515,4.778664736157707,-0.021021690964482875,38.36127553753615,4.778618497966352,0.998064977396135,400,0.07101199147948845,4.095761016330374
4,37.49570185800755,295.0,29.1596833401988,122.60831999062057,2339.5360741720206,5930.411301259793,0.9725,0.9725,0.8925,0.845,0.28797353655310626,0.011657546973507661,1.3710652728411599,0.2877374834001711,0.9997628429295644,400,0.009875742928803114,2.431115647923718
3,3.993061089687874,140.0,46.346173801806586,2.365086019316199,285432.5675082825,1263.5682446390595,0.925,0.925,0.6275,0.4625,2.0935585482312407,0.0931559613342182,14.190026401728844,2.0914849656978167,0.9994229398878646,400,0.04517219818801165,3.4615641553137477
6,28.940331113307906,240.0,21.12708032806742,215.30277054630199,6154.282481867803,16890.33765616198,0.9625,0.9625,0.91,0.86,0.19332722585959627,0.016862623542971838,0.5379132410784266,0.1925904156125516,0.9996664594050583,400,0.009150683523589399,1.4250217503792346
4,3.366721821143642,318.0,40.90900365232772,4.330878361296994,316918.40941782854,2438.0899255704117,0.9625,0.9625,0.845,0.755,1.5808195783833254,-0.02006238696170705,7.029963775886905,1.5806922660750364,0.9969039307788805,400,0.03864233878239117,2.2690793705806196
6,10.199654332372617,430.0,45.78272398269405,181.05375836585364,60069.195401872224,44374.49788386479,0.9375,0.9375,0.8775,0.825,0.24690074398287767,0.0026436728019799106,0.6858823511891574,0.24688659010447406,0.9998823651068164,400,0.005392880163185716,1.4174118365376835
5,12.105238401670764,244.0,51.9955206818393,260.7311742734391,28920.61855032832,44340.10827452473,0.955,0.955,0.855,0.77,0.21585246754765539,0.013735882803927435,0.5799848355786182,0.21541497921455785,0.9999632514412947,400,0.004151366593065912,1.3736771299572488
4,25.451920895359308,357.0,25.559520797593017,188.53111323580504,6387.995846474451,15068.337692328969,0.97,0.97,0.85,0.72,0.2522822023201434,-0.01850656592443099,1.0039579722661798,0.2516024972554654,0.9998330781196982,400,0.009870380760186289,2.035844082730861
6,10.518589561235181,325.0,68.21516429468733,1.4492749895136325,48535.682826090415,319.2870979306206,0.9375,0.9375,0.825,0.725,2.705184902178505,0.02829951142185408,5.763401221502969,2.7050368745412348,0.9964246856769547,400,0.039656650103372805,1.087050182188786
3,8.285754770537075,240.0,65.81275921063126,45.85891107080044,54380.74603191733,10694.151165870759,0.95,0.95,0.755,0.6,0.5151962892434793,0.010379399679362465,5.168778930661457,0.5150917243681428,0.9999618202706766,400,0.007828212878822068,5.119733015930853
6,4.196721462112472,365.0,55.751758018056236,1.0691288269807693,260081.2153977522,545.2360120311328,0.98,0.98,0.9225,0.8675,2.971465210039323,0.06337359050437018,8.992339331497789,2.9707893366074654,0.9865731439142758,400,0.05329814369399722,1.5443465390902689
6,16.820911733827614,236.0,13.430683331577303,186.07375898650926,10906.374914815598,19432.350829055184,0.965,0.965,0.9075,0.8275,0.23218731083841365,-0.02003425901971729,0.6085793227754456,0.23132136905159673,0.9989551425397722,400,0.01728782557865174,1.3422869480251545
6,32.529594202524045,405.0,49.877442793066315,216.53857151956205,6211.200468694878,17065.658105540315,0.865,0.865,0.7425,0.64,0.3124218964768869,0.03408583775774152,0.5137352100567045,0.3105569143692788,0.9999455520844649,400,0.006263791385077145,0.8439992443306802
4,11.225147182627476,148.0,66.01896133638833,2.6138245146029666,29285.984016021433,447.3076619898527,0.9725,0.9725,0.8675,0.77,1.4896585789742454,-0.05124285382557659,6.207530755110277,1.4887769651104155,0.9990653377464409,400,0.02256410202190163,2.1273216891037796
5,20.71622508310565,275.0,41.20233897651579,794.7291670028517,9040.084773482604,75562.34088739283,0.955,0.955,0.865,0.8075,0.11086180886625288,0.004416361096656019,0.32690393763081016,0.11077380746260158,0.999981254484577,400,0.0026906678509062577,1.5056602919181494
5,18.54026381765138,497.0,30.62623792014558,509.52690067458934,15964.632398139953,64379.34875450266,0.92,0.92,0.78,0.685,0.17793681400590247,0.012348626611411664,0.41661894003183647,0.17750780602380015,0.9999446962528817,400,0.005809946832838314,1.1974723165763903
6,19.239961012838968,192.0,35.439533329120415,1.4355170371765453,14366.931025250784,172.06413462030818,0.9625,0.9625,0.895,0.8325,2.2912610232540507,0.022260452700746676,6.053786951395354,2.291152886415212,0.9850268855336549,400,0.06465268608295521,1.348084115315849
5,11.655377777648711,232.0,44.4421143662706,3.663164157573067,32658.499731291744,661.9946753359978,0.95,0.95,0.8525,0.7475,1.746883283741501,-0.009699455882283985,4.5365968974248485,1.7468563557348031,0.996994948840572,400,0.03930693461936861,1.3250031957061357
6,4.286435062976083,372.0,54.66400562956542,3.4824091295599597,194968.0662127339,1537.6643118178833,0.9675,0.9675,0.8725,0.78,1.7157872938466865,0.02170533783053541,3.866094721304363,1.7156499981159905,0.9974085204169871,400,0.03138788082003801,1.1497084539119296
6,14.124347556101943,460.0,54.38632602665114,4.187660526986375,27753.350548296265,697.6364748347091,0.96,0.96,0.8825,0.81,1.794096404507025,-0.07483246718716922,4.769144133653981,1.7925350792996255,0.9960390724751345,400,0.032988005176666224,1.357427718421774
3,23.352563132480388,168.0,65.97277719713756,0.6098356828236989,13853.508860769352,71.77822685467298,0.93,0.93,0.5925,0.4125,3.236450676902078,0.1031638086779774,18.15343865697782,3.2348060548661914,0.9995175404496829,400,0.049057365998569816,2.8632191053695784
3,27.43698091450679,120.0,15.432297479729336,3.6546393694129686,8012.541578167856,327.1370073216595,0.8925,0.8925,0.495,0.3375,1.4655252620411563,0.10516405183758472,6.731718812117412,1.4617471791940977,0.9988114781908508,400,0.09496481414813032,2.3496200049034353
4,11.362901531492687,357.0,42.88702640380644,166.83227083436665,34488.30055000974,30982.464339470316,0.955,0.955,0.79,0.665,0.2671463371333669,0.013661748527047202,0.9633250035197747,0.26679678047337496,0.9999458064239811,400,0.006229071109244737,1.8421974502935485
4,7.044841899021835,315.0,35.850886752253,9.179054993294164,127838.5213044163,3281.9264277720895,0.95,0.95,0.81,0.7125,0.8800695815081135,0.06539366488617471,3.0386259430706457,0.8776366770415994,0.999201557103811,400,0.024548056163570538,1.7664705672231484
4,2.63145882565711,371.0,54.87236033665365,18.81973427324471,508029.0850957028,13413.983736026656,0.9575,0.9575,0.8325,0.72,0.7263433404020866,0.06567000519349564,2.9205575648675786,0.7233685772580586,0.9996907779925144,400,0.013236961850115705,2.0599186045469886
6,12.722021615223207,348.0,67.86517800210737,155.40369159738586,39034.12524648611,30703.194008322167,0.9625,0.9625,0.9075,0.8275,0.26267373516410497,0.010787877221126223,0.6366801499753512,0.2624521153470176,0.999954607442883,400,0.003870523041374007,1.237699344821094
5,9.919554161915489,310.0,55.680630169943626,27.976623042848534,65034.00935444689,7134.533077064968,0.955,0.955,0.87,0.7825,0.6482801956217882,-0.03569075041889386,1.8027452890956743,0.6472969815857016,0.9996856939764124,400,0.011642831513277834,1.4209366501099212
6,3.5267291880857528,406.0,65.60032439840808,10.932198982936503,348137.64695695526,6450.346173545324,0.975,0.975,0.9125,0.8475,0.8588385135592761,0.062211399130731024,2.2022058835623812,0.8565823569224991,0.9994144092080195,400,0.013091985770425817,1.3116945747350102
4,18.947131585712107,258.0,58.379023070482376,2.4551409367276387,17021.86883300505,320.31704366639985,0.94,0.94,0.7925,0.69,1.9532020495436577,-0.02713870816659897,5.997677323629786,1.9530135014537389,0.9988352535586176,400,0.03345725822073985,1.5668296448302903
4,42.35649679127538,330.0,37.22735316718037,43.663153293707154,2813.1125806580726,2315.840544967627,0.915,0.915,0.745,0.605,0.5689902967365419,0.04420045130598547,1.6144363103034776,0.5672709034356384,0.9997952022455356,400,0.01528419960939269,1.4520258135295836
4,24.55767048279538,364.0,33.21842535533343,21.754776244842997,7245.332415205779,1851.7560771876717,0.93,0.93,0.815,0.6875,0.6957508047368206,0.027094685153398138,2.436927032296263,0.6952230291988116,0.9994008751365491,400,0.02094472562424195,1.7883902953435518
4,2.61279336571787,180.0,50.70340867197028,0.5423119832050818,485083.9188539384,377.70926647772404,0.9675,0.9675,0.83,0.75,3.7288509382700306,-0.3599009528575766,14.374173200951038,3.7114418524300627,0.991228273597629,400,0.07354241136713563,1.9759872655469852
5,17.93735292780518,469.0,20.88423478152625,1012.7417239845807,19725.10296854062,142235.61088692155,0.935,0.935,0.8025,0.6925,0.10917167890126843,0.012434116157009454,0.2515294013723018,0.10846127525303977,0.9999569902191988,400,0.005227468472909497,1.1831995053660367
4,5.356183500573458,204.0,14.812874422787099,4.822387875194167,228447.23123810312,2304.9159227928435,0.9525,0.9525,0.845,0.7475,1.3845107184649197,-0.04662452411010179,5.6204594467775335,1.3837254363838785,0.9849465806535558,400,0.09346671543607259,2.0723629666667236
3,21.68159696189982,280.0,30.651465909141397,1001.9817823272344,4821.63040472319,69575.57175718347,0.9675,0.9675,0.695,0.53,0.10072295421231832,-0.0017974684443056521,0.959407836829992,0.10070691442224063,0.999993905191527,400,0.003286072989490497,4.86057781741463
4,12.678708839035387,276.0,26.493809662499086,357.17010721319747,17770.21358570503,47612.54849649324,0.9725,0.9725,0.87,0.7925,0.1460853434525865,-0.014819450153942447,0.724402327630228,0.14533172905045535,0.999919966322298,400,0.005513942513875775,2.543099340494489
6,26.876084840528346,330.0,53.052585275897215,9.167530534232593,6524.23021894008,740.4862590507892,0.9225,0.9225,0.7875,0.7075,1.1806924310762341,0.01902726907992097,2.415121582897908,1.180539105592046,0.9989406316279654,400,0.022255134692043835,1.043764567727445
6,11.784511944937126,456.0,13.555814829614823,168.0497748006377,35035.366423737796,31455.114240465617,0.9425,0.9425,0.8775,0.8375,0.25217373642400465,0.009968865123710077,0.6195136813175242,0.2519766161178228,0.9989270083892987,400,0.018602624747653767,1.2543957995200439
5,2.9952573112090306,280.0,66.40929645688396,0.08974821678188863,452354.7698961719,60.362249394265284,0.98,0.98,0.9175,0.8475,8.215578355032589,0.006765510742989402,25.92870234696401,8.215575569340492,0.9557233319865845,400,0.12371126925529964,1.6102255596343014
6,7.3250477434226084,553.0,59.79087237620772,5.162867311070865,112437.08120737755,1731.1940272917884,0.96,0.96,0.915,0.8575,1.4976420759373672,-0.001050723917759111,4.474196914030259,1.4976417073510055,0.9970839233029645,400,0.02504800509539507,1.5242320752432441
3,47.17316899567709,116.0,13.291127472595841,75.5566397769197,2007.4986017701663,3385.3241632292597,0.9575,0.9575,0.715,0.505,0.3029308932236914,0.02266859246517924,2.4198050872035544,0.3020815469123381,0.9997966029187637,400,0.022791963574819815,4.086957461870328
5,4.4661838192030325,196.0,65.50229572550697,0.154898904128759,219496.04979048402,72.57076473879502,0.9625,0.9625,0.8675,0.775,7.3939460925141,0.5618146684114876,20.436689585115566,7.372570996427379,0.9719955984782613,400,0.11288071678432571,1.4142803706384353
5,19.22439716397434,228.0,19.75056578127014,287.9102857309892,13885.55115211717,33926.47527887238,0.935,0.935,0.855,0.7675,0.19663340483202665,-0.004381369369734926,0.5523923494430776,0.19658458611570143,0.9997697759271453,400,0.009955836557274632,1.4336466399386674
6,2.8737290583066692,518.0,54.27223276771771,1.3223343489877655,558464.3873218294,988.1867382727737,0.94,0.94,0.8775,0.7975,2.9012127074886793,-0.12822746290155518,6.493412107905733,2.898377630994903,0.9925142771393866,400,0.05345666760948856,1.1430413089543405
6,7.305326263781195,420.0,66.97890297572145,3.785497966167977,126509.93091592443,1346.434795574397,0.9175,0.9175,0.82,0.76,1.5097911722862298,-0.10806401406422664,3.45444199179706,1.505918840036791,0.9986243687928772,400,0.022541294425701474,1.17036214510407
3,12.02488189294359,124.0,31.224296474967186,17.5297511047775,36481.732686698604,3348.216083396688,0.94,0.94,0.6725,0.5,0.6837784843888988,0.03809355656977278,5.436848332800862,0.6827165566038699,0.9998147771578463,400,0.021898923645472378,4.063036385716622
3,5.685690090577826,210.0,26.469412443638266,2.8963965565791607,149076.042639258,1118.3093352125559,0.9525,0.9525,0.62,0.46,1.8458024437759852,0.007579413573266613,11.344976280121795,1.8457868820476768,0.9988647500592107,400,0.06973341201684326,3.1359271541264873
6,7.881953126544609,444.0,38.707035317996635,1.6616941889846117,86793.90713871502,489.5484960329028,0.965,0.965,0.93,0.8775,2.503689630595303,0.1439090427688326,7.8571952171421735,2.499550350314993,0.9795130660244997,400,0.06468306368664783,1.6037976868380792
6,40.868857693698395,350.0,18.538159156258956,998.1447206644009,3116.2914374023158,55720.18468790107,0.9575,0.9575,0.8875,0.82,0.08549338798902761,0.009446255636401144,0.21805278526813765,0.08496992199769382,0.9999280606340855,400,0.00461175175314874,1.3093035563595288
6,4.665791430178962,224.0,64.29792440033934,25.00996417611081,198071.01058416936,11130.726930551888,0.97,0.97,0.9125,0.8475,0.5400118408982032,0.03109842186507283,1.4621493165565365,0.5391156429447844,0.9997316446882745,400,0.008398589004769696,1.3837375320603391
3,13.62848444086725,273.0,45.429488070227634,14.52584313326154,17585.02039098991,1926.2506042578589,0.9575,0.9575,0.7375,0.595,0.8248367760864647,-0.017166743963571936,8.393191962926801,0.8246581170924117,0.9997910023332931,400,0.01815641802547681,5.1927467985278595
4,2.9732160694523273,413.0,36.697101148665645,2.208806606684373,653837.5477461441,1786.0459223554235,0.96,0.96,0.8,0.675,2.254400187797649,0.12125188869549358,7.72863969300227,2.251137087391581,0.9952397500610148,400,0.06143265046099212,1.7516407769759175
4,3.510894846963158,455.0,57.62110054986456,23.446665031022604,453572.68272595847,15790.81422485143,0.96,0.96,0.8275,0.7175,0.7454826095939197,0.040459154027306085,2.865564839584839,0.7443838915924733,0.999733714488638,400,0.012937666974076426,1.964071084627413
3,9.945475537615257,190.0,42.206161366926956,47.499197142326636,66664.7053620775,12264.059560397462,0.9175,0.9175,0.5275,0.36,0.4620293294954566,0.04431453746441804,2.208714705526096,0.45989925318849545,0.9999828924427828,400,0.010946964010271402,2.4503089537734155
5,40.77767385592766,498.0,48.36902445458917,53.45567121586247,3695.2766690630365,3249.5054308870026,0.9025,0.9025,0.7675,0.6725,0.5844417792634515,-0.01936906893438769,1.281036012090159,0.5841207345380267,0.9997933505766673,400,0.01208297636459775,1.1189292956767427
4,19.148913966824033,301.0,16.361293393951144,26.408043690837093,17979.3868528905,3540.981586156459,0.9475,0.9475,0.79,0.6425,0.5831678976030015,0.0033493854492916996,1.9418561196669715,0.583158279039076,0.998519489049621,400,0.03564314162464697,1.698926267204803
6,16.76065520434784,360.0,57.72989440251017,203.66905490010393,21162.287180618954,29628.273837026543,0.915,0.915,0.8225,0.7725,0.23875955405316193,0.014394728102407762,0.5078797563562827,0.23832523251750432,0.9999601253468324,400,0.004135804448011954,1.0872634925575537
4,29.30675598657986,140.0,51.13002611284073,45.112343900813016,4793.187423859891,3123.2561073968754,0.9575,0.9575,0.7675,0.545,0.5938655066546109,0.017972837739702163,1.4154918380163446,0.5935934779777486,0.999915770538716,400,0.011614809375297156,1.2166402429723413
4,41.2372262132403,364.0,52.973239289954506,219.31837412978362,2920.023016540708,11851.359030194306,0.915,0.915,0.7475,0.6225,0.2584911121888212,0.023984800505200923,0.727742559397561,0.2573759592995031,0.9999797052419487,400,0.004879654626630313,1.4426258971233525
5,2.9995393729428876,235.0,63.84034802642388,3.802492695476589,1386405.885748084,4477.273093248617,0.91,0.91,0.7325,0.6375,1.38929592260577,-0.040432295947008416,2.850516601818482,1.3887074529984604,0.9994088959297478,400,0.021762035539510727,1.0472653559028908
6,4.165569987647196,644.0,34.12884653457467,5.228427358931025,317303.8908630829,2945.1592125935017,0.955,0.955,0.88,0.815,1.5892828667896002,0.042074448643229435,3.9510544791759736,1.5887258326855325,0.9931620844048741,400,0.046567142700810485,1.2688432960273819
4,2.0751415311512673,152.0,53.900648908463,0.07801231424354496,977548.8845145702,77.13161125290293,0.9375,0.9375,0.78,0.6425,9.444970041649652,0.376385022200254,30.58794130722112,9.437467531214228,0.967225441225107,400,0.17522924552707356,1.653631384909926
5,11.376738998003198,282.0,16.587828821668072,139.83791156515898,45204.11813471589,29731.30210637649,0.9425,0.9425,0.8325,0.7425,0.22786913253162486,0.012730111801995627,0.5912088686290549,0.22751326513903292,0.999627980507896,400,0.01373712828733606,1.32580039975971
3,2.0932081682069605,230.0,31.32560921005252,0.0936871687309892,657095.4838974369,75.9441552627956,0.9625,0.9625,0.76,0.6525,11.161012245417867,0.33149938782240185,128.5367598005888,11.156088136001838,0.9113341944574498,400,0.3562903492340143,5.878402777982995
5,16.412402462667483,192.0,13.8785011864583,54.553896818634556,14152.554680945923,6489.977613112598,0.95,0.95,0.855,0.7625,0.39284249529252263,-0.022373083463727492,1.1329981656671588,0.3922048842683894,0.9980427542699157,400,0.02830583000387907,1.473873252965716
4,3.7232026155943068,282.0,60.69869972290299,0.9242099504910929,277292.92065987294,486.67611336460635,0.97,0.97,0.885,0.7825,2.8547851579993826,0.07719016560282062,14.217661740640988,2.8537413997536234,0.9940959884120181,400,0.047032064459894975,2.5418943187962673
4,3.87482046277173,385.0,14.250085853200693,0.12836262523847983,577398.4014468894,97.53856888010587,0.915,0.915,0.6575,0.5525,9.704759700021766,0.43227577821733676,22.86005406510342,9.695127564232104,0.8047917129208924,400,0.6810316653525279,1.2030056142208863
6,7.691232816638874,232.0,63.308622671467404,2.4212162374434176,75296.84475837045,664.3882860342408,0.965,0.965,0.9,0.845,1.9089816180384738,-0.07401001283753654,5.25439880546589,1.9075464177860986,0.9964746629357062,400,0.03015357999406981,1.4053737786290896
3,8.711809391973697,140.0,23.29544915665191,23.84527450101939,53269.82197285385,5503.550412704155,0.9525,0.9525,0.67,0.525,0.6715836356313836,0.005777881288909202,4.9365384748273975,0.6715587805513962,0.9997231047249908,400,0.028828962734964735,3.7504417363519407
3,38.99749831033022,273.0,50.72275653472717,746.3079649042768,1853.8205619117941,32133.048094884347,0.8525,0.8525,0.42,0.2625,0.19421858143794307,0.02005969260129218,0.6426278347782216,0.19317988018556329,0.9999989992748899,400,0.003829022606548837,1.6972333969751852
4,4.569861027428583,300.0,29.49055330149995,4.851469757558579,668633.5265772531,3967.0475225744744,0.93,0.93,0.6875,0.54,1.2035268760657252,0.001922983623941228,2.8239427575170986,1.2035253398024093,0.9990361941967671,400,0.040810589878098734,1.197138999515155
4,16.743936997344704,220.0,69.83113438026366,166.4714102338049,18388.50506361562,22574.22609418259,0.9575,0.9575,0.7725,0.575,0.32073539749229,0.0033548446264273224,0.797630092216532,0.32071785142406684,0.9999858467689555,400,0.00459301428136243,1.2688851801511105
4,6.495091283646062,196.0,51.36238932616482,0.35534013580086465,130883.61866658602,128.55438969500005,0.935,0.935,0.815,0.7125,4.84133867968453,-0.27515312620221805,17.41484883772773,4.833513315234654,0.9880066889849831,400,0.09425843974938049,1.8382336777721286
5,39.76965382955497,248.0,42.4955492874865,712.362826022716,2766.0609546717396,37465.550757503566,0.97,0.97,0.885,0.825,0.12643976443956073,-0.0023524734382790948,0.4069730192220798,0.12641787808792632,0.9999726755123117,400,0.0029753648690168354,1.6424836317617335
6,46.46270693683447,348.0,31.438102661976796,172.48382839878533,1539.9091543060185,6768.554551058804,0.935,0.935,0.875,0.805,0.2536544952272465,0.03358010160320928,0.5425927343858918,0.25142191576174766,0.9998446423752925,400,0.008068377979248476,1.1010695981261889
4,26.608645711465122,172.0,43.782860560525684,62.6719760621172,7572.064309286112,5453.565520189914,0.9225,0.9225,0.7125,0.56,0.4520657597301453,-0.010649193019229451,1.0899051883214077,0.4519403122188069,0.9999337705148512,400,0.010325176426177246,1.230414859307714
6,18.044865820950836,595.0,27.261203512951553,16.54662535826664,16258.048950405147,2109.811461551444,0.9575,0.9575,0.8625,0.7975,0.8867501530660455,-0.020842955493350832,1.9935054569027775,0.8865051636448359,0.9972778292430657,400,0.03252791655528922,1.1473081743675515
3,46.289945432898406,176.0,62.64077392251921,93.69336200135645,1444.1124596935963,3560.486394494124,0.98,0.98,0.8225,0.63,0.44789944657022474,0.019850597089516135,4.052684269020638,0.4474593479111854,0.9999742432522996,400,0.00715028596428637,4.6209696261238555
3,5.895289498924587,156.0,21.197844710978334,1.202157192341256,163832.76705541048,486.58827775451874,0.925,0.925,0.57,0.41,2.061183994940987,0.09524149001526094,12.106583394917573,2.0589823990458394,0.998072045040463,400,0.09723554554928421,2.9999422363083212
5,4.900782733563197,448.0,52.626994136211174,32.95756960855312,230528.4353621638,15824.042086742362,0.9525,0.9525,0.865,0.7975,0.5778428433101473,0.015600131779460043,1.7293308883641965,0.5776322250820317,0.9996821211743014,400,0.010979970503626953,1.5274626993179519
3,5.792035277635539,116.0,38.09785555763098,24.630678465080482,89111.87578112146,7352.654645971738,0.9575,0.9575,0.75,0.64,0.46481346179454325,0.005326331334924301,6.078682410512705,0.4647829433831861,0.9998430524543704,400,0.012200515094384135,6.672724593155523
5,33.55620242765551,434.0,41.52031449121567,1056.6819309400557,4064.7224514030704,67368.94235557872,0.9175,0.9175,0.7575,0.6575,0.12037684906579375,0.000720363776037427,0.25705229231896565,0.12037469363217115,0.999988597870024,400,0.0028992277765926247,1.089507476836605
4,4.1360309071198635,264.0,24.46384390935491,21.050233772009925,262469.34827195114,10784.405759147701,0.965,0.965,0.8125,0.72,0.6634337730563259,0.04346101998413704,2.309575384291551,0.6620086940318012,0.9990503224434882,400,0.02711895054246281,1.7799687504515578
6,10.481059608586438,413.0,47.52451702695011,16.70216618668781,35467.18533495647,3145.474456721687,0.9125,0.9125,0.81,0.7175,0.7221980645813151,0.025395700847904,1.4723961999257347,0.7217514134821221,0.9995103286621365,400,0.015196326228244938,1.040832808845099
6,2.622659556076858,432.0,52.017525493340734,0.16676733888520406,713995.8445028836,140.91552429580386,0.97,0.97,0.915,0.83,7.541484333118951,-0.24657966583224844,21.61767228120096,7.5374521169342525,0.9144489912110516,400,0.14497968255111268,1.4632828789036276
3,11.297393004896751,245.0,34.93861891967391,6.547749526876134,21247.76228640856,954.4400555399476,0.9425,0.9425,0.73,0.5625,1.2915126809111308,-0.07179791640479899,11.092425494347987,1.289515437733952,0.999377700746386,400,0.03696518983421755,4.388780930275352
4,26.688105472583125,343.0,60.353804565228906,604.4616082788467,4300.337272155723,39638.75281486969,0.9625,0.9625,0.81,0.6425,0.15387756338358782,-0.003847518092863158,0.42042046178456993,0.15382945464830586,0.9999947702240584,400,0.0025495917696005516,1.3944028865913602
4,8.004387057141024,200.0,64.07427281597477,8.840195770194018,51098.42023790848,1998.3226899648685,0.94,0.94,0.8,0.695,1.089060155118671,0.03475892683221575,3.8932397203506213,1.0885053231255126,0.9995962733885098,400,0.016996839874352042,1.8248388445117558
5,51.159468392432586,246.0,36.55548355689847,7.18404430468408,2564.536449833575,363.8090012546239,0.915,0.915,0.765,0.655,1.073045123026444,-0.005579233798644818,2.2540035149100497,1.0730306184825558,0.9988627347767439,400,0.0293538757695888,1.0717325055903328
5,36.29676725871859,497.0,64.89682040834269,122.43912518859577,3152.6199640771038,6874.736053698429,0.9275,0.9275,0.8125,0.7325,0.4048788319426655,0.007042185995133199,0.9531222782431554,0.40481758382222865,0.9999365665528783,400,0.0062388084561784945,1.2012493925368095
5,13.89670991149433,312.0,57.15594787012143,41.00199690695678,27422.061749131186,6789.769964642896,0.965,0.965,0.8175,0.6575,0.6102157770849547,-0.01371278182453688,1.2268027216999609,0.6100616806668222,0.9998635182903337,400,0.010676330282748196,1.0259942163310636
6,20.733707325698415,511.0,67.0276274042264,5.410749903173408,13800.858611525558,635.6389676521895,0.925,0.925,0.8525,0.775,1.6028800425294532,-0.034805994610320336,3.6951181349270588,1.6025020978078028,0.9984177176339551,400,0.023913721917425117,1.1764504752496945
3,15.176159878208246,140.0,13.54742983401734,6.717686491714618,15830.639687281104,845.2184411007288,0.96,0.96,0.6875,0.5075,1.0613589602602724,0.09564805212133162,7.959341462012354,1.057040345800557,0.9979769373093261,400,0.07834393484697888,3.841753550051269
3,50.665830529855455,259.0,29.35448464023966,728.2101078507117,1739.9919002328852,30375.981255277227,0.8975,0.8975,0.48,0.3025,0.15418393816099227,-0.003755401667812119,0.5903416104652163,0.1541381969050698,0.9999975055271695,400,0.00525248322532749,1.954056199336794
4,4.861423854962418,212.0,27.5821451031641,16.825449402807934,117884.57612058478,5776.904206248129,0.95,0.95,0.84,0.755,0.7810910228445883,0.018219299999155007,3.179654828302369,0.78087850724421,0.9985508253439828,400,0.028318719226626977,2.077497147805985
5,28.894089254418766,306.0,66.04044365816793,157.38448320026154,4479.045483747051,10533.06219601486,0.9625,0.9625,0.8825,0.8,0.2468471399140478,0.015591887407117469,0.6851585704861627,0.24635422369188084,0.9999681288684481,400,0.0037378177104889507,1.418975871364997
3,26.131602201101845,140.0,63.15401117330744,2.117351785143759,5472.633016641809,156.63585517892793,0.9525,0.9525,0.61,0.38,2.719664083586717,0.16762587385076733,14.565401579822115,2.714493377035086,0.9996727087749904,400,0.04306399598472702,2.7376479896815322
6,6.616351699916877,336.0,53.14141663022021,72.92114317139358,118444.5566826757,25096.376539831843,0.9275,0.9275,0.8375,0.7525,0.4275078984766077,0.008718473800537226,0.8703322891201887,0.4274189882006587,0.9998598380489934,400,0.00804472152956296,1.0389035081364835
3,12.682275355074177,175.0,28.883992191634114,35.0785356091884,26587.864822575353,5719.830853149556,0.9475,0.9475,0.6275,0.435,0.44074205257429316,-0.045405596339400986,2.9482205166133078,0.43839695337497997,0.9999370543565529,400,0.015259042089824015,3.4311236187871867
5,6.6963258692838,395.0,68.52039998846804,71.98783864185846,141689.35064194535,27097.407316031316,0.9475,0.9475,0.8275,0.72,0.46034475514407663,-0.0005874728035467313,1.1286304611707951,0.460344380289762,0.9999194231187198,400,0.006718360593656086,1.2508719397895725
5,12.880141452378904,305.0,46.32741826023386,27.89457734337402,20302.465494388427,3974.6068429965453,0.965,0.965,0.915,0.83,0.5963196173806335,0.009474187671839314,2.054865661274386,0.596244350783254,0.9994185983421993,400,0.012871850834228277,1.7583409322230807
4,21.25600791937461,195.0,34.10331665881576,123.83585881230027,8608.108432136904,11489.477654785242,0.9725,0.9725,0.8875,0.785,0.2512835722896462,-0.015956832663199822,1.1538159438463764,0.2507764207297099,0.9998772038642867,400,0.007368303054028296,2.3474360240500523
3,21.785937059000773,266.0,33.11885135859922,370.6048837942391,10303.994332472055,37619.58009315264,0.935,0.935,0.6375,0.45,0.17780331169106908,0.0016923448730041101,1.1419925077604829,0.17779525757776074,0.9999926896960294,400,0.005368643669609119,3.277079752245245
3,23.83199028974949,204.0,42.71492892255498,21.49809353005131,9545.276904186334,2100.3622970718966,0.9175,0.9175,0.615,0.445,0.6676152344928982,-0.0006232551903169715,4.360611906622164,0.6676149435714984,0.9999355016082434,400,0.015629552742633123,3.3324628434359
6,35.029901698018634,276.0,42.810296384365095,813.9300917962904,6384.130364203771,65033.62739826414,0.9025,0.9025,0.7775,0.6825,0.1263661513066766,0.01122492607718108,0.22875119030722696,0.1258666168236189,0.9999850869042235,400,0.0029517700641948194,0.9272497658106145
5,3.5772217731409253,200.0,47.087753983600166,5.055351515555382,432017.9882138691,3322.7852506454046,0.9525,0.9525,0.83,0.745,0.955662765814036,0.002111723391949063,2.5131478244067176,0.9556604326787046,0.999161196163723,400,0.020295356753411438,1.3417090777364165
5,34.11873010248338,399.0,55.45751195034903,987.0760889356187,5863.97195286383,75586.90689067438,0.9175,0.9175,0.755,0.6625,0.12068616170199448,0.00244194328708355,0.24247299517794907,0.12066145424012852,0.9999943733301483,400,0.0021761914203804254,1.025271182123227
6,2.296404071515372,280.0,23.760269995787663,0.0464443332859742,1387985.3896468764,54.71736564713337,0.9375,0.9375,0.845,0.7925,12.927098681466251,-1.3081716450559322,31.436077266829656,12.86073743093444,0.46678788420524947,400,0.5440636273812558,1.247114717813704
6,33.81473059752622,380.0,19.986447444889894,555.8218032562238,7283.563833742622,47435.94362514979,0.93,0.93,0.845,0.7625,0.11841617974829248,0.005205813332137526,0.2652878820995693,0.11830169539668844,0.9999082723480901,400,0.005924823812476437,1.1441168260608978
4,13.279678321440805,200.0,57.35917893712974,1.434272317969555,33983.273917915074,264.4016886244743,0.955,0.955,0.8325,0.7125,2.600539503617658,-0.034026541594145455,9.173355516418411,2.600316885370535,0.9972302512477837,400,0.04533780907966026,1.7998896415569619
5,54.88761610231466,210.0,24.000451053764834,67.58896255724176,1433.943528416711,2559.4214450332547,0.8725,0.8725,0.73,0.6075,0.3202046680781962,0.007216573699482432,0.6097797452864475,0.3201233364238036,0.9998017452922571,400,0.01334161042894097,0.9718507823190723
5,6.660818530287153,336.0,57.17477729506956,19.085828803240684,94575.53209202665,5869.490724391214,0.9475,0.9475,0.835,0.76,0.6909714755256726,-0.01733964282060734,1.8667881764148349,0.6907538756872661,0.9996840842364982,400,0.012085249968874967,1.378845607203857
3,18.25331134223314,210.0,21.959284147345844,17.201396346467607,8327.08864282487,1569.6770070168564,0.9525,0.9525,0.7925,0.68,0.701677452948361,-0.001716089241051515,8.878042471500677,0.7016753544295369,0.9989626139069228,400,0.03195356680300395,6.455426255565547
3,36.634108721554846,259.0,52.103012368032154,176.89925248234286,2551.0169708228573,8934.755481703,0.93,0.93,0.5775,0.3375,0.3367920315156649,0.01449670009763656,1.5267753820728358,0.3364798926811642,0.9999946378189655,400,0.006463964677065465,2.31504778922387
6,3.2194062723383237,385.0,63.78607118476081,0.2600754325611479,289254.80031668645,139.87484458311332,0.9375,0.9375,0.8675,0.795,5.471931704825604,-0.5027543520298472,13.599177340358315,5.4487865294752265,0.976447434978976,400,0.08578568335045705,1.273376328539216
4,3.3603980682951704,294.0,29.177655433624246,0.1906888383557439,349633.3416296324,112.75393145537763,0.9375,0.9375,0.7975,0.645,6.63253557841808,0.24598341310372732,22.02572711730992,6.627972567796242,0.9448037058111005,400,0.2273155769320233,1.6954831603829292
4,3.9994423732622395,128.0,42.34851255596656,7.5222412882771525,252839.50153077184,3782.4197517023185,0.95,0.95,0.855,0.745,0.9136637902045258,-0.029174323307604198,3.486530029994946,0.9131978867641137,0.9992671427271465,400,0.021574873237803913,1.9479259400626787
3,34.16526954025992,108.0,34.62858924071585,49.08611291676257,3272.612068006145,2808.056913925044,0.9125,0.9125,0.5875,0.4,0.44764607636539894,-0.05425523655386023,2.536159586374384,0.44434601268810914,0.9999664916010192,400,0.012927066512980047,2.912052624962418
4,2.0418541206111342,276.0,33.89687470973181,4.807910339992942,838759.2126580933,4403.266912273799,0.96,0.96,0.855,0.7575,1.2439061157010582,-0.12816883801278384,5.277759360291945,1.237285405086857,0.9974102265624551,400,0.03669677887277119,2.176324360107409
6,30.97292191669031,288.0,53.67410989953441,195.77255914333898,7848.740670583642,17344.101558888655,0.91,0.91,0.79,0.66,0.2962359118122352,0.013275628619619919,0.5069275827334646,0.29593829277736317,0.9999537404745534,400,0.0055191583496535055,0.8739542266581989
6,25.309270827016853,476.0,34.386066568401205,44.81120476478011,13124.189398807255,5133.609911968629,0.8525,0.8525,0.7125,0.6125,0.5605351049360608,0.025952702489897794,0.9112489709871486,0.5599339792325089,0.999639057942806,400,0.01630122781915277,0.8303174331703527
3,15.991834400453715,282.0,28.370987016583523,182.06177442056375,11536.401325381192,19554.825690003785,0.97,0.97,0.705,0.53,0.30067041264595773,0.046589250290538994,2.4354073257226267,0.29703895165122035,0.9999549960931131,400,0.0105978129160684,4.183137434045154
6,14.83924481611219,292.0,42.751057870753066,34.55548303024471,21225.824097833432,5034.417733273572,0.945,0.945,0.885,0.8275,0.5485476897746973,-0.01644643512924004,1.341042611408385,0.5483010876595971,0.9994871916970979,400,0.012831207392179429,1.247864411329869
4,2.2565025454290066,216.0,40.12520298898761,0.11970633568710565,1041579.6884852194,122.16966641183478,0.94,0.94,0.7725,0.6275,7.461903945156433,-0.45259998024138876,21.87724005896078,7.44816512603115,0.9682899971905017,400,0.1859655126780133,1.4986049562634913
3,5.016252650229873,230.0,20.777504195295208,11.960553218766675,175485.17361841848,5010.3894318066095,0.9375,0.9375,0.6875,0.525,0.9913667054747809,0.036951633150474096,8.426424508974751,0.9906778091445442,0.9989813013776095,400,0.047713464338958615,4.3396512351081356
4,15.41589083155024,224.0,64.28867991416804,125.73800836099659,28766.782171073617,21326.13820816296,0.9275,0.9275,0.76,0.625,0.31563393833873127,0.012739413104577437,0.9609349318002491,0.31537674357024004,0.999975761279059,400,0.004909634771784625,1.5545627075659423
6,3.3669316596180536,644.0,46.34157788501611,22.666502471182007,284881.02107855014,12098.074947236033,0.945,0.945,0.865,0.805,0.7607187581083533,0.06692553497183998,1.8637914128922013,0.7577690952438272,0.9991775236030944,400,0.016415469494713106,1.254886207603274
5,35.13112392991167,222.0,20.41812438456909,9.167892708964901,4019.2922271171064,581.225036912822,0.965,0.965,0.885,0.825,0.7746237169804222,0.005578311127540525,2.6685030494424034,0.7746036311259646,0.9948664355442691,400,0.03793804476800233,1.757648806391012
3,27.16214282974798,160.0,13.13177318533892,84.17696806754199,4784.92314748978,5822.785105662179,0.9575,0.9575,0.7475,0.5825,0.30174740129929506,0.012859123763849532,2.7827296699083615,0.3014732776331988,0.9997192346575992,400,0.022978420129597082,4.709405910911106
6,15.33780465106573,272.0,14.928638525398807,35.48711399293363,20307.612335497037,5057.08337397254,0.97,0.97,0.8775,0.815,0.5080838095525169,0.0030456293485757067,1.3140001218723691,0.5080746811948706,0.9960044507508682,400,0.034034169203580725,1.3195072501319014
3,37.88863965915379,76.0,50.95477615759793,7.630543031450597,2443.314473517315,377.17693727208984,0.9425,0.9425,0.665,0.4975,0.9169017172446196,0.06710447237556544,7.145017168772813,0.914442862552565,0.9998775253541106,400,0.017994421453422463,3.9864895578795356
5,40.808993561084144,228.0,43.30880574625933,10.992252243810107,2778.4717344333826,579.414924192536,0.955,0.955,0.8475,0.755,0.9106882648539848,0.0666085284059439,2.5471452701148376,0.9082490956154903,0.9989993177476671,400,0.021027785208153488,1.4308452599594668
3,12.085886896905286,135.0,63.58219977354128,3.2531646705502357,23004.544462927122,493.41558853775115,0.9525,0.9525,0.765,0.5675,1.46374603017171,-0.12591871014410008,15.498278512231161,1.4583198960718757,0.9996386913594846,400,0.023021317843438704,5.4221882157124845
6,15.26044701105253,344.0,27.954323405497085,28.026864432710028,22986.77213619796,4249.261986922659,0.975,0.975,0.92,0.8625,0.6136158917490175,0.04996299386761872,1.9602062822068795,0.6115784183984311,0.9975021602146912,400,0.021950661543407374,1.635285379498741
6,2.6180183484442705,490.0,15.372946244753942,1.5345265700501742,621349.8921530532,1209.6020834742933,0.965,0.965,0.925,0.8875,2.4809072948602413,0.039276568763804934,7.269997798311228,2.4805963712053,0.896238600135572,400,0.16138138098979285,1.4952785520509855
6,13.411986444105562,320.0,21.729724802710212,154.86121102268677,22811.501716115294,23389.42737189392,0.9825,0.9825,0.9275,0.8775,0.24110355972261588,-0.004733492673978672,0.7485406905220955,0.24105708983148033,0.9993908742471888,400,0.011095564343849607,1.5843073349947296
5,2.1839310988128027,268.0,29.53327832977337,2.8724322116115952,1068932.6266193527,2969.7846270491186,0.95,0.95,0.84,0.7425,1.9797029229814247,0.02364569744258753,5.2158858668789785,1.9795617050886922,0.990814463545899,400,0.06703295519297726,1.3443209432526848
4,38.990834530248904,290.0,62.63191693987168,0.4572646585569139,2477.6243811178115,22.76068716234257,0.245,0.245,0.075,0.055,20.97123865579118,11.262214318777303,3.92818172216435,17.69054491518217,0.9995377116916835,400,0.33483309597443955,0.11329070741755597
4,48.676395156059215,225.0,59.335300499674666,3.904393936771714,1694.984874108345,160.744655834569,0.9525,0.9525,0.735,0.415,3.8519361772680534,0.7974982045457988,2.8330724050834473,3.7684756769140293,0.9997531873071318,400,0.06491812032348557,0.3835622751897589
5,4.555768690708028,312.0,30.77058260618726,0.28110223257877387,203265.77680928243,126.73495848901143,0.9575,0.9575,0.89,0.81,5.0076776678435735,-0.06553509516032757,15.469613845682945,5.00724882308854,0.9316730289714401,400,0.16274237416735307,1.5762468381749282
3,4.649459975686618,152.0,39.250777996754486,34.80358831265614,163819.98881399934,14086.641716221635,0.955,0.955,0.725,0.6025,0.5839556986030395,-0.02868308695344254,5.6336573539123425,0.5832508366507374,0.9998736878957719,400,0.014877557297114591,4.928094047822323
6,5.324903332080609,275.0,13.258403572639105,2.014326265346708,180808.8835690937,856.5243183948627,0.9475,0.9475,0.87,0.7725,2.084265443008831,-0.07305523497557632,4.7799199605243565,2.082984726195433,0.9388712576963112,400,0.15720334892430454,1.1707885531120819
4,3.412178783987338,120.0,58.26850232827843,0.03025406413680329,379845.4817484259,18.646065508052683,0.9475,0.9475,0.815,0.7025,10.51375809569419,-0.8509206321803964,36.12549543420762,10.479267310862186,0.958871088770895,400,0.180436388024199,1.7588419757581366
4,29.14603750042041,287.0,58.67643404377272,289.1395756629353,4991.4125320122375,20427.690623267703,0.9725,0.9725,0.75,0.5675,0.2205402281121196,-0.005886324106313392,0.542951087918339,0.22046165971492906,0.9999907074558485,400,0.00375858266962161,1.2565262437968812
3,15.643530997286888,246.0,48.67315352536065,59.930689267571324,12081.050360311528,6587.21168328087,0.9675,0.9675,0.7625,0.64,0.41289723415208784,-0.011939356925288304,5.224788802127154,0.41272457853471073,0.9999297918986925,400,0.008483059022196949,6.458807425469729
5,15.695484473598894,235.0,61.427739717829176,39.85732680346014,17119.160676281474,5214.941027804397,0.955,0.955,0.8775,0.795,0.4718285292018659,0.017338551264980656,1.253004796911421,0.4715098467782276,0.9998770181023885,400,0.007681033542325169,1.3558320490180276
4,23.9128146699888,200.0,42.402236143692484,349.28757286040724,7868.745357526149,30983.88556451348,0.9625,0.9625,0.8675,0.7725,0.1726782077475346,-0.00929866238292954,0.6923345371693139,0.17242766108948127,0.999971134795353,400,0.004072384464875002,2.0485802828104718
4,41.42089115474153,255.0,68.8389509912891,124.70151739629988,1803.2262568625122,5295.376568216325,0.8975,0.8975,0.685,0.5675,0.4077635185062283,0.005800578740440159,1.0208630113544777,0.4077222587875907,0.9999760787924685,400,0.0059234417816422975,1.2774590151875915
6,19.178134654796438,476.0,42.01602310865872,20.908517555884483,15750.601874397129,2624.048264542328,0.9475,0.9475,0.8675,0.79,0.7250527695301533,-0.04364928567573559,1.7110872824322747,0.7237377000428703,0.9991416480051016,400,0.017256577750232944,1.2062432501097549
6,10.753213075255815,256.0,27.41698725715989,6.0544763773777,33268.11128055145,1104.3091275914664,0.9675,0.9675,0.9075,0.8325,1.239592264620716,-0.008474336772458386,3.3436634924547137,1.239563297344586,0.9923241179884339,400,0.04521256303596957,1.3762514307345206
5,3.1286230177266745,288.0,62.491494215687986,9.8657907138969,431188.0931013411,6478.362987942402,0.9675,0.9675,0.8725,0.7825,1.1111812440178483,0.1257705177528324,3.019279290292787,1.1040405490385021,0.9993172435836795,400,0.017781319809422883,1.3952826450422326
4,7.276506272896683,250.0,56.71324485152275,28.332345787959213,117637.19659940348,9717.507103234617,0.9375,0.9375,0.74,0.5775,0.6730572873140136,-0.03395059625295389,1.7028535865617362,0.6722004678818422,0.9999014580877774,400,0.011867726649675944,1.2924758190428933
5,3.119322739739787,456.0,26.026013788973742,4.698259474903749,442877.0988612881,3126.645258365534,0.9475,0.9475,0.86,0.8075,1.534283620612179,0.05121057299788325,4.866546968016861,1.5334287416414385,0.9895244297750974,400,0.05895192529492158,1.6192028094382744
5,20.67654964157425,232.0,26.24490546735651,5.480060051903843,15686.940740120182,686.3639194440605,0.9225,0.9225,0.795,0.68,1.5486190126650299,0.010699250602184138,3.330887514032267,1.548582052209105,0.9953922865378493,400,0.05900646182899027,1.097411921243828
4,32.78759826031368,273.0,39.477938876019664,8.457956696101675,6408.559845688333,677.0888770157561,0.9175,0.9175,0.7125,0.525,1.1318651766395438,0.04580552848044716,2.601751375746848,1.1309379433239881,0.9995276005567846,400,0.028670827527094628,1.1737374089668644
5,19.330972308267985,539.0,38.86949925308156,2497.164946802809,6482.122295615896,201050.8160643461,0.93,0.93,0.825,0.735,0.07606604627693639,-0.0012305254722294557,0.19942468559299997,0.07605609247961155,0.9999922139660278,400,0.0019569597689351736,1.3377927428382237
5,16.40684364682706,212.0,59.535210534109915,2.7965500779518657,15069.909451981515,343.3032557271507,0.93,0.93,0.8175,0.7,2.0608781631466155,0.09157047760042042,4.567947453711646,2.058842794136211,0.9982022900371916,400,0.03461612287346935,1.1319880479485396
5,4.269502211368977,264.0,16.59785859360981,0.5949573096145736,230473.56919119184,285.6250992758923,0.945,0.945,0.8475,0.78,3.629927510541636,-0.22875654821954314,10.561470188296475,3.6227122675467447,0.8803025040512156,400,0.218698544156724,1.487422903105544
3,19.050927027935916,150.0,62.03686966822343,43.26267084024623,20563.78262298668,6203.900580216447,0.955,0.955,0.61,0.385,0.41561233460842495,0.02706827288216827,2.5916039750228195,0.41472993776895567,0.9999893522723053,400,0.0066994407814440415,3.1882119075972497
5,3.50260195239502,265.0,67.28376881419487,0.4288164915996013,649925.1907467039,345.7030128014752,0.935,0.935,0.8275,0.7325,3.9956656252612865,0.18233282113928617,10.315974957162812,3.9915032921482174,0.9929614222129546,400,0.059385282597581246,1.3186141019896367
3,10.548529142628725,125.0,50.01930280054179,52.89644348779209,33183.60089148157,9635.810017770815,0.955,0.955,0.78,0.645,0.2846589122505384,-0.02402105788584553,3.7050292291930775,0.28364358815546076,0.999966036032049,400,0.005690981207508056,6.664423643754408
6,18.456828937317457,192.0,60.433910472137555,1.5498074979252554,12642.436048274372,174.2581665788841,0.9575,0.9575,0.87,0.8125,2.312379186380284,0.1988421745025825,5.567957102776188,2.3038140747994027,0.9956417443145362,400,0.03826294158883502,1.2330832037473711
3,4.34156765347643,266.0,22.857949313519608,6.943705769398543,167418.8640954035,2841.145697043947,0.9625,0.9625,0.7525,0.605,1.2246275196068197,-0.08766716432469579,10.771518260955263,1.221485583245917,0.9986139279543607,400,0.05357556370476765,4.49917105653928
5,38.072277981579795,230.0,29.39712591149791,43.85170985487074,2459.3935675490015,2174.7059782418487,0.9425,0.9425,0.855,0.7825,0.48731042903290905,-0.026684715399116633,1.4290225209517993,0.4865792640550007,0.9993035200738513,400,0.01657680517816575,1.4984056592518051
3,9.985902405228899,270.0,59.040952959903436,90.45193990426948,60022.55130782869,22160.273253653315,0.9475,0.9475,0.625,0.46,0.3771432719608475,-0.021734057672529162,2.5680384515174115,0.3765165047144959,0.999988411090564,400,0.006387824942747407,3.4798572794233684
6,14.828942446506744,288.0,59.204223141138534,5.8802345467311135,21984.77554329226,871.8778955165953,0.9525,0.9525,0.8825,0.825,1.4445517732878048,-0.08618635617287378,3.7470586083297626,1.4419784109752076,0.9979118763134935,400,0.024399471805315293,1.3257928007352693
5,38.071682857569996,270.0,59.71986222416459,17.537698090816487,4229.1509686042855,1140.5102263817898,0.9225,0.9225,0.785,0.6275,1.1749543533089453,0.06583715232149136,1.9278884303136143,1.1731083503810884,0.999695539739304,400,0.019674431747659336,0.8384703303482951
5,50.562794515861725,504.0,15.138060053746166,8718.831953055962,1834.895817854419,373477.12979042885,0.955,0.955,0.845,0.7675,0.041359902395975284,0.006210022596547784,0.11532865813939219,0.04089103991774932,0.9999828491916916,400,0.0027321798334219243,1.438974216119018
5,2.884799137502874,176.0,35.76389566408099,1.461004479859075,516976.4014233494,1050.4778687119197,0.96,0.96,0.89,0.8125,2.301569980936215,-0.09129251529341324,6.539778331962204,2.299758694689104,0.9898905430625211,400,0.06435456591625636,1.4508572597834946
3,20.071093298071688,160.0,55.44996089683497,77.48129332503026,10208.952503868608,7828.660379505117,0.94,0.94,0.6375,0.485,0.41692915815384246,0.018229834961673675,2.623141152464748,0.4165304263029796,0.9999863037443839,400,0.007519016269994166,3.2130601708135584
4,5.758905785121241,288.0,21.437760740242954,45.858499905527616,104326.65614979235,14812.129082396776,0.975,0.975,0.9,0.8075,0.41824480621065463,0.04806698269365046,2.068950653051279,0.4154735648593258,0.9990181414485071,400,0.019509724512669167,2.5406840703348097
5,2.2699950086146785,280.0,20.93247017893131,0.0707086594841324,1603832.6817660208,89.5472252864735,0.94,0.94,0.79,0.665,13.462465639371858,1.2085844593264345,28.886658144818497,13.408105932455284,0.6802009715564558,400,0.6431379347155087,1.099192605164232
6,3.718511482011393,245.0,33.24899300832535,3.5305820680727504,264707.9931553062,1816.4767305901441,0.965,0.965,0.91,0.8725,1.1575687316022871,-0.033000610270949776,3.458169910514285,1.1570982361515691,0.9942349290188794,400,0.034815151584062676,1.5248250737913134
5,5.137937575333947,205.0,20.91536197366285,0.3233456699299921,289612.05168320704,174.01046382239545,0.9575,0.9575,0.87,0.7675,4.696222591029738,0.13538078937071152,12.411858211658577,4.6942708343647395,0.9074533650184337,400,0.22453460747862453,1.349001994915987
4,36.094932031851535,384.0,38.63462047120923,1396.2422454444293,3329.714347937858,80568.31164914157,0.7925,0.7925,0.4675,0.3625,0.15937716853561879,0.0256484536398111,0.2297760686203307,0.15729983686042873,0.9999961784907773,400,0.004125242246248741,0.7452816888527177
4,50.718446396535136,128.0,13.89684764776332,882.5562855904425,1357.798865368857,32520.7185676359,0.9725,0.9725,0.865,0.765,0.08808043388709502,-0.0014317651935457842,0.38168088291575797,0.08806879630248994,0.9999178875771779,400,0.006338159280408565,2.211170726983909
4,2.118124983751379,170.0,60.932392430294165,1.873949545525121,1519795.3458805108,2310.204624155621,0.9425,0.9425,0.8275,0.74,1.8992398769662215,0.19645188391695165,6.963003653162122,1.8890523464330333,0.9986127400654727,400,0.03116962589543692,1.8806005513687476
6,7.561366367320717,618.0,46.57484081428672,361.46012550393806,87357.91280677724,106834.49946420167,0.93,0.93,0.85,0.7925,0.2135346538262449,-0.0086875099239532,0.4969515819188405,0.2133578579664116,0.9999406925030576,400,0.004584764007625843,1.1883636622781963
5,3.153512428140555,340.0,57.54308853285754,23.752993687858247,458873.0340863047,16090.31779445679,0.965,0.965,0.865,0.7975,0.6816647206859758,-0.01569695107748549,2.2425680562930506,0.6814839669095382,0.9995476828876526,400,0.011846161512459314,1.6789351345247412
4,2.7652947985235103,324.0,62.3983251065682,0.06595161876031143,739256.0536976644,56.7052023351904,0.9425,0.9425,0.765,0.64,13.515649932506232,-0.12617104887319947,39.54096402427714,13.5150610048376,0.9570132035870739,400,0.2166027679336467,1.492702195695232
6,12.04897483154224,294.0,50.24992160860979,13.391307263772097,54541.89001504213,3127.433376273435,0.9275,0.9275,0.8175,0.73,0.8214760620313101,-0.004978594677853625,1.560517576800691,0.8214609753880596,0.9994972627805558,400,0.01634780783201379,0.9692273412831227
5,8.18229841564328,312.0,19.35510024330307,126.41084828785075,81904.88999748668,36177.55907697201,0.9625,0.9625,0.88,0.83,0.2978509777742782,-0.005840159895580337,0.9824873143065977,0.29779371634318885,0.9992369096910787,400,0.01538875924330775,1.6832760746833484
6,3.977250946942089,316.0,50.21672122124555,1.2158979797602516,397800.78437793173,766.8844900829422,0.9575,0.9575,0.8825,0.8,2.9740426256771597,-0.2196875797614306,7.106327993659612,2.9659175488612726,0.9896006013129885,400,0.05922414991162167,1.2224471813714277
5,8.321403421355477,432.0,65.6743839560156,3.839154344753772,73782.68496968002,1042.828279654162,0.9575,0.9575,0.8675,0.7825,1.8966966224779864,-0.02207719934000009,5.5044498430635205,1.896568130858658,0.9978894329777699,400,0.02888031083395117,1.4807761088982048
6,29.192310636686408,518.0,58.39048534944287,29.52926714401953,6396.980842106106,2361.7840962909486,0.92,0.92,0.7975,0.6975,0.8324222885584678,0.030247264741747167,1.5436852605818852,0.8318725680442647,0.9996436728797939,400,0.014256128949378742,0.9467730406793926
5,32.577451576018355,408.0,60.70953221495764,1535.5818850347825,3964.614563863607,96688.19798332361,0.945,0.945,0.8075,0.7,0.10689232147698623,0.019942989541652096,0.2210721142997572,0.10501545390503687,0.9999960875557262,400,0.0017607172642758405,1.0740504454981619
4,2.9148666656395044,210.0,16.547923004742213,0.28202246526835106,643653.0884099911,226.26096410456097,0.9675,0.9675,0.845,0.7325,4.864293034968081,0.13886175402177234,19.491316294044022,4.862310576599255,0.8611045002405691,400,0.29395187743948886,2.0452311659140467
5,17.1622279359437,364.0,19.687319261390375,3.12449973205562,21458.001769548828,457.6939061325155,0.9375,0.9375,0.8175,0.7325,1.7216023401132552,0.14020189408868639,4.06994646496862,1.7158840422293637,0.9874082123138546,400,0.08744727086788101,1.2101652835208367
6,10.087307525904448,285.0,28.71498401603525,29.04217387897982,39230.213872128945,5752.272601303193,0.9825,0.9825,0.95,0.9175,0.49842076224420057,-0.0014866593645838045,1.8581059953144325,0.4984185450803607,0.9978484221734685,400,0.017357514876758018,1.902042514815891
4,7.231247763484753,168.0,17.221274487885143,12.483088783780634,89400.82037182666,3732.439796659133,0.9375,0.9375,0.7825,0.65,0.8337565818514788,-0.008257198069231366,2.8074201847337443,0.833715692823823,0.9970831449459182,400,0.04841433672275601,1.718040393671386
6,8.607613337981991,300.0,14.653877046358858,7.832594619466661,82765.67088229563,2253.3609808527617,0.93,0.93,0.8325,0.77,1.065760891582844,-0.06692728166113955,2.4059318523916353,1.0636573776347857,0.9859973318693309,400,0.07272893639077314,1.154052307661141
5,43.307817106756126,234.0,31.723746921230948,413.95467133542866,3227.090859264458,23515.725630688077,0.91,0.91,0.79,0.665,0.15057699579167028,0.012501711261104491,0.3253876205934709,0.15005711871546998,0.9999690393380936,400,0.004746507282558651,1.1063393297209227
5,10.919982577557278,265.0,30.806403546459297,2.2218152486862373,50636.5713757008,499.9655598212624,0.94,0.94,0.86,0.7775,2.0375409207233175,0.0030877020950894354,5.938080728326645,2.037538581160562,0.9892342651898525,400,0.06614017496883372,1.4869082984091533
5,11.928194126663916,285.0,19.42952824470699,26.361076835281345,23982.289655772805,4082.333388508225,0.96,0.96,0.855,0.765,0.6196454340897823,0.012699756870064726,1.7216816685685763,0.6195152783941296,0.9977175733647906,400,0.03189194437896796,1.4178972580833897
5,10.896850217177473,399.0,48.56499787681613,18.46499629922128,38759.83674474108,3635.299481585787,0.9725,0.9725,0.92,0.8575,0.6867476786323016,0.013343223209251819,2.547043879702036,0.6866180397435266,0.999194537638976,400,0.014140794989309367,1.8926274992816319
4,2.1333291457222634,162.0,49.6077421582776,0.10031218455842657,1670687.0208454225,129.65857306678313,0.93,0.93,0.765,0.6525,6.1481529314081005,-0.4548967846047428,18.59820455431906,6.131301116674852,0.9856493845467933,400,0.1239353508932519,1.5476127650697775
4,10.027324485360971,294.0,24.785742629820646,20.32213234102433,32492.159929446603,3663.182589008306,0.9475,0.9475,0.8275,0.7175,0.6671792058597286,0.0004800126571540897,2.336387224259648,0.667179033183348,0.9990407385594837,400,0.026917862249445798,1.786678295935108
4,26.145852823514815,350.0,19.382398245399955,748.9369414159321,5562.251913030166,55856.09624275709,0.9675,0.9675,0.83,0.7325,0.11813811533010689,0.0011310614650898642,0.45538047902154033,0.1181327007805706,0.9999404038028932,400,0.006095123721758464,1.9667456814026834
4,6.537248157379075,312.0,64.30671730315476,78.11033001308226,123432.09719220978,27442.427573873396,0.9325,0.9325,0.755,0.64,0.360215809492625,0.02340527012463564,1.0889900168817228,0.3594546184691747,0.9999693596058372,400,0.0056015269414934595,1.5456948469224168
4,2.654035680019638,220.0,27.3979948558676,0.5060817705742356,716631.1393936616,428.4188111266948,0.9325,0.9325,0.755,0.6375,4.739910312204679,-0.08006676595828306,13.73811242475422,4.7392340183549955,0.974157765117275,400,0.17300208782211562,1.478981836704236
5,3.8347715025708276,184.0,39.11072821566825,5.0904953593135005,229516.8371203663,2438.7502172035774,0.955,0.955,0.875,0.79,1.2846690162747225,-0.08661104381140933,3.6847683622291845,1.2817460779991336,0.9973562031809025,400,0.03284697255419724,1.4667365795376102
3,17.166150979008773,195.0,50.63745291211537,31.389053963675124,19168.425819329517,4345.817164721896,0.93,0.93,0.6275,0.445,0.6470212956195602,-0.024418407810934663,4.290439712239774,0.6465603593982493,0.9999553049600143,400,0.012777524508243102,3.385607888520803
5,15.677629623490816,190.0,61.40351128393545,34.11504341871372,32790.10653205513,6177.565262520993,0.81,0.81,0.56,0.435,0.5653786569163759,-0.01613344467758809,0.730048561614385,0.5651484209120647,0.9999581304109753,400,0.009207594893100059,0.6590724527277099
6,29.99721780407262,497.0,15.457592686094287,375.1351577225473,7800.300064395459,33131.67732159362,0.895,0.895,0.7775,0.7125,0.17986115983683112,0.00559262719700194,0.34992906023373105,0.17977418985740268,0.9997365362480966,400,0.01163578077708277,0.9931082707408815
5,6.960867408939177,312.0,30.40559441242891,35.662045479088206,127840.73381002851,12750.901091294983,0.985,0.985,0.91,0.8325,0.45411632417822867,-0.02277428930511988,1.4494432487512228,0.45354489042628715,0.9993226132222899,400,0.01493528848732519,1.6305152526637419
4,11.674523666717159,312.0,63.67940158743558,2.3185361724943503,23004.26515836397,351.6560214765502,0.9525,0.9525,0.8025,0.6775,2.320354867143831,0.27704706150694763,7.9743525283096135,2.30375598429791,0.9982514385758827,400,0.036438075881693816,1.7660495452000557
3,7.0536972386917505,287.0,53.13862505859217,2.4248523929654593,90957.099332943,731.3135296125025,0.95,0.95,0.7375,0.5375,2.183121989269596,0.1380870526064429,17.246239105620525,2.1787504643567845,0.9993259626828106,400,0.04108352421355319,4.038599981250242
4,26.33247613396766,228.0,27.901050525979787,557.8347993357389,5130.036477591105,39954.51193632156,0.9525,0.9525,0.8675,0.7725,0.11211988688189305,0.006309358596827899,0.4820768149806911,0.11194222183119794,0.9999678005838619,400,0.0040184826294441395,2.1971831060715137
3,6.176572707660213,162.0,35.54137142764341,2.4507514134376964,82458.51252860049,703.7477347306991,0.9325,0.9325,0.6975,0.5475,1.6177338873651905,0.11785350878481339,15.12902592937067,1.6134353041869383,0.998855043481739,400,0.04551692358463544,4.784134052515328
5,22.500363126620513,385.0,35.170916959484074,305.65463215058287,7960.99666141125,27271.856481031653,0.98,0.98,0.93,0.87,0.16355079778974416,0.011778152782753413,0.6262072859217039,0.16312614313680043,0.9999051550931827,400,0.004650171560160065,1.958567198866624
3,17.982191773711985,240.0,54.76822430730407,24.67986662279806,18056.636579323866,3316.356705916048,0.9525,0.9525,0.595,0.3875,0.7379155499626389,-0.07290266015677097,4.018044345483148,0.7343054957023882,0.999966927871246,400,0.013473424769483135,2.791784396609462
5,29.89254537687951,264.0,68.39905278432948,51.752071696653644,5524.660750494421,3846.631176227384,0.925,0.925,0.81,0.6575,0.516633047719602,-0.03669664674250093,0.9974851761663954,0.5153281111232926,0.9999375663707207,400,0.0075532193311011,0.9875669447545453
5,11.050903448834294,255.0,61.4472576157985,17.156295753291865,78196.27040872573,4797.517241718299,0.905,0.905,0.745,0.67,0.6878665643389467,0.017965230666983027,1.427856683030486,0.6876319224865498,0.9998414203222621,400,0.011194422518249075,1.0594306108336105
4,2.9958547243180815,125.0,48.331547765030365,0.8884679559887999,583594.586078938,678.7305478646856,0.9425,0.9425,0.78,0.6375,2.400758973698339,-0.06078679620756058,7.373255419701072,2.3999892948094423,0.9974592682788637,400,0.04967271036652742,1.5674507457960378
3,26.48226382175006,126.0,56.62446217714083,4.820741603400838,6959.379584828095,402.1602256487809,0.9625,0.9625,0.765,0.5775,1.033477447678949,0.08761235297266046,8.886009199941723,1.0297571123656242,0.9998448092610683,400,0.018251430705794176,4.402667491968583
3,24.605131079759083,322.0,48.23681878921983,483.08312482252654,6673.157580207654,39462.76916166606,0.9225,0.9225,0.54,0.3625,0.20506235380239696,-0.0060576484023365925,0.9615431659846532,0.20497286123487932,0.9999975523822104,400,0.004251158325727425,2.39340586356548
5,40.7012828648067,372.0,36.45587244973006,229.75779701261084,3135.3874405628076,12865.179961453903,0.9425,0.9425,0.8025,0.6925,0.26181167771136443,-0.003952854960532939,0.6026012841426758,0.2617818357405654,0.9999194121065696,400,0.007181605050664562,1.1744498387251139
3,4.000351475700971,258.0,54.447992627861815,55.83249652488018,193055.01088885657,24531.696713173496,0.95,0.95,0.7,0.5325,0.4490930248952674,-0.007901897082614812,3.834061986180213,0.44902350164782806,0.9999695904869348,400,0.008248109860811656,4.356462562433904
3,7.9884242953292315,196.0,61.64193150698046,8.778499521342969,67684.58066495742,2283.8372971295353,0.9575,0.9575,0.7225,0.555,0.9572536290354525,0.008969883466463742,8.380767023111325,0.9572116022552911,0.99988647385873,400,0.015529260774819347,4.467038983156142
5,25.56667948947727,390.0,52.48949702681762,46.83100922619643,6076.327241609499,3650.5146402884156,0.9475,0.9475,0.8275,0.725,0.6402246888985889,0.018696770877652556,1.6168445694016325,0.6399516255421526,0.9997199665059318,400,0.012197196108994703,1.2890360235829514
3,17.835730293100895,210.0,66.9189918793372,150.53524862928995,14450.478600910013,18095.86383992143,0.9525,0.9525,0.6275,0.47,0.25682507622057493,0.00555186136936257,1.6985562087954418,0.25676506111821273,0.9999959888860518,400,0.0038378503472326765,3.3751099422788617
3,6.519808083083688,245.0,41.734820667433794,1.593394746309623,67520.52413874055,414.0390308431343,0.9525,0.9525,0.7675,0.6125,2.884381513333118,0.16265977357998518,32.79032157360249,2.879791400868604,0.9962414665341506,400,0.06911210991697964,5.809363796229543
6,41.552941477298155,295.0,32.568102921549425,268.282824794551,4443.221219046568,17883.060205857004,0.9275,0.9275,0.8325,0.765,0.18224136869718346,0.03241032243230649,0.3876002487400301,0.1793362413581167,0.9999266272412669,400,0.005595701080169435,1.1027064437806373
4,19.72035866698389,294.0,14.224518470483371,23.347185060699008,17497.990164535116,3088.364913056772,0.9575,0.9575,0.785,0.6675,0.5604907077764242,0.009532212146137517,1.6454821593718592,0.5604096452018987,0.9985734408015384,400,0.03940314105812946,1.4980679243355568
6,7.080723212780554,665.0,26.606301259253325,205.67450079164908,77178.61679961048,57138.51476150667,0.965,0.965,0.9,0.8225,0.254436504087737,-0.0009407637845016481,0.6713383483235998,0.254434764872827,0.9996707581515341,400,0.009563016730829781,1.3461979759032712
5,17.0689216117895,208.0,61.45339939704547,1.9549306496826608,27136.91066296917,322.04129031763415,0.9325,0.9325,0.835,0.765,1.9990796731481515,0.0022703561427209707,4.850974030154601,1.999078383925229,0.9981290491441892,400,0.03253000961317467,1.2380638848283647
3,43.70747938027645,234.0,26.672845726957615,32.13700864618872,1848.4077866994069,1381.6700521566415,0.9325,0.9325,0.64,0.47,0.7170761535859059,0.024496417288972127,4.615182242104278,0.7166576139144566,0.9998217030487675,400,0.02688412631057113,3.285648225431688
6,4.530623800045907,315.0,21.154604273221544,7.093815486717847,302716.65607924416,3902.995466021813,0.9475,0.9475,0.8675,0.79,1.0916116363398543,0.10612764223691963,2.5903026372644398,1.0864404669128478,0.9924549194596921,400,0.05160160985481849,1.2164338667828338
5,10.39418016870846,265.0,30.512773798081522,13.493121406475554,53289.07552625174,3114.8097182673278,0.945,0.945,0.8475,0.7475,0.7829912458867634,0.01248271960191869,2.095583126729295,0.7828917376282917,0.9985835708572666,400,0.025661096925117758,1.3656742219515363
3,6.783853247542596,216.0,65.14772368121493,80.12094938780895,70341.58265781587,21249.668266530567,0.9625,0.9625,0.785,0.6225,0.3432240387603833,0.0302103110546874,3.6706404386109996,0.34189190965708466,0.9999803962653568,400,0.005268396489797087,5.477683680387716
4,14.117174241734784,336.0,52.28607925808896,1.579518700382415,36188.09670549361,300.4745151862558,0.925,0.925,0.7275,0.5925,2.6725241079756956,-0.05510040733461613,7.493679015707659,2.6719560349719167,0.9977655810387331,400,0.051113492269784996,1.430901395912824
3,42.672563946419494,105.0,39.90068985513483,43.949844004476404,2108.842230577177,2018.270548831675,0.9575,0.9575,0.73,0.49,0.4553567553853054,0.030283696396216673,3.306976910618233,0.4543486243047453,0.9999571556146978,400,0.011412252696345436,3.7135209119301433
4,28.461191659389243,189.0,42.790481497074246,224.25988945235966,7078.675375181888,18868.07534621916,0.93,0.93,0.7525,0.625,0.1634347026142854,0.004059237434343839,0.45611906217145637,0.1633842850768443,0.9999877738786105,400,0.003819417237112886,1.424334091377778
4,53.695991610355286,220.0,52.38467071722767,225.4091266532161,2148.581099066288,10448.341810405052,0.9375,0.9375,0.715,0.45,0.2960661608195361,0.00866637879612,0.6081767202137955,0.2959392935400461,0.9999854128362169,400,0.005651770962114099,1.0485064058080207
3,20.084945421235552,161.0,22.99363036305144,20.54218979104294,9426.5344887381,1994.4482300261914,0.935,0.935,0.6475,0.4675,0.5845859103850671,-0.005515155891177184,4.212125499235684,0.5845598940025168,0.9997969283007695,400,0.025423819603729938,3.6763446211548856
3,47.02519788879965,192.0,27.87290226757179,81.16078212889478,1468.7999942948502,3110.481013017151,0.925,0.925,0.6425,0.49,0.46643068391950937,-0.05111132298837228,3.4291221658802584,0.46362184543440094,0.9999055829428807,400,0.016734198665137555,3.7736619675671865
3,27.477307869649152,75.0,52.47044801101455,61.70636773627698,4629.120963394763,4198.355863488984,0.9625,0.9625,0.73,0.565,0.2926924820273507,0.009269872826429939,2.731618226327038,0.2925456519812127,0.9999833303890739,400,0.005578234856426402,4.763983874297012
5,10.346046335872458,238.0,44.51281107319953,1.3284878933266215,63459.14617690681,334.66069854972983,0.9575,0.9575,0.855,0.7525,2.209334646337411,0.03307324562530807,5.788457829011028,2.2090870829215086,0.9950321507654374,400,0.0496336805757841,1.336884740104583
3,25.874826973236836,160.0,13.401473005726636,4.304392802950831,4300.850281081562,282.2858173281277,0.9775,0.9775,0.8575,0.75,1.1803013560615712,0.005526355095529661,20.850332189913313,1.180288418362284,0.9860010123801404,400,0.08807250930977602,9.012987352236483
6,17.051835986090207,280.0,22.345876087151666,135.72701645501186,26696.80214870731,22176.64906465906,0.945,0.945,0.85,0.7725,0.26638575956117977,0.0018134461906091114,0.5852818152624141,0.26637958688664654,0.9996459816402643,400,0.011921025540562498,1.1210062097563132
5,14.57859797975787,462.0,67.95138307658962,430.9619786541645,27146.925623790485,71006.6924017908,0.92,0.92,0.835,0.755,0.1343080895198733,-0.006715138574258788,0.36235297467515093,0.1341401126598856,0.9999915820179102,400,0.0019765320945490023,1.3782153824467576
4,17.182034112867715,240.0,18.240556763069375,6.75769233372613,15582.956878060766,843.5743182703955,0.96,0.96,0.8175,0.6975,1.1506847245070346,-0.058846474436757765,3.88905677148993,1.149179023329348,0.9949769517202807,400,0.06308385974471793,1.7266349265292904
4,6.244164962140758,200.0,56.12653961014732,0.7190760903117792,202426.94834165962,323.52586904083853,0.925,0.925,0.82,0.6875,2.6613608844957146,-0.06684824592353884,9.474125900497437,2.6605212026106386,0.9968872777840483,400,0.04741715600109004,1.816838632818381
3,24.62205853487847,266.0,44.82232353486233,54.430503194400394,7946.463797470422,4852.0950943574,0.945,0.945,0.7475,0.5725,0.41392453336002855,-0.007158518528306051,3.515742573589814,0.4138626280902846,0.9999621258758982,400,0.009234785274754497,4.334158460482939
5,5.233836162396855,265.0,48.39995985175154,21.33045353253531,210777.03081141156,9792.909268818701,0.96,0.96,0.89,0.825,0.6179532647467258,-0.01624325535773641,2.0851128880789984,0.617739746225318,0.9994413340609669,400,0.012767640027791528,1.7221380244079771
3,4.546562789249062,275.0,25.86403545160574,51.13350324531962,215561.55732894523,23740.573406552398,0.9625,0.9625,0.7425,0.6025,0.5267995832928172,-0.0063075648508418335,5.08512668377945,0.5267618205442933,0.9997567959494974,400,0.020368035153621452,4.925285562652571
6,34.91271960814962,215.0,59.754674658166216,3.319374763941996,5387.379311656191,243.63802199653688,0.8925,0.8925,0.7225,0.61,2.4925791147245495,0.34580283548808544,2.422939115292837,2.4684754489622573,0.9991543245746013,400,0.04171354172679623,0.500792271071405
3,22.98170960424632,301.0,50.56923589476893,360.54270289784245,11666.058341256841,38942.04750178502,0.94,0.94,0.6175,0.4625,0.1770323120027352,0.008932040201821837,1.116589262501428,0.17680683852969833,0.9999969807848308,400,0.0035007907252371214,3.2220948237798597
5,43.44505491686443,370.0,52.928212139853336,7.885403949490925,2249.5374066334653,373.9990987777579,0.905,0.905,0.7025,0.55,2.6995109898449936,0.43793115921962644,2.4938780317497296,2.663752218972037,0.9993468692526992,400,0.05100325291003631,0.47766708248252276
3,10.44465611513122,155.0,33.50601676646636,9.184087695952595,68524.10897641149,2404.1287418446236,0.93,0.93,0.64,0.465,0.9057053478404699,-0.01159856545408143,5.960278814985181,0.9056310785227248,0.9998044541069672,400,0.027031125608070545,3.3578337263276303
3,41.41610790385711,189.0,43.308854210306635,44.38702719398247,2767.233766671465,2334.9575181789123,0.92,0.92,0.615,0.3975,0.47432138279429525,0.06428509965025837,2.7294626411434386,0.469944890533825,0.9999753701104992,400,0.01095206491704914,2.9632899691564805
3,30.67157005155179,110.0,21.182002550572637,601.9886158920395,3004.3578707144247,32996.21388945516,0.975,0.975,0.765,0.6325,0.10099015897608554,0.0027752418341858666,1.1277525875210765,0.10095201950816445,0.9999825030501858,400,0.004767734246796007,5.699578631792554
6,2.7422309850678133,366.0,41.315014886154216,1.4458976662475964,669708.7136831513,1183.2609484033292,0.9375,0.9375,0.87,0.815,2.3860148770526095,0.040680683024102146,5.599989190635688,2.3856680564456307,0.9904830424383175,400,0.05775176128164068,1.1976256857870953
6,3.0693245927003043,252.0,44.13924524746982,0.253942271118525,645412.1838167037,204.01099742004567,0.955,0.955,0.8775,0.7875,6.137154389063696,0.009551345416941111,14.297113662431787,6.137146956608136,0.9463069702477225,400,0.13904076416928524,1.1885727680489084
6,42.50782730425048,336.0,37.59742153157257,313.2027503328278,2033.9262084176303,14125.15308630398,0.91,0.91,0.785,0.7225,0.21204778371027466,0.004877256078235934,0.4063624229556416,0.2119916860388321,0.999939380355565,400,0.005639955482910092,0.9779995182269794
5,28.553333805630402,240.0,46.172007526565565,14.30384015297888,4743.636945874892,985.1636285174051,0.9575,0.9575,0.8575,0.775,0.7490022920443333,0.06849988586811712,2.0551512802547256,0.7458633917304963,0.9994061316966434,400,0.01622199969566813,1.4058158413242061
4,5.3450081034762915,426.0,25.618464306757723,134.42451135423394,115240.21663431173,45633.155341994214,0.94,0.94,0.8,0.69,0.3261980813717363,0.01423849343623516,1.1237353968239367,0.325887179243474,0.9997950528442154,400,0.012732928776128501,1.7593032885356836
5,4.838547801524896,609.0,47.00160622530079,1.7233746958970064,230980.11797788742,828.2606166509554,0.94,0.94,0.855,0.755,2.9346360157878304,-0.016345299119235594,7.903015780340704,2.9345904955130915,0.991474375971533,400,0.06243693038320309,1.3740080309338365
6,2.1946422079858916,581.0,62.389565037643116,0.2811701783877536,816870.6139371158,254.1241230545538,0.9675,0.9675,0.9,0.835,6.520219441166197,0.09160056188743723,17.138817049907665,6.519575975324128,0.962544144353153,400,0.10450817275664903,1.3412366764823942
4,9.58192351609676,84.0,67.80743152609196,2.0149603210500735,48554.060193938,443.9962218687568,0.9675,0.9675,0.7975,0.645,1.6901497461819661,-0.04645282865362539,5.178398592479944,1.6895112604623388,0.9993573416522192,400,0.02492573023550678,1.5637895763305256
3,2.949317961524466,102.0,21.76364254081853,1.83174733584193,328851.30384451104,1050.425733457783,0.9575,0.9575,0.745,0.6,1.483996686401493,0.022973782392607358,15.16242769069396,1.483818846953087,0.9970554361731073,400,0.06818696289548964,5.213528936593028
6,2.0672192482011367,728.0,20.798673644727394,1.2083438707033716,1067246.5469915878,1248.3113597429328,0.95,0.95,0.8825,0.835,3.50022846149061,0.023936465302930348,9.189919456372621,3.5001466152516705,0.9052164537538665,400,0.16829094591702207,1.339582289520609
5,15.60176100420971,335.0,46.822111099450204,15.368473645108594,20804.43629420941,2216.7091459199396,0.9425,0.9425,0.8225,0.735,0.8716701748999695,0.006424994966640387,2.242392594783374,0.8716464955759426,0.9993229496788926,400,0.01861663548336258,1.3125479885344584
6,14.182150837287939,255.0,56.22640302458048,161.99853860913612,31601.357372575494,28798.108618567534,0.8775,0.8775,0.7525,0.6975,0.2823039864878526,-0.006851198246136167,0.4758684811153886,0.28222083882932136,0.9999630720997889,400,0.005020843790495328,0.8602838911276656
4,7.941039051838073,192.0,35.58202258362986,0.9671344411918901,99722.24748491829,305.4097365658247,0.9375,0.9375,0.7575,0.5975,3.257627688097892,-0.29808501999460857,8.81927746999251,3.243961077928777,0.9932829134975194,400,0.09155262830946044,1.3870793311472245
3,16.197216048212717,240.0,20.235406986686375,56.86122070362062,15276.356749383556,7027.9081172160295,0.9675,0.9675,0.7825,0.6525,0.44783791813174695,0.04600199295198928,5.093496107521476,0.4454689860821092,0.9996046721744933,400,0.0221314015787474,5.833677730728686
5,20.920920927703907,245.0,27.486139843667956,414.53955633446253,10302.618197218177,42076.51684453347,0.94,0.94,0.8075,0.6775,0.15800820784912536,0.003945231118392662,0.3558905421893839,0.15795894687897508,0.9999502780808419,400,0.0057486503651594445,1.1495189783621564
3,7.771873349494541,176.0,41.1570343697377,3.1798774658213276,62005.96012336735,791.8211602123417,0.9725,0.9725,0.755,0.615,1.8453286167087624,-0.03807889184503676,19.824514884094082,1.8449356903805965,0.998581094954523,400,0.044836287282778844,5.482331152781551
6,7.132467416960909,320.0,17.11003822720303,0.7611573681273003,174093.26237117618,317.5889896281723,0.9,0.9,0.8225,0.755,3.25693922095462,0.1879194594568736,6.725733447482,3.251513396212589,0.9251215612587531,400,0.19035253911802805,1.0553536888009225
6,5.838774078433708,380.0,34.32126031753797,3.9073781817210116,224430.86467629857,1851.0866064231377,0.9625,0.9625,0.895,0.8275,1.6848084344639929,0.08793827508677367,4.1596646194490825,1.6825119080160391,0.9922845708952897,400,0.04908935216470082,1.2613746487942403
4,11.643760709055323,160.0,23.686486583692993,4.75271040832914,27575.463651565773,789.228508416431,0.935,0.935,0.81,0.68,1.3520315381084604,-0.020963548061970202,4.537088763807413,1.3518690061143435,0.9961261078765791,400,0.05708029062610194,1.7123265608978662
4,13.243875961822202,220.0,22.52038431800117,1.286107066093572,54355.549922372316,299.84656037256633,0.9425,0.9425,0.7225,0.57,2.557726877915385,-0.06219279128904911,6.6735264349228105,2.5569706370473755,0.9905500422267111,400,0.11357385565888957,1.331599345197307
3,2.6861693341450135,132.0,62.04804053932655,3.9676230945735766,539090.4657682127,2913.139185335655,0.9475,0.9475,0.74,0.5925,1.4484832053797656,0.050748088516727526,13.708239299757963,1.4475939443708439,0.99970085234496,400,0.023344543885502802,4.83146511487612
6,14.505586687874443,581.0,67.57690781360625,271.15733773750367,16153.322489523125,34462.93755007959,0.965,0.965,0.9025,0.835,0.20951468058994954,0.015012906404706143,0.559707259588897,0.20897610873971242,0.999964612383774,400,0.0031003886885123924,1.366495577335895
5,22.78812278522844,220.0,34.594773188028825,121.66977689621814,7843.514856658523,10775.515934023986,0.945,0.945,0.8575,0.785,0.26676086699941326,0.0003780247547571136,0.75951181593653,0.26676059915130546,0.9998576925555902,400,0.00771101650383773,1.452635920641542
6,5.690408746442092,430.0,54.647250665402254,15.15948396317849,206167.52655591661,6883.265925451301,0.9375,0.9375,0.8575,0.7825,0.9484457709559115,0.04452418634201196,2.109479227825064,0.9474001146689476,0.9992457097169312,400,0.017355782027592147,1.1360194024588302
6,7.224201478481763,384.0,38.33832687889758,1.1385646813398766,96782.94840977597,354.20699368019393,0.96,0.96,0.87,0.8175,2.7198677603647257,0.09187319505076572,6.784133595977648,2.7183156457450983,0.9834744086997833,400,0.07094383041169729,1.2733225651799733
6,23.3303435775783,371.0,62.28267850845033,5.005182962620799,6474.220847501687,402.72975002065357,0.91,0.91,0.845,0.79,1.6268329570036806,0.14834148841189312,3.4504637802099163,1.6200556388004343,0.9984440521290434,400,0.026120150834279817,1.0866544716280524
3,3.253845177312942,252.0,43.51464094002037,0.4516140333243906,393008.04811591905,283.11843608107887,0.945,0.945,0.6925,0.5,5.1062943951777955,0.03483299616408875,37.11449579112626,5.106175585759111,0.9954510351681025,400,0.11734658231964272,3.708444201014568
3,21.021628308493476,140.0,55.505291833635816,43.12157857881495,12051.665984877294,4733.890350050819,0.94,0.94,0.6775,0.5,0.4742204369135031,0.019318278083113646,3.7492484082095965,0.4738267899964472,0.9999716413489168,400,0.008543697749304127,4.037090939787526
4,2.188749826941063,238.0,52.417882386818754,0.4207401603010637,1927310.393828262,584.1034882460008,0.915,0.915,0.7525,0.61,4.020811323359459,-0.6328587339585754,11.27772404183596,3.970694337380806,0.9949039340051613,400,0.07670686300693733,1.44910193250153
4,4.623421084247848,427.0,43.32676791452578,46.05259810289352,195024.7104740159,20337.56515534757,0.955,0.955,0.825,0.7,0.5376191756312041,-0.0026100536265068895,1.8569985268001805,0.5376128399010223,0.9998011390062207,400,0.012408476364814678,1.7623244045542266
3,26.274135499001574,80.0,52.33976049373377,3.1060864950176867,4960.717803192591,218.76901252819502,0.94,0.94,0.7025,0.545,1.6213127500570303,0.12782958673366734,13.704731329049464,1.6162656434673697,0.9995882022270773,400,0.030976694099529505,4.326151391029735
6,4.316166316506289,574.0,66.01710386813585,2.5267851268724137,438232.6290549763,1672.7100529966901,0.775,0.775,0.6175,0.515,2.6137573945328874,-0.10060890448364043,3.2069284563936025,2.611820354812702,0.9987904745538133,400,0.039592124485704025,0.6264550258753356
3,15.387610306182623,228.0,33.5370628440661,325.1838398200015,15375.239857011096,40321.79940674733,0.9325,0.9325,0.6925,0.5175,0.2255525580145747,0.009405438341606408,1.7662767185460782,0.22535637145756565,0.999982732481949,400,0.006725471430318859,3.9988289892421593
5,2.736660308987207,434.0,60.79377080748008,1.075414216485171,418895.63299123984,696.0311715163931,0.9675,0.9675,0.9225,0.86,3.120792552043241,0.04929881770526432,11.110825913599193,3.120403143739832,0.9903007952816801,400,0.05133408424238192,1.8166847263953414
6,10.011590911455498,546.0,25.931732700182433,77.0764568107117,49791.2066192696,17198.796880719394,0.9525,0.9525,0.86,0.8075,0.4324247926717412,0.03426358224820855,1.0313780281036484,0.4310652018531751,0.9991724475149089,400,0.01667550709670469,1.2207278095807694
5,13.373554931662175,315.0,29.91989190818862,13.250397349801181,36164.56385147297,2519.825797830821,0.9525,0.9525,0.82,0.725,0.959342261576276,0.04425679794346356,2.478146270779493,0.9583208808546724,0.997952612011992,400,0.03206369409756185,1.3193496745128035
3,3.5490551667521633,192.0,21.673796329139464,0.8791135752127633,289433.25503629155,472.9543245321024,0.9625,0.9625,0.72,0.555,3.3138189325133234,0.2599776403947734,30.78756271217367,3.3036052342824656,0.9882863643716981,400,0.15289517730025173,4.754787283984918
4,3.4986055043402082,448.0,21.644601221391593,4.913268337641013,289299.0396099747,2642.6763596026444,0.96,0.96,0.835,0.75,1.6699145592030453,-0.06813425623198807,6.37024255986726,1.6685240058704625,0.9903343288400228,400,0.07715155119386773,1.9479035024963516
3,28.201586516993242,224.0,36.40586501491402,89.44052096548504,8946.595940683777,8459.861088672707,0.915,0.915,0.6125,0.4275,0.2661610373358672,-0.016414117412152027,1.6498117413354731,0.26565442692581837,0.9999873357123151,400,0.007310938422334746,3.168555081485173
6,13.732141384500746,304.0,66.17002834984797,10.093362887824684,30705.150394189,1768.6483864963623,0.9725,0.9725,0.91,0.85,1.043651548969718,0.04654817715541935,2.951455627875033,1.0426129784682328,0.9989843549852379,400,0.015772269938465516,1.444298833026073
3,25.522074498125374,300.0,25.303885014633494,24.202796745585147,5395.448326368094,1777.7853473793002,0.9525,0.9525,0.7175,0.5575,0.7544934007978608,0.052936222842896105,7.123023458455776,0.7526340732113107,0.9995142500027144,400,0.02981729486841762,4.828635550026356
5,20.645689989530275,244.0,34.37013141154694,62.16876682635596,13581.396178534496,7245.101296122751,0.92,0.92,0.805,0.7125,0.4436749770849238,-0.023143723523838807,1.024992260784381,0.44307093489954824,0.9997358845340676,400,0.012908736710150238,1.1802968642315366
6,3.2045703137021455,582.0,69.60176171020404,32.23435981233964,446092.31391691935,21529.374862309287,0.9525,0.9525,0.9125,0.8525,0.6219907525747264,-0.029679587471747374,1.7877606086933864,0.6212822372931496,0.9996558405603535,400,0.008936422545803731,1.468129466426481
4,16.271666014025456,235.0,16.345838675737266,3.5294359822765458,21283.936912153695,514.9099575117688,0.965,0.965,0.795,0.655,1.8826347092918168,0.05076936097178485,5.618492519376102,1.8819500313814923,0.9882928384197824,400,0.11517516761536875,1.5231954983969114
4,4.126662037244952,212.0,24.657392307380103,0.881547272331154,173179.50976169473,366.85450696449067,0.9775,0.9775,0.8275,0.725,3.2956438610948138,-0.2339475829135565,12.638047622188362,3.2873297655727876,0.9725443109720076,400,0.13365743708869035,1.9614653656703787
5,4.528926575175984,264.0,18.783864340072896,0.4980984357247422,172339.88489073195,206.77978389168783,0.9775,0.9775,0.9125,0.86,3.5179617047956233,0.015943967030950707,12.156704570879983,3.5179255743014015,0.8905242111575574,400,0.18728636669774687,1.7630845679550755
5,12.619976383485604,180.0,19.298327133486907,13.608511554365585,49784.943123775825,3036.404553436607,0.9375,0.9375,0.8175,0.7,0.5634311795688248,0.022476906103468215,1.3333139488081525,0.562982666520323,0.9985680257498433,400,0.029195855976093695,1.2083182293768062
4,4.649151748110654,336.0,62.19841403832094,3.865607573158531,116142.95401659128,1317.3894990570889,0.9875,0.9875,0.925,0.87,1.4940815345449994,-0.05453736514500092,8.195827393735494,1.4930858339932707,0.9981160665546308,400,0.024021215936864303,2.800605627244471
3,9.956182221472686,238.0,66.46227316895364,60.225595065738545,25002.60651228035,9522.999089800292,0.9425,0.9425,0.6075,0.4425,0.47392628638677486,0.016138395739496048,2.744299947999649,0.47365142996861603,0.999989543349841,400,0.007130756499736438,2.9560831998047004
6,18.988561849822123,325.0,24.644753334401337,2.506600676269759,19191.20993445794,347.2452635397402,0.9375,0.9375,0.865,0.8025,1.9446570729539556,0.0503097845860532,4.85180302703367,1.944006187481087,0.9803527398268371,400,0.07890754866024284,1.273354850211516
3,5.351521621965308,276.0,68.43764585643612,117.97705102014719,75812.16992011854,32483.812865302094,0.97,0.97,0.79,0.655,0.32844685652824457,0.008959596147007006,3.7937942169071377,0.32832463081555097,0.9999808942532002,400,0.004799213246131205,5.895412992721157
3,2.344919920538608,84.0,48.37260696409006,0.9595748184186494,1311652.481441915,1098.9760681237126,0.9275,0.9275,0.63,0.4425,2.2822542363127223,0.03515392950587996,15.541500517365936,2.2819834794335523,0.9993727368616816,400,0.047180716102544956,3.4747565309387594
5,9.344109474466036,180.0,49.243371240241565,1.464435410793288,61439.13534382684,362.98841905865,0.9375,0.9375,0.8375,0.7425,1.6898459367833378,0.042269864807078644,4.414242071449894,1.6893171841286487,0.9976077399305421,400,0.034316211384861475,1.3331802596502809
6,2.3893097821824583,301.0,42.82089734372717,0.919537272059735,1373364.9787460172,1077.6117586845003,0.975,0.975,0.875,0.8025,2.310852241679153,0.07852071631470223,5.714408665067637,2.30951782413191,0.9907973335902,400,0.05396552583029112,1.2623910474171716
6,18.3356163829475,510.0,25.70236427665785,801.2868645511962,13160.88374950916,91924.34625272869,0.935,0.935,0.8425,0.77,0.13300049909845588,0.0007792173283888371,0.2894155035931216,0.13299821645718976,0.9999343658303674,400,0.005174640654332454,1.11024775485249
3,19.495687163061344,264.0,22.411376808376694,11.528334738856678,7135.398241331849,973.8132664824195,0.97,0.97,0.73,0.5675,1.051984425073657,-0.014668565594078524,10.148593919230223,1.051882152990992,0.9987295303302095,400,0.04693975002376726,4.922465910939287
6,6.659205488044083,462.0,61.20518941472578,6.064500114207691,159864.795161622,2424.7748918674956,0.9475,0.9475,0.88,0.805,1.2365770379224323,0.10215204284934262,3.1415383569766977,1.2323504902659481,0.9986317840620391,400,0.020203793987849595,1.3006248668665286
6,11.891839881761943,285.0,42.51730806518796,1.0003667346482452,29296.872701071195,171.22606401464176,0.9775,0.9775,0.9325,0.89,2.775226875434912,0.19119486268636493,9.025192213213133,2.7686330082946293,0.9770403570487485,400,0.06527287360667111,1.6631636951900999
6,21.36670664947708,304.0,67.70307219435449,457.64351436710774,8530.695377244396,42268.76209186169,0.9475,0.9475,0.83,0.735,0.20442589658962435,0.014073188395686777,0.35346437733255043,0.2039409045896661,0.9999858453216222,400,0.00301944786202288,0.8842707076820009
5,9.668756062540007,252.0,29.76137372628714,0.6611243788922198,49373.55804723457,146.90290520939593,0.9425,0.9425,0.8375,0.7425,2.9483049513124975,-0.1333488129534932,7.398839416334404,2.9452877923927376,0.9822592422253571,400,0.09906481395744064,1.2816805472485404
6,4.578191465733131,324.0,25.70671998612836,17.07075134280439,273055.50119526486,8920.2720904916,0.9575,0.9575,0.905,0.87,0.6885051250056123,0.04922446185053682,1.8041670331098185,0.6867432267700344,0.9974765537549858,400,0.026783079497389693,1.340374900483647
4,5.177034688693158,300.0,23.74917035303384,35.9991893734143,155090.769959986,14177.044335122808,0.96,0.96,0.8625,0.7375,0.63794693015113,0.02033344848615803,2.3136746835290793,0.6376228011621852,0.9989749106741471,400,0.0268618617268723,1.8513237998313299
5,19.360819533145946,200.0,56.56902037700464,1.7804650158950073,15769.057627213133,223.58173133389172,0.95,0.95,0.84,0.75,2.150827528595532,0.024676930204670596,5.652995866007946,2.150685961938664,0.9970032256173234,400,0.038021297067923863,1.3410519319565928
5,25.014935452485265,300.0,35.73666817344681,8.13355011351472,9230.69962815766,781.4432719666096,0.9525,0.9525,0.8425,0.77,0.8576572897495628,0.11780813390838825,2.332414144439255,0.8495276747967594,0.9987649879469351,400,0.02399936349933211,1.4007868747010945
6,41.12244260320485,651.0,59.61798914263472,233.00700959826563,4430.800835133908,15509.939388877556,0.9075,0.9075,0.8025,0.72,0.28810295694636817,0.021810614749409485,0.5180488671629455,0.2872761926883147,0.9999607996217459,400,0.004832483636056362,0.9200576074136269
5,10.038330603683532,420.0,41.70993377791764,92.33131278178907,41885.08612062767,18896.38448019033,0.9625,0.9625,0.8775,0.8225,0.3457246001977322,0.010133029580274152,1.1084230026639226,0.3455760710659913,0.9997900032560569,400,0.008288783243783716,1.636461513061945
4,21.198884613779896,399.0,34.52194648740277,762.1611751397305,10650.912774924705,78657.51755168766,0.95,0.95,0.8025,0.7,0.13337549151783804,-0.004152783276168943,0.46446607328378825,0.1333108252494375,0.999980473921463,400,0.0038634985882533422,1.7775937244847235
5,28.33838757704902,372.0,60.50270165248352,9.105304544756034,5653.669705823793,684.6359383234243,0.905,0.905,0.73,0.6225,1.4794113163204647,0.04383962676453159,3.1299941446429553,1.4787616204047889,0.9992151128498155,400,0.024451987694994737,1.0799142783040334
4,18.248769465216615,318.0,31.736458344797562,56.26409035603772,14608.036477905158,6800.28671951053,0.9375,0.9375,0.7675,0.625,0.4726101136173943,0.027111726236621017,1.390121919141169,0.4718318278729371,0.9997914802578121,400,0.014891709354672447,1.5031751467682657
6,14.468128020567661,504.0,44.88177929251545,59.08014669443597,17014.809860172787,7706.46330999134,0.93,0.93,0.815,0.7075,0.5520507609812747,-0.029599515588536622,1.051837210502102,0.5512566656077081,0.9997127170821793,400,0.012300108633913617,0.9735059392337126
5,2.5332944509672024,581.0,69.2982304906165,0.3001689546583996,632038.4737857516,238.6368625976109,0.9475,0.9475,0.8875,0.8125,6.483359862353317,-0.42856620348426616,20.345359889060518,6.469179709515349,0.9750987841584909,400,0.09355736526679728,1.6045752512356155
3,34.06239181757777,135.0,32.83540201767823,832.1242887779725,2395.585125824403,40728.08615365705,0.965,0.965,0.7625,0.615,0.09682359326452368,0.0059395076778576165,1.0070965891479393,0.09664124616952424,0.9999941889951522,400,0.0029487561386455662,5.316827035531709
5,20.27137594516487,275.0,62.9602575638951,21.374714178783712,10824.660764413919,2223.8601030568993,0.9275,0.9275,0.81,0.7125,0.7171944983689155,0.055158992362490694,1.8602207519255705,0.7150702301537905,0.999740472287515,400,0.011391225609918638,1.327271336923182
5,29.843636377817308,276.0,13.555701290285267,202.49709734732406,4827.105410726891,14068.966439226666,0.95,0.95,0.8425,0.7675,0.1984026392021499,0.008109700793086256,0.5617525094651374,0.19823682805025175,0.9994947352576096,400,0.014636102917400204,1.4457879800409505
3,11.549876746499148,124.0,57.102523143517836,1.5433530692236146,56173.76493309187,365.7901917902696,0.94,0.94,0.6175,0.405,2.162262439614267,0.038076214119755,13.52822781255067,2.1619271633625745,0.9996540302202985,400,0.0378663204457669,3.1925946276952235
3,3.145494613696041,76.0,29.481161060414195,1.6099743314108195,301592.8219005918,884.1571276298808,0.94,0.94,0.6775,0.54,1.7540913614202895,-0.09792143439857368,14.467682140884975,1.7513560166038804,0.9985216224099485,400,0.05949872048206386,4.214717287668922
5,8.132821175403764,270.0,24.560129422240067,1.1954177733347928,57771.12679037893,287.32613287448675,0.9675,0.9675,0.8825,0.7875,2.5429549510873644,0.12033821242394724,7.820997710341452,2.540106020994074,0.9703230796653657,400,0.10353996541991463,1.5709206313735802
4,25.804802271626436,195.0,66.93880909462868,6.669901361591395,5584.68131101203,498.4465667501613,0.95,0.95,0.8225,0.705,1.2703753319173066,0.07941370094287656,4.535966681172715,1.2678907476776389,0.9995024813141802,400,0.01897815854658287,1.8252903249929235
4,6.412308875249408,120.0,23.16689516737923,4.173755919785999,131756.61913750847,1515.0022199392433,0.955,0.955,0.8225,0.695,0.9940497859420806,-0.042477954641625904,3.660226060382068,0.9931417825773722,0.9973066149241945,400,0.042908200635438584,1.880358180942457
5,9.420466637229444,232.0,13.350251051802314,0.47640615543192466,77808.12602490965,132.88924744067236,0.9125,0.9125,0.7425,0.65,4.713664373586931,0.08375102103043053,9.20603891854531,4.712920282934885,0.8781808719649631,400,0.35307683393343947,0.9966132142990392
4,11.403406509653657,432.0,16.41773996645385,11.76268019653372,36945.904312490784,2260.9420969543257,0.9525,0.9525,0.85,0.725,1.1424533108331283,-0.05120756983875038,3.9654376889662144,1.1413051091731719,0.9931951191071877,400,0.06958651514565878,1.7726920506263477
6,2.413850243289236,304.0,19.801708222442354,0.15558757773849438,1478359.763242095,189.1755417872279,0.9275,0.9275,0.8375,0.7725,8.143935972068983,0.15652832007013684,18.096476369561397,8.142431577985485,0.6859275891783605,400,0.4112744153476121,1.133923695703119
5,17.786041488595487,392.0,29.420681695345298,11.50311268060822,25194.17910615102,1825.851616052555,0.93,0.93,0.76,0.6275,1.0513060287737657,-0.010238754919298385,2.0583038709704025,1.051256169558005,0.9985195460141857,400,0.03573357135841264,0.9989525546860011
3,3.4712517158745584,245.0,21.97829251167833,36.21443837939743,173705.26284497717,15093.44035279017,0.9675,0.9675,0.7675,0.6125,0.4845031492053272,0.031539270262221274,5.538077513049938,0.4834755174992898,0.9996050956231175,400,0.022044621935388423,5.844245777264701
3,17.848956463320775,170.0,52.24695341015193,15.190388281638464,20866.923340760928,2194.310520400165,0.935,0.935,0.6125,0.4425,0.6736945112102797,-0.03348443838637159,4.607881049443405,0.6728618631047587,0.9999519212158487,400,0.012894426703153496,3.4939708252386925
4,3.5616448642418277,120.0,52.62262820771821,0.3882277156943089,564762.0700875903,291.7556648812534,0.9225,0.9225,0.785,0.7,3.8378586017681355,-0.0037238929400824185,13.133361402242636,3.8378567951119598,0.9934750541151838,400,0.07293171649692011,1.7459470091523988
5,15.055224285926858,360.0,43.02007740923626,408.3730663786,20442.242725013184,58387.699131626425,0.95,0.95,0.8075,0.725,0.18515486657541202,-0.005379617918086428,0.44450020763725806,0.18507669849987607,0.999968494458376,400,0.004303917559563943,1.2253612802761484
5,19.027087038234434,235.0,64.68222770983053,218.29414414100253,19249.512467830595,30286.699807913337,0.9225,0.9225,0.7775,0.665,0.21996470041908706,0.011815989441615856,0.4607033976585315,0.2196471074791889,0.9999850262477512,400,0.003400697660041421,1.0701381712012064
3,20.064552076248344,76.0,15.31123952462896,0.867346120565226,8724.539844604116,81.01467712841828,0.9375,0.9375,0.6625,0.47,2.570706549509703,0.007105365961704972,19.316594832013095,2.5706967299677017,0.9897963414172405,400,0.1678966974146399,3.833748808892411
4,2.969087830732903,185.0,65.44274397095795,0.7895571497973678,667247.329706511,644.951404492189,0.9225,0.9225,0.725,0.61,3.1521055309686874,0.18257636958476298,9.27949275429538,3.1468134910783383,0.9978791550329638,400,0.048165852158759154,1.5045172178602024
4,7.453147046160762,235.0,24.570579601972593,11.812111657833407,79184.82617457316,3323.904423569507,0.9575,0.9575,0.8675,0.7875,0.8799842279786535,-0.025634640257513795,4.019680880548899,0.8796107700057195,0.9971137644703345,400,0.03581454903522121,2.3315512520423662
6,3.6912750110748824,260.0,44.310748573272285,1.389872128097966,455064.469075622,937.586422712384,0.94,0.94,0.8675,0.8,2.5313487610132417,0.034381127283482034,5.8760291018183235,2.5311152656427933,0.9909633458035257,400,0.05712719469921393,1.18444784883339
3,23.308283619533604,200.0,59.107943681680304,4.908174565446925,11317.596675264112,522.1521938238649,0.9425,0.9425,0.66,0.475,1.4435985186305589,-0.06719879439508826,9.221247898885636,1.4420336351917007,0.9998526452325163,400,0.02442308814539225,3.2625579604684765
6,23.13050111586272,385.0,23.733870510314148,29.30660589590287,8821.195712889501,2752.512202674461,0.9725,0.9725,0.8925,0.8275,0.6203252659254856,-0.012182399067477805,1.6740971192823797,0.6202056309793431,0.9974355598278395,400,0.026136708955916303,1.3771741832762958
